0.0,80.1,-1460.0,0.0246,17.0,-262.0,0.0494,15.6,1010.0,0.0745,8.47,-369.0,0.0998,4.18,-948.0,0.125,6.27,-1090.0,0.15,10.9,1210.0,0.174,14.1,-305.0,0.2,10.8,-467.0,0.224,9.27,-989.0,0.25,8.1,1270.0,0.275,9.64,1230.0,0.3,2.99,-323.0,0.325,7.5,1290.0,0.35,5.8,-366.0,0.375,4.64,-508.0,0.4,2.88,1430.0,0.424,-0.172,1210.0,0.449,-2.26,997.0,0.474,-0.671,-397.0,0.5,-3.83,-645.0,0.524,-7.97,-1190.0,0.549,0.0681,1440.0,0.574,-2.6,1240.0,0.599,-7.54,-478.0,0.624,-7.95,1170.0,0.649,-10.5,-960.0,0.674,-11.4,-949.0,0.699,-15.5,1470.0,0.724,-15.5,1220.0,0.75,-18.3,-609.0,0.774,-20.5,-837.0,0.799,-21.7,-606.0,0.824,-22.5,-918.0,0.849,-23.5,1240.0,0.874,-20.4,-306.0,0.899,-19.7,-527.0,0.924,-22.4,-742.0,0.949,-22.4,-895.0,0.974,-25.4,1370.0,1.0,-24.6,1160.0,1.02,-22.4,1330.0,1.05,-20.1,1100.0,1.07,-20.9,-397.0,1.1,-19.4,-954.0,1.12,-19.6,1460.0,1.15,-20.5,1290.0,1.17,-18.4,1360.0,1.2,-17.1,-404.0,1.22,-17.3,-946.0,1.25,-18.8,-757.0,1.27,-18.3,1540.0,1.3,-18.5,1280.0,1.32,-15.4,-96.8,1.35,-15.7,-807.0,1.37,-17.4,-970.0,1.4,-17.9,1450.0,1.42,-19.7,-1010.0,1.45,-17.0,1380.0,1.47,-16.1,-138.0,1.5,-15.8,-675.0,1.52,-16.8,-888.0,1.55,-19.0,-1100.0,1.57,-17.8,1270.0,1.6,-17.1,-258.0,1.62,-15.1,-359.0,1.65,-20.0,-663.0,1.67,-17.3,-877.0,1.7,-17.9,1490.0,1.72,-19.0,-201.0,1.75,-17.2,1130.0,1.77,-16.5,-326.0,1.8,-16.3,-274.0,1.82,-15.8,-840.0,1.85,-17.9,-985.0,1.87,-14.6,1330.0,1.9,-16.0,1160.0,1.92,-12.5,-601.0,1.95,-13.1,-633.0,1.97,-11.6,-783.0,2.0,-11.1,1350.0,2.02,-12.3,1400.0,2.05,-10.2,-376.0,2.07,-12.5,-688.0,2.1,-11.4,-775.0,2.12,-12.3,1190.0,2.15,-11.7,-859.0,2.17,-9.58,-111.0,2.2,-10.8,-307.0,2.22,-10.4,-316.0,2.25,-12.9,-786.0,2.27,-12.8,1190.0,2.3,-11.9,1350.0,2.32,-11.8,1160.0,2.35,-12.8,-708.0,2.37,-12.7,-876.0,2.4,-12.1,1440.0,2.42,-13.9,-660.0,2.45,-15.9,-154.0,2.47,-6.89,1200.0
1.0,-24.6,1160.0,1.02,-22.4,1330.0,1.05,-20.1,1100.0,1.07,-20.9,-397.0,1.1,-19.4,-954.0,1.12,-19.6,1460.0,1.15,-20.5,1290.0,1.17,-18.4,1360.0,1.2,-17.1,-404.0,1.22,-17.3,-946.0,1.25,-18.8,-757.0,1.27,-18.3,1540.0,1.3,-18.5,1280.0,1.32,-15.4,-96.8,1.35,-15.7,-807.0,1.37,-17.4,-970.0,1.4,-17.9,1450.0,1.42,-19.7,-1010.0,1.45,-17.0,1380.0,1.47,-16.1,-138.0,1.5,-15.8,-675.0,1.52,-16.8,-888.0,1.55,-19.0,-1100.0,1.57,-17.8,1270.0,1.6,-17.1,-258.0,1.62,-15.1,-359.0,1.65,-20.0,-663.0,1.67,-17.3,-877.0,1.7,-17.9,1490.0,1.72,-19.0,-201.0,1.75,-17.2,1130.0,1.77,-16.5,-326.0,1.8,-16.3,-274.0,1.82,-15.8,-840.0,1.85,-17.9,-985.0,1.87,-14.6,1330.0,1.9,-16.0,1160.0,1.92,-12.5,-601.0,1.95,-13.1,-633.0,1.97,-11.6,-783.0,2.0,-11.1,1350.0,2.02,-12.3,1400.0,2.05,-10.2,-376.0,2.07,-12.5,-688.0,2.1,-11.4,-775.0,2.12,-12.3,1190.0,2.15,-11.7,-859.0,2.17,-9.58,-111.0,2.2,-10.8,-307.0,2.22,-10.4,-316.0,2.25,-12.9,-786.0,2.27,-12.8,1190.0,2.3,-11.9,1350.0,2.32,-11.8,1160.0,2.35,-12.8,-708.0,2.37,-12.7,-876.0,2.4,-12.1,1440.0,2.42,-13.9,-660.0,2.45,-15.9,-154.0,2.47,-6.89,1200.0,2.5,-16.9,-556.0,2.52,-14.7,-786.0,2.55,-12.7,-673.0,2.57,-12.3,-932.0,2.6,-13.2,1130.0,2.62,-11.4,1100.0,2.65,-12.2,-658.0,2.67,-10.7,-798.0,2.7,-10.3,-619.0,2.72,-10.6,1360.0,2.75,-9.84,1210.0,2.77,-10.3,-684.0,2.8,-11.0,-837.0,2.82,-7.76,1350.0,2.85,-11.6,-921.0,2.87,-6.87,1390.0,2.9,-9.64,-450.0,2.92,-12.0,-714.0,2.95,-13.2,-912.0,2.97,-9.95,-1190.0,3.0,-9.35,1180.0,3.02,-8.92,-270.0,3.05,-12.1,1090.0,3.07,-9.96,-337.0,3.1,-8.26,-508.0,3.12,-11.4,-1120.0,3.15,-7.28,1310.0,3.17,-9.2,1020.0,3.2,-9.63,-471.0,3.22,-8.56,-558.0,3.25,-9.69,-772.0,3.27,-9.58,1220.0,3.3,-13.3,-179.0,3.32,-13.8,1160.0,3.35,-13.1,-900.0,3.38,-13.0,-599.0,3.4,-10.1,-692.0,3.42,-10.5,-1020.0,3.45,-10.7,-880.0,3.47,-11.8,-441.0
2.0,-11.1,1350.0,2.02,-12.3,1400.0,2.05,-10.2,-376.0,2.07,-12.5,-688.0,2.1,-11.4,-775.0,2.12,-12.3,1190.0,2.15,-11.7,-859.0,2.17,-9.58,-111.0,2.2,-10.8,-307.0,2.22,-10.4,-316.0,2.25,-12.9,-786.0,2.27,-12.8,1190.0,2.3,-11.9,1350.0,2.32,-11.8,1160.0,2.35,-12.8,-708.0,2.37,-12.7,-876.0,2.4,-12.1,1440.0,2.42,-13.9,-660.0,2.45,-15.9,-154.0,2.47,-6.89,1200.0,2.5,-16.9,-556.0,2.52,-14.7,-786.0,2.55,-12.7,-673.0,2.57,-12.3,-932.0,2.6,-13.2,1130.0,2.62,-11.4,1100.0,2.65,-12.2,-658.0,2.67,-10.7,-798.0,2.7,-10.3,-619.0,2.72,-10.6,1360.0,2.75,-9.84,1210.0,2.77,-10.3,-684.0,2.8,-11.0,-837.0,2.82,-7.76,1350.0,2.85,-11.6,-921.0,2.87,-6.87,1390.0,2.9,-9.64,-450.0,2.92,-12.0,-714.0,2.95,-13.2,-912.0,2.97,-9.95,-1190.0,3.0,-9.35,1180.0,3.02,-8.92,-270.0,3.05,-12.1,1090.0,3.07,-9.96,-337.0,3.1,-8.26,-508.0,3.12,-11.4,-1120.0,3.15,-7.28,1310.0,3.17,-9.2,1020.0,3.2,-9.63,-471.0,3.22,-8.56,-558.0,3.25,-9.69,-772.0,3.27,-9.58,1220.0,3.3,-13.3,-179.0,3.32,-13.8,1160.0,3.35,-13.1,-900.0,3.38,-13.0,-599.0,3.4,-10.1,-692.0,3.42,-10.5,-1020.0,3.45,-10.7,-880.0,3.47,-11.8,-441.0,3.5,-12.2,-642.0,3.52,-10.0,-598.0,3.55,-8.08,-1070.0,3.57,-6.31,1310.0,3.6,-9.5,1440.0,3.63,-7.67,1260.0,3.65,-7.54,-537.0,3.67,-11.1,-861.0,3.7,-6.28,1200.0,3.73,-12.1,1290.0,3.75,-14.6,1460.0,3.78,-13.8,1230.0,3.8,-13.9,-638.0,3.83,-19.7,1400.0,3.85,-18.8,-1350.0,3.88,-20.2,1460.0,3.9,-22.9,1190.0,3.92,-20.1,-254.0,3.95,-17.5,-520.0,3.97,-16.8,-1000.0,4.0,-16.5,-835.0,4.02,-17.3,1490.0,4.05,-16.0,-348.0,4.07,-15.9,-518.0,4.1,-15.5,-449.0,4.12,-17.7,-1020.0,4.15,-13.4,-966.0,4.17,-17.4,1120.0,4.2,-18.3,1290.0,4.22,-19.3,-478.0,4.25,-18.2,-728.0,4.27,-16.6,-906.0,4.3,-20.3,-1130.0,4.32,-19.4,-445.0,4.35,-14.1,-296.0,4.37,-23.2,1070.0,4.4,-21.7,-724.0,4.42,-18.4,-945.0,4.45,-19.1,1470.0,4.47,-18.9,1160.0
3.0,-9.35,1180.0,3.02,-8.92,-270.0,3.05,-12.1,1090.0,3.07,-9.96,-337.0,3.1,-8.26,-508.0,3.12,-11.4,-1120.0,3.15,-7.28,1310.0,3.17,-9.2,1020.0,3.2,-9.63,-471.0,3.22,-8.56,-558.0,3.25,-9.69,-772.0,3.27,-9.58,1220.0,3.3,-13.3,-179.0,3.32,-13.8,1160.0,3.35,-13.1,-900.0,3.38,-13.0,-599.0,3.4,-10.1,-692.0,3.42,-10.5,-1020.0,3.45,-10.7,-880.0,3.47,-11.8,-441.0,3.5,-12.2,-642.0,3.52,-10.0,-598.0,3.55,-8.08,-1070.0,3.57,-6.31,1310.0,3.6,-9.5,1440.0,3.63,-7.67,1260.0,3.65,-7.54,-537.0,3.67,-11.1,-861.0,3.7,-6.28,1200.0,3.73,-12.1,1290.0,3.75,-14.6,1460.0,3.78,-13.8,1230.0,3.8,-13.9,-638.0,3.83,-19.7,1400.0,3.85,-18.8,-1350.0,3.88,-20.2,1460.0,3.9,-22.9,1190.0,3.92,-20.1,-254.0,3.95,-17.5,-520.0,3.97,-16.8,-1000.0,4.0,-16.5,-835.0,4.02,-17.3,1490.0,4.05,-16.0,-348.0,4.07,-15.9,-518.0,4.1,-15.5,-449.0,4.12,-17.7,-1020.0,4.15,-13.4,-966.0,4.17,-17.4,1120.0,4.2,-18.3,1290.0,4.22,-19.3,-478.0,4.25,-18.2,-728.0,4.27,-16.6,-906.0,4.3,-20.3,-1130.0,4.32,-19.4,-445.0,4.35,-14.1,-296.0,4.37,-23.2,1070.0,4.4,-21.7,-724.0,4.42,-18.4,-945.0,4.45,-19.1,1470.0,4.47,-18.9,1160.0,4.5,-18.9,-573.0,4.52,-15.4,-485.0,4.55,-17.1,-1020.0,4.57,-15.3,1390.0,4.6,-18.1,1490.0,4.62,-21.6,-280.0,4.65,-25.9,1040.0,4.67,-16.3,-745.0,4.7,-20.0,-942.0,4.72,-27.0,-1200.0,4.75,-21.7,1230.0,4.77,-24.4,-394.0,4.8,-26.5,-467.0,4.82,-27.0,-722.0,4.85,-26.9,-924.0,4.87,-23.8,1390.0,4.9,-26.5,1180.0,4.92,-26.6,-373.0,4.95,-26.0,1090.0,5.0,-22.2,1310.0,5.02,-22.7,1350.0,5.05,-21.8,1190.0,5.07,-20.8,-573.0,5.1,-22.4,1150.0,5.12,-22.0,-598.0,5.15,-19.1,1380.0,5.17,-24.8,-1070.0,5.2,-22.4,-930.0,5.22,-23.4,-522.0,5.25,-24.6,-748.0,5.27,-24.2,-942.0,5.3,-25.4,1440.0,5.32,-23.0,1530.0,5.35,-26.7,-262.0,5.37,-25.5,-750.0,5.4,-23.8,-672.0,5.42,-25.9,1320.0,5.45,-25.1,1440.0,5.47,-28.6,1290.0,5.5,-25.6,-217.0
4.0,-16.5,-835.0,4.02,-17.3,1490.0,4.05,-16.0,-348.0,4.07,-15.9,-518.0,4.1,-15.5,-449.0,4.12,-17.7,-1020.0,4.15,-13.4,-966.0,4.17,-17.4,1120.0,4.2,-18.3,1290.0,4.22,-19.3,-478.0,4.25,-18.2,-728.0,4.27,-16.6,-906.0,4.3,-20.3,-1130.0,4.32,-19.4,-445.0,4.35,-14.1,-296.0,4.37,-23.2,1070.0,4.4,-21.7,-724.0,4.42,-18.4,-945.0,4.45,-19.1,1470.0,4.47,-18.9,1160.0,4.5,-18.9,-573.0,4.52,-15.4,-485.0,4.55,-17.1,-1020.0,4.57,-15.3,1390.0,4.6,-18.1,1490.0,4.62,-21.6,-280.0,4.65,-25.9,1040.0,4.67,-16.3,-745.0,4.7,-20.0,-942.0,4.72,-27.0,-1200.0,4.75,-21.7,1230.0,4.77,-24.4,-394.0,4.8,-26.5,-467.0,4.82,-27.0,-722.0,4.85,-26.9,-924.0,4.87,-23.8,1390.0,4.9,-26.5,1180.0,4.92,-26.6,-373.0,4.95,-26.0,1090.0,5.0,-22.2,1310.0,5.02,-22.7,1350.0,5.05,-21.8,1190.0,5.07,-20.8,-573.0,5.1,-22.4,1150.0,5.12,-22.0,-598.0,5.15,-19.1,1380.0,5.17,-24.8,-1070.0,5.2,-22.4,-930.0,5.22,-23.4,-522.0,5.25,-24.6,-748.0,5.27,-24.2,-942.0,5.3,-25.4,1440.0,5.32,-23.0,1530.0,5.35,-26.7,-262.0,5.37,-25.5,-750.0,5.4,-23.8,-672.0,5.42,-25.9,1320.0,5.45,-25.1,1440.0,5.47,-28.6,1290.0,5.5,-25.6,-217.0,5.52,-26.8,-522.0,5.55,-27.5,-625.0,5.57,-26.1,-835.0,5.6,-27.6,-1010.0,5.62,-27.4,1330.0,5.65,-30.9,1120.0,5.67,-28.1,-394.0,5.72,-29.8,-1130.0,5.75,-25.5,-951.0,5.77,-27.5,-220.0,5.8,-27.3,-703.0,5.82,-27.7,-344.0,5.85,-25.0,-481.0,5.87,-22.5,1410.0,5.9,-23.0,1280.0,5.92,-23.6,1060.0,5.95,-23.4,-432.0,5.97,-23.2,-624.0,6.0,-26.1,-830.0,6.02,-29.4,1220.0,6.05,-25.1,-1220.0,6.07,-24.3,-488.0,6.1,-22.1,-692.0,6.12,-23.6,-905.0,6.15,-23.6,-762.0,6.17,-27.1,1290.0,6.2,-23.5,-1150.0,6.22,-23.2,1230.0,6.25,-22.3,-321.0,6.27,-21.3,-862.0,6.3,-23.6,-1070.0,6.32,-23.1,-1010.0,6.37,-23.4,1220.0,6.4,-23.0,-553.0,6.42,-23.0,-453.0,6.45,-23.1,-1020.0,6.47,-23.7,-336.0,6.5,-24.6,1120.0,6.52,-23.5,1180.0,6.55,-26.7,-512.0
5.02,-22.7,1350.0,5.05,-21.8,1190.0,5.07,-20.8,-573.0,5.1,-22.4,1150.0,5.12,-22.0,-598.0,5.15,-19.1,1380.0,5.17,-24.8,-1070.0,5.2,-22.4,-930.0,5.22,-23.4,-522.0,5.25,-24.6,-748.0,5.27,-24.2,-942.0,5.3,-25.4,1440.0,5.32,-23.0,1530.0,5.35,-26.7,-262.0,5.37,-25.5,-750.0,5.4,-23.8,-672.0,5.42,-25.9,1320.0,5.45,-25.1,1440.0,5.47,-28.6,1290.0,5.5,-25.6,-217.0,5.52,-26.8,-522.0,5.55,-27.5,-625.0,5.57,-26.1,-835.0,5.6,-27.6,-1010.0,5.62,-27.4,1330.0,5.65,-30.9,1120.0,5.67,-28.1,-394.0,5.72,-29.8,-1130.0,5.75,-25.5,-951.0,5.77,-27.5,-220.0,5.8,-27.3,-703.0,5.82,-27.7,-344.0,5.85,-25.0,-481.0,5.87,-22.5,1410.0,5.9,-23.0,1280.0,5.92,-23.6,1060.0,5.95,-23.4,-432.0,5.97,-23.2,-624.0,6.0,-26.1,-830.0,6.02,-29.4,1220.0,6.05,-25.1,-1220.0,6.07,-24.3,-488.0,6.1,-22.1,-692.0,6.12,-23.6,-905.0,6.15,-23.6,-762.0,6.17,-27.1,1290.0,6.2,-23.5,-1150.0,6.22,-23.2,1230.0,6.25,-22.3,-321.0,6.27,-21.3,-862.0,6.3,-23.6,-1070.0,6.32,-23.1,-1010.0,6.37,-23.4,1220.0,6.4,-23.0,-553.0,6.42,-23.0,-453.0,6.45,-23.1,-1020.0,6.47,-23.7,-336.0,6.5,-24.6,1120.0,6.52,-23.5,1180.0,6.55,-26.7,-512.0,6.57,-22.8,1360.0,6.6,-26.6,-920.0,6.62,-24.2,-207.0,6.65,-20.9,1250.0,6.67,-23.5,-642.0,6.7,-22.0,-565.0,6.72,-20.7,-996.0,6.75,-21.4,1340.0,6.77,-18.7,1100.0,6.8,-17.3,-521.0,6.82,-17.9,-271.0,6.85,-20.8,-804.0,6.87,-20.4,-995.0,6.9,-17.5,-883.0,6.92,-20.1,1160.0,6.95,-21.2,-396.0,6.97,-24.9,-595.0,7.0,-24.5,-800.0,7.02,-24.6,-1000.0,7.05,-22.8,1460.0,7.07,-22.1,-1060.0,7.1,-21.7,-229.0,7.12,-28.7,1180.0,7.15,-20.9,-718.0,7.17,-19.0,-914.0,7.2,-18.6,1400.0,7.22,-21.7,1260.0,7.25,-21.2,-227.0,7.27,-20.3,-837.0,7.3,-21.2,-996.0,7.32,-20.5,-868.0,7.35,-20.0,1450.0,7.37,-23.1,-268.0,7.4,-20.3,-502.0,7.42,-22.6,-794.0,7.45,-20.4,-988.0,7.47,-22.7,-1030.0,7.5,-19.3,-1010.0,7.53,-22.7,-174.0,7.55,-22.7,-456.0
6.05,-25.1,-1220.0,6.07,-24.3,-488.0,6.1,-22.1,-692.0,6.12,-23.6,-905.0,6.15,-23.6,-762.0,6.17,-27.1,1290.0,6.2,-23.5,-1150.0,6.22,-23.2,1230.0,6.25,-22.3,-321.0,6.27,-21.3,-862.0,6.3,-23.6,-1070.0,6.32,-23.1,-1010.0,6.37,-23.4,1220.0,6.4,-23.0,-553.0,6.42,-23.0,-453.0,6.45,-23.1,-1020.0,6.47,-23.7,-336.0,6.5,-24.6,1120.0,6.52,-23.5,1180.0,6.55,-26.7,-512.0,6.57,-22.8,1360.0,6.6,-26.6,-920.0,6.62,-24.2,-207.0,6.65,-20.9,1250.0,6.67,-23.5,-642.0,6.7,-22.0,-565.0,6.72,-20.7,-996.0,6.75,-21.4,1340.0,6.77,-18.7,1100.0,6.8,-17.3,-521.0,6.82,-17.9,-271.0,6.85,-20.8,-804.0,6.87,-20.4,-995.0,6.9,-17.5,-883.0,6.92,-20.1,1160.0,6.95,-21.2,-396.0,6.97,-24.9,-595.0,7.0,-24.5,-800.0,7.02,-24.6,-1000.0,7.05,-22.8,1460.0,7.07,-22.1,-1060.0,7.1,-21.7,-229.0,7.12,-28.7,1180.0,7.15,-20.9,-718.0,7.17,-19.0,-914.0,7.2,-18.6,1400.0,7.22,-21.7,1260.0,7.25,-21.2,-227.0,7.27,-20.3,-837.0,7.3,-21.2,-996.0,7.32,-20.5,-868.0,7.35,-20.0,1450.0,7.37,-23.1,-268.0,7.4,-20.3,-502.0,7.42,-22.6,-794.0,7.45,-20.4,-988.0,7.47,-22.7,-1030.0,7.5,-19.3,-1010.0,7.53,-22.7,-174.0,7.55,-22.7,-456.0,7.57,-23.1,-360.0,7.6,-20.2,1350.0,7.62,-20.6,-1080.0,7.65,-22.1,1230.0,7.67,-20.4,1320.0,7.7,-21.0,-693.0,7.72,-21.2,-629.0,7.75,-21.9,1380.0,7.77,-21.3,-1080.0,7.8,-23.3,1260.0,7.82,-25.2,1120.0,7.85,-20.8,-695.0,7.88,-21.0,-564.0,7.9,-19.5,-728.0,7.92,-20.5,-1320.0,7.95,-20.2,1040.0,7.97,-20.2,-386.0,8.0,-17.8,-327.0,8.03,-16.3,-848.0,8.05,-15.3,1420.0,8.08,-15.2,1260.0,8.1,-11.7,1120.0,8.13,-9.61,-372.0,8.15,-8.92,-586.0,8.18,-8.56,-857.0,8.2,-8.33,-955.0,8.23,-6.5,1270.0,8.25,-12.8,-1110.0,8.27,-9.68,-726.0,8.3,-8.75,-557.0,8.32,-7.31,-817.0,8.35,-11.8,1230.0,8.38,-11.2,1350.0,8.4,-10.4,-485.0,8.42,-11.9,-688.0,8.45,-10.1,-840.0,8.47,-9.04,1480.0,8.5,-6.13,1330.0,8.52,-7.54,1060.0,8.55,-4.48,851.0
7.07,-22.1,-1060.0,7.1,-21.7,-229.0,7.12,-28.7,1180.0,7.15,-20.9,-718.0,7.17,-19.0,-914.0,7.2,-18.6,1400.0,7.22,-21.7,1260.0,7.25,-21.2,-227.0,7.27,-20.3,-837.0,7.3,-21.2,-996.0,7.32,-20.5,-868.0,7.35,-20.0,1450.0,7.37,-23.1,-268.0,7.4,-20.3,-502.0,7.42,-22.6,-794.0,7.45,-20.4,-988.0,7.47,-22.7,-1030.0,7.5,-19.3,-1010.0,7.53,-22.7,-174.0,7.55,-22.7,-456.0,7.57,-23.1,-360.0,7.6,-20.2,1350.0,7.62,-20.6,-1080.0,7.65,-22.1,1230.0,7.67,-20.4,1320.0,7.7,-21.0,-693.0,7.72,-21.2,-629.0,7.75,-21.9,1380.0,7.77,-21.3,-1080.0,7.8,-23.3,1260.0,7.82,-25.2,1120.0,7.85,-20.8,-695.0,7.88,-21.0,-564.0,7.9,-19.5,-728.0,7.92,-20.5,-1320.0,7.95,-20.2,1040.0,7.97,-20.2,-386.0,8.0,-17.8,-327.0,8.03,-16.3,-848.0,8.05,-15.3,1420.0,8.08,-15.2,1260.0,8.1,-11.7,1120.0,8.13,-9.61,-372.0,8.15,-8.92,-586.0,8.18,-8.56,-857.0,8.2,-8.33,-955.0,8.23,-6.5,1270.0,8.25,-12.8,-1110.0,8.27,-9.68,-726.0,8.3,-8.75,-557.0,8.32,-7.31,-817.0,8.35,-11.8,1230.0,8.38,-11.2,1350.0,8.4,-10.4,-485.0,8.42,-11.9,-688.0,8.45,-10.1,-840.0,8.47,-9.04,1480.0,8.5,-6.13,1330.0,8.52,-7.54,1060.0,8.55,-4.48,851.0,8.57,3.43,-578.0,8.6,-2.97,-794.0,8.63,-0.299,-1040.0,8.65,-1.78,-298.0,8.67,-2.08,1120.0,8.7,-1.09,-357.0,8.73,-2.65,-519.0,8.75,-3.39,-408.0,8.78,-1.98,1200.0,8.8,-1.98,1380.0,8.83,-1.76,-374.0,8.85,0.911,-262.0,8.88,3.36,-783.0,8.9,3.55,-753.0,8.92,6.55,-946.0,8.95,5.95,1090.0,8.98,4.91,904.0,9.0,1.52,-597.0,9.03,3.55,-469.0,9.05,4.01,-895.0,9.08,3.62,-890.0,9.1,3.63,1210.0,9.13,10.0,1340.0,9.15,13.6,-591.0,9.18,14.0,-795.0,9.2,12.8,-895.0,9.23,15.1,1060.0,9.28,13.5,-297.0,9.3,18.9,-772.0,9.33,21.9,-932.0,9.35,24.1,-865.0,9.38,26.6,1400.0,9.4,25.3,1250.0,9.43,26.3,1000.0,9.45,24.8,884.0,9.47,30.8,-614.0,9.5,30.5,1380.0,9.53,31.0,-1010.0,9.55,31.6,-387.0,9.58,31.5,-588.0
2424314631.0,-19.3,996.0,2424339543.0,-18.6,-391.0,2424364492.0,-21.0,-842.0,2424389404.0,-21.3,-750.0,2424414712.0,-22.4,1310.0,2424439816.0,-24.9,-185.0,2424464679.0,-23.1,1120.0,2424489573.0,-21.3,-612.0,2424514556.0,-24.6,1080.0,2424539933.0,-27.0,1480.0,2424565261.0,-25.8,1330.0,2424590021.0,-23.2,1120.0,2424614941.0,-21.2,847.0,2424639884.0,-23.4,-542.0,2424665100.0,-22.1,-722.0,2424690181.0,-24.1,-1030.0,2424715482.0,-22.0,1340.0,2424740251.0,-24.1,-429.0,2424765259.0,-22.3,-302.0,2424790412.0,-25.8,-831.0,2424815255.0,-24.5,-710.0,2424840020.0,-25.8,1270.0,2424864803.0,-23.0,1490.0,2424889806.0,-22.7,-363.0,2424914995.0,-21.6,1030.0,2424940095.0,-29.1,-745.0,2424965376.0,-27.0,-653.0,2424990198.0,-27.9,1320.0,2425015093.0,-24.6,1180.0,2425039953.0,-27.8,-325.0,2425065102.0,-27.6,-190.0,2425090311.0,-29.1,-784.0,2425115127.0,-28.0,-937.0,2425140106.0,-28.9,1380.0,2425165016.0,-27.1,1250.0,2425190027.0,-27.9,975.0,2425215070.0,-27.8,-457.0,2425239870.0,-32.4,-677.0,2425264461.0,-25.7,-893.0,2425289711.0,-27.7,1100.0,2425315126.0,-27.2,1240.0,2425340106.0,-27.1,-533.0,2425364884.0,-25.1,-420.0,2425389889.0,-26.8,-623.0,2425414821.0,-24.5,1360.0,2425440286.0,-31.1,1510.0,2425465655.0,-28.1,-207.0,2425490543.0,-29.8,-461.0,2425515492.0,-29.0,-674.0,2425540350.0,-30.7,-499.0,2425565213.0,-27.2,1430.0,2425590467.0,-30.0,1240.0,2425615337.0,-28.4,1340.0,2425640186.0,-28.7,-478.0,2425665067.0,-26.7,-617.0,2425690276.0,-24.9,-839.0,2425715124.0,-26.3,1460.0,2425739665.0,-26.0,1360.0,2425764456.0,-23.2,1160.0,2425789654.0,-25.7,-703.0,2425814851.0,-25.9,-581.0,2425839982.0,-25.4,1420.0,2425864530.0,-23.4,-950.0,2425889523.0,-24.1,-193.0,2425915011.0,-26.7,1140.0,2425940100.0,-26.9,-633.0,2425965204.0,-24.4,-788.0,2425990462.0,-28.4,-991.0,2426014915.0,-24.7,1260.0,2426040110.0,-26.3,1060.0,2426064907.0,-27.0,-375.0,2426090005.0,-29.2,-582.0,2426114905.0,-31.0,-739.0,2426139870.0,-31.2,-663.0,2426164623.0,-24.3,-883.0,2426189836.0,-29.6,1150.0,2426214689.0,-27.9,902.0,2426240139.0,-29.2,-513.0,2426264649.0,-26.5,-737.0,2426290074.0,-28.7,-836.0,2426314878.0,-29.3,-762.0,2426339806.0,-27.9,1180.0,2426364623.0,-27.5,-323.0,2426389548.0,-25.5,-428.0,2426414717.0,-27.7,-627.0,2426439827.0,-27.1,-987.0,2426464804.0,-25.6,1430.0,2426490173.0,-28.8,1240.0,2426514704.0,-29.5,-212.0,2426540040.0,-27.0,-687.0,2426565233.0,-30.0,-1010.0,2426590154.0,-29.9,1390.0,2426614989.0,-28.9,1500.0,2426640037.0,-29.0,-266.0,2426664650.0,-28.7,-443.0,2426690058.0,-31.0,-680.0,2426715161.0,-31.8,-549.0,2426740250.0,-32.4,1380.0,2426764823.0,-31.8,1230.0,2426790087.0,-31.9,1040.0
2425315126.0,-27.2,1240.0,2425340106.0,-27.1,-533.0,2425364884.0,-25.1,-420.0,2425389889.0,-26.8,-623.0,2425414821.0,-24.5,1360.0,2425440286.0,-31.1,1510.0,2425465655.0,-28.1,-207.0,2425490543.0,-29.8,-461.0,2425515492.0,-29.0,-674.0,2425540350.0,-30.7,-499.0,2425565213.0,-27.2,1430.0,2425590467.0,-30.0,1240.0,2425615337.0,-28.4,1340.0,2425640186.0,-28.7,-478.0,2425665067.0,-26.7,-617.0,2425690276.0,-24.9,-839.0,2425715124.0,-26.3,1460.0,2425739665.0,-26.0,1360.0,2425764456.0,-23.2,1160.0,2425789654.0,-25.7,-703.0,2425814851.0,-25.9,-581.0,2425839982.0,-25.4,1420.0,2425864530.0,-23.4,-950.0,2425889523.0,-24.1,-193.0,2425915011.0,-26.7,1140.0,2425940100.0,-26.9,-633.0,2425965204.0,-24.4,-788.0,2425990462.0,-28.4,-991.0,2426014915.0,-24.7,1260.0,2426040110.0,-26.3,1060.0,2426064907.0,-27.0,-375.0,2426090005.0,-29.2,-582.0,2426114905.0,-31.0,-739.0,2426139870.0,-31.2,-663.0,2426164623.0,-24.3,-883.0,2426189836.0,-29.6,1150.0,2426214689.0,-27.9,902.0,2426240139.0,-29.2,-513.0,2426264649.0,-26.5,-737.0,2426290074.0,-28.7,-836.0,2426314878.0,-29.3,-762.0,2426339806.0,-27.9,1180.0,2426364623.0,-27.5,-323.0,2426389548.0,-25.5,-428.0,2426414717.0,-27.7,-627.0,2426439827.0,-27.1,-987.0,2426464804.0,-25.6,1430.0,2426490173.0,-28.8,1240.0,2426514704.0,-29.5,-212.0,2426540040.0,-27.0,-687.0,2426565233.0,-30.0,-1010.0,2426590154.0,-29.9,1390.0,2426614989.0,-28.9,1500.0,2426640037.0,-29.0,-266.0,2426664650.0,-28.7,-443.0,2426690058.0,-31.0,-680.0,2426715161.0,-31.8,-549.0,2426740250.0,-32.4,1380.0,2426764823.0,-31.8,1230.0,2426790087.0,-31.9,1040.0,2426815328.0,-33.5,1140.0,2426840057.0,-34.3,-565.0,2426865013.0,-33.5,-847.0,2426889923.0,-35.4,1450.0,2426914683.0,-31.5,1280.0,2426940005.0,-31.3,1130.0,2426965097.0,-33.1,-336.0,2426989917.0,-31.9,-617.0,2427014437.0,-33.1,1410.0,2427039812.0,-32.3,-968.0,2427064590.0,-35.1,-175.0,2427089579.0,-33.9,-463.0,2427114461.0,-31.7,-629.0,2427139500.0,-32.7,-574.0,2427164389.0,-31.9,1480.0,2427189512.0,-32.6,-925.0,2427214946.0,-34.4,-795.0,2427239983.0,-32.5,-417.0,2427264656.0,-31.3,-306.0,2427289904.0,-32.9,-835.0,2427314873.0,-33.9,-1300.0,2427339964.0,-31.4,972.0,2427364800.0,-35.5,1140.0,2427389716.0,-32.5,1240.0,2427414481.0,-33.7,-515.0,2427439690.0,-33.7,-726.0,2427464926.0,-35.7,-654.0,2427489711.0,-36.4,1400.0,2427514311.0,-36.1,1180.0,2427539354.0,-35.2,-313.0,2427564183.0,-36.2,-708.0,2427589324.0,-33.7,-665.0,2427614233.0,-34.6,1370.0,2427639362.0,-34.9,-1130.0,2427664278.0,-36.2,-323.0,2427689528.0,-34.2,-249.0,2427714859.0,-36.6,-446.0,2427739715.0,-35.3,-983.0,2427764671.0,-33.5,-1190.0,2427789883.0,-34.9,-1060.0
2426314878.0,-29.3,-762.0,2426339806.0,-27.9,1180.0,2426364623.0,-27.5,-323.0,2426389548.0,-25.5,-428.0,2426414717.0,-27.7,-627.0,2426439827.0,-27.1,-987.0,2426464804.0,-25.6,1430.0,2426490173.0,-28.8,1240.0,2426514704.0,-29.5,-212.0,2426540040.0,-27.0,-687.0,2426565233.0,-30.0,-1010.0,2426590154.0,-29.9,1390.0,2426614989.0,-28.9,1500.0,2426640037.0,-29.0,-266.0,2426664650.0,-28.7,-443.0,2426690058.0,-31.0,-680.0,2426715161.0,-31.8,-549.0,2426740250.0,-32.4,1380.0,2426764823.0,-31.8,1230.0,2426790087.0,-31.9,1040.0,2426815328.0,-33.5,1140.0,2426840057.0,-34.3,-565.0,2426865013.0,-33.5,-847.0,2426889923.0,-35.4,1450.0,2426914683.0,-31.5,1280.0,2426940005.0,-31.3,1130.0,2426965097.0,-33.1,-336.0,2426989917.0,-31.9,-617.0,2427014437.0,-33.1,1410.0,2427039812.0,-32.3,-968.0,2427064590.0,-35.1,-175.0,2427089579.0,-33.9,-463.0,2427114461.0,-31.7,-629.0,2427139500.0,-32.7,-574.0,2427164389.0,-31.9,1480.0,2427189512.0,-32.6,-925.0,2427214946.0,-34.4,-795.0,2427239983.0,-32.5,-417.0,2427264656.0,-31.3,-306.0,2427289904.0,-32.9,-835.0,2427314873.0,-33.9,-1300.0,2427339964.0,-31.4,972.0,2427364800.0,-35.5,1140.0,2427389716.0,-32.5,1240.0,2427414481.0,-33.7,-515.0,2427439690.0,-33.7,-726.0,2427464926.0,-35.7,-654.0,2427489711.0,-36.4,1400.0,2427514311.0,-36.1,1180.0,2427539354.0,-35.2,-313.0,2427564183.0,-36.2,-708.0,2427589324.0,-33.7,-665.0,2427614233.0,-34.6,1370.0,2427639362.0,-34.9,-1130.0,2427664278.0,-36.2,-323.0,2427689528.0,-34.2,-249.0,2427714859.0,-36.6,-446.0,2427739715.0,-35.3,-983.0,2427764671.0,-33.5,-1190.0,2427789883.0,-34.9,-1060.0,2427814716.0,-37.0,1310.0,2427839879.0,-37.0,-509.0,2427864714.0,-35.5,-643.0,2427889491.0,-33.8,-923.0,2427914296.0,-36.2,1440.0,2427939625.0,-33.6,1240.0,2427964626.0,-32.8,992.0,2427989501.0,-34.2,-786.0,2428014140.0,-34.4,-613.0,2428039283.0,-32.6,1380.0,2428063833.0,-32.0,1150.0,2428089017.0,-31.2,1290.0,2428113898.0,-33.5,-471.0,2428138987.0,-32.0,-409.0,2428163957.0,-35.2,-945.0,2428189136.0,-34.3,-1100.0,2428214507.0,-34.2,1230.0,2428239342.0,-34.2,1250.0,2428264732.0,-36.7,-463.0,2428290102.0,-32.7,-321.0,2428315182.0,-35.5,-852.0,2428340151.0,-36.4,-731.0,2428365107.0,-36.5,1320.0,2428390355.0,-35.9,1450.0,2428415531.0,-34.5,942.0,2428440279.0,-34.3,-575.0,2428465361.0,-35.9,-778.0,2428490409.0,-35.4,-1040.0,2428515178.0,-37.4,-879.0,2428540088.0,-33.1,1180.0,2428590468.0,-35.3,-836.0,2428615243.0,-35.0,-1050.0,2428640436.0,-33.1,1330.0,2428665412.0,-37.4,1450.0,2428690281.0,-33.7,-386.0,2428715579.0,-35.9,-246.0,2428740028.0,-34.1,-406.0,2428765297.0,-34.8,-891.0,2428790501.0,-34.7,1390.0,2428815662.0,-36.4,-1070.0
2427314873.0,-33.9,-1300.0,2427339964.0,-31.4,972.0,2427364800.0,-35.5,1140.0,2427389716.0,-32.5,1240.0,2427414481.0,-33.7,-515.0,2427439690.0,-33.7,-726.0,2427464926.0,-35.7,-654.0,2427489711.0,-36.4,1400.0,2427514311.0,-36.1,1180.0,2427539354.0,-35.2,-313.0,2427564183.0,-36.2,-708.0,2427589324.0,-33.7,-665.0,2427614233.0,-34.6,1370.0,2427639362.0,-34.9,-1130.0,2427664278.0,-36.2,-323.0,2427689528.0,-34.2,-249.0,2427714859.0,-36.6,-446.0,2427739715.0,-35.3,-983.0,2427764671.0,-33.5,-1190.0,2427789883.0,-34.9,-1060.0,2427814716.0,-37.0,1310.0,2427839879.0,-37.0,-509.0,2427864714.0,-35.5,-643.0,2427889491.0,-33.8,-923.0,2427914296.0,-36.2,1440.0,2427939625.0,-33.6,1240.0,2427964626.0,-32.8,992.0,2427989501.0,-34.2,-786.0,2428014140.0,-34.4,-613.0,2428039283.0,-32.6,1380.0,2428063833.0,-32.0,1150.0,2428089017.0,-31.2,1290.0,2428113898.0,-33.5,-471.0,2428138987.0,-32.0,-409.0,2428163957.0,-35.2,-945.0,2428189136.0,-34.3,-1100.0,2428214507.0,-34.2,1230.0,2428239342.0,-34.2,1250.0,2428264732.0,-36.7,-463.0,2428290102.0,-32.7,-321.0,2428315182.0,-35.5,-852.0,2428340151.0,-36.4,-731.0,2428365107.0,-36.5,1320.0,2428390355.0,-35.9,1450.0,2428415531.0,-34.5,942.0,2428440279.0,-34.3,-575.0,2428465361.0,-35.9,-778.0,2428490409.0,-35.4,-1040.0,2428515178.0,-37.4,-879.0,2428540088.0,-33.1,1180.0,2428590468.0,-35.3,-836.0,2428615243.0,-35.0,-1050.0,2428640436.0,-33.1,1330.0,2428665412.0,-37.4,1450.0,2428690281.0,-33.7,-386.0,2428715579.0,-35.9,-246.0,2428740028.0,-34.1,-406.0,2428765297.0,-34.8,-891.0,2428790501.0,-34.7,1390.0,2428815662.0,-36.4,-1070.0,2428840327.0,-31.9,-319.0,2428865164.0,-36.0,-519.0,2428890400.0,-33.3,-725.0,2428915563.0,-35.6,-865.0,2428940300.0,-34.7,-749.0,2428965489.0,-34.3,-938.0,2428990065.0,-33.0,-1120.0,2429015205.0,-32.9,1160.0,2429040236.0,-33.5,-663.0,2429065505.0,-35.5,-801.0,2429090704.0,-32.0,1190.0,2429115456.0,-34.3,1370.0,2429140441.0,-33.7,1100.0,2429165538.0,-36.8,-329.0,2429190832.0,-30.6,-581.0,2429216127.0,-38.7,-1110.0,2429240578.0,-32.7,1190.0,2429265114.0,-34.8,1300.0,2429290357.0,-33.0,-1040.0,2429315254.0,-35.2,-667.0,2429340043.0,-33.8,-541.0,2429364836.0,-31.8,1490.0,2429389656.0,-32.2,1230.0,2429414871.0,-35.7,1090.0,2429439936.0,-31.7,-455.0,2429465059.0,-34.6,-668.0,2429490020.0,-33.2,-745.0,2429515294.0,-36.9,-695.0,2429540306.0,-34.3,-1160.0,2429565497.0,-36.2,1220.0,2429590418.0,-35.7,-280.0,2429615276.0,-34.4,-171.0,2429639958.0,-32.9,-791.0,2429665211.0,-33.8,1300.0,2429690436.0,-32.3,1430.0,2429715390.0,-34.8,-1040.0,2429739880.0,-33.3,1060.0,2429764372.0,-33.0,-502.0,2429789537.0,-31.1,-713.0,2429814720.0,-33.5,-793.0
2428315182.0,-35.5,-852.0,2428340151.0,-36.4,-731.0,2428365107.0,-36.5,1320.0,2428390355.0,-35.9,1450.0,2428415531.0,-34.5,942.0,2428440279.0,-34.3,-575.0,2428465361.0,-35.9,-778.0,2428490409.0,-35.4,-1040.0,2428515178.0,-37.4,-879.0,2428540088.0,-33.1,1180.0,2428590468.0,-35.3,-836.0,2428615243.0,-35.0,-1050.0,2428640436.0,-33.1,1330.0,2428665412.0,-37.4,1450.0,2428690281.0,-33.7,-386.0,2428715579.0,-35.9,-246.0,2428740028.0,-34.1,-406.0,2428765297.0,-34.8,-891.0,2428790501.0,-34.7,1390.0,2428815662.0,-36.4,-1070.0,2428840327.0,-31.9,-319.0,2428865164.0,-36.0,-519.0,2428890400.0,-33.3,-725.0,2428915563.0,-35.6,-865.0,2428940300.0,-34.7,-749.0,2428965489.0,-34.3,-938.0,2428990065.0,-33.0,-1120.0,2429015205.0,-32.9,1160.0,2429040236.0,-33.5,-663.0,2429065505.0,-35.5,-801.0,2429090704.0,-32.0,1190.0,2429115456.0,-34.3,1370.0,2429140441.0,-33.7,1100.0,2429165538.0,-36.8,-329.0,2429190832.0,-30.6,-581.0,2429216127.0,-38.7,-1110.0,2429240578.0,-32.7,1190.0,2429265114.0,-34.8,1300.0,2429290357.0,-33.0,-1040.0,2429315254.0,-35.2,-667.0,2429340043.0,-33.8,-541.0,2429364836.0,-31.8,1490.0,2429389656.0,-32.2,1230.0,2429414871.0,-35.7,1090.0,2429439936.0,-31.7,-455.0,2429465059.0,-34.6,-668.0,2429490020.0,-33.2,-745.0,2429515294.0,-36.9,-695.0,2429540306.0,-34.3,-1160.0,2429565497.0,-36.2,1220.0,2429590418.0,-35.7,-280.0,2429615276.0,-34.4,-171.0,2429639958.0,-32.9,-791.0,2429665211.0,-33.8,1300.0,2429690436.0,-32.3,1430.0,2429715390.0,-34.8,-1040.0,2429739880.0,-33.3,1060.0,2429764372.0,-33.0,-502.0,2429789537.0,-31.1,-713.0,2429814720.0,-33.5,-793.0,2429840139.0,-28.3,1220.0,2429864891.0,-31.7,-307.0,2429889520.0,-32.7,-170.0,2429914833.0,-30.5,-701.0,2429939921.0,-31.4,-1210.0,2429964924.0,-34.2,-1110.0,2429989499.0,-27.5,1130.0,2430014355.0,-30.7,1070.0,2430039580.0,-29.4,-487.0,2430064274.0,-34.5,-1040.0,2430089244.0,-31.9,1380.0,2430114133.0,-33.5,1460.0,2430139336.0,-31.0,1320.0,2430164299.0,-31.8,990.0,2430189383.0,-31.7,-700.0,2430214672.0,-32.7,-907.0,2430239508.0,-31.3,-591.0,2430264259.0,-33.0,1240.0,2430289181.0,-33.3,-1210.0,2430314396.0,-35.9,1120.0,2430339185.0,-33.6,-708.0,2430363820.0,-33.3,-659.0,2430388489.0,-31.1,-1130.0,2430413661.0,-33.6,-965.0,2430438914.0,-34.6,1370.0,2430464102.0,-34.3,-637.0,2430489014.0,-33.9,-599.0,2430514219.0,-35.9,-854.0,2430539530.0,-33.3,-978.0,2430564321.0,-34.6,1360.0,2430589490.0,-34.8,1090.0,2430614406.0,-36.2,-248.0,2430639719.0,-36.8,-889.0,2430664490.0,-35.7,-777.0,2430689750.0,-35.3,-861.0,2430715013.0,-39.5,-797.0,2430739908.0,-36.5,1210.0,2430764956.0,-35.9,1000.0,2430790180.0,-32.7,-749.0,2430815431.0,-34.9,-1020.0
2429340043.0,-33.8,-541.0,2429364836.0,-31.8,1490.0,2429389656.0,-32.2,1230.0,2429414871.0,-35.7,1090.0,2429439936.0,-31.7,-455.0,2429465059.0,-34.6,-668.0,2429490020.0,-33.2,-745.0,2429515294.0,-36.9,-695.0,2429540306.0,-34.3,-1160.0,2429565497.0,-36.2,1220.0,2429590418.0,-35.7,-280.0,2429615276.0,-34.4,-171.0,2429639958.0,-32.9,-791.0,2429665211.0,-33.8,1300.0,2429690436.0,-32.3,1430.0,2429715390.0,-34.8,-1040.0,2429739880.0,-33.3,1060.0,2429764372.0,-33.0,-502.0,2429789537.0,-31.1,-713.0,2429814720.0,-33.5,-793.0,2429840139.0,-28.3,1220.0,2429864891.0,-31.7,-307.0,2429889520.0,-32.7,-170.0,2429914833.0,-30.5,-701.0,2429939921.0,-31.4,-1210.0,2429964924.0,-34.2,-1110.0,2429989499.0,-27.5,1130.0,2430014355.0,-30.7,1070.0,2430039580.0,-29.4,-487.0,2430064274.0,-34.5,-1040.0,2430089244.0,-31.9,1380.0,2430114133.0,-33.5,1460.0,2430139336.0,-31.0,1320.0,2430164299.0,-31.8,990.0,2430189383.0,-31.7,-700.0,2430214672.0,-32.7,-907.0,2430239508.0,-31.3,-591.0,2430264259.0,-33.0,1240.0,2430289181.0,-33.3,-1210.0,2430314396.0,-35.9,1120.0,2430339185.0,-33.6,-708.0,2430363820.0,-33.3,-659.0,2430388489.0,-31.1,-1130.0,2430413661.0,-33.6,-965.0,2430438914.0,-34.6,1370.0,2430464102.0,-34.3,-637.0,2430489014.0,-33.9,-599.0,2430514219.0,-35.9,-854.0,2430539530.0,-33.3,-978.0,2430564321.0,-34.6,1360.0,2430589490.0,-34.8,1090.0,2430614406.0,-36.2,-248.0,2430639719.0,-36.8,-889.0,2430664490.0,-35.7,-777.0,2430689750.0,-35.3,-861.0,2430715013.0,-39.5,-797.0,2430739908.0,-36.5,1210.0,2430764956.0,-35.9,1000.0,2430790180.0,-32.7,-749.0,2430815431.0,-34.9,-1020.0,2430840309.0,-25.8,-1170.0,2430865433.0,-26.8,1160.0,2430890342.0,-17.4,1290.0,2430915555.0,-18.3,1450.0,2430940496.0,-8.15,-792.0,2430965607.0,-10.1,-916.0,2430990039.0,-1.91,1420.0,2431015320.0,-3.48,1220.0,2431040458.0,6.64,971.0,2431065489.0,3.35,-505.0,2431090707.0,10.1,-673.0,2431115781.0,8.49,1380.0,2431140537.0,17.1,1490.0,2431165566.0,19.8,-918.0,2431190786.0,23.6,1090.0,2431215526.0,22.8,-361.0,2431239996.0,26.9,-741.0,2431265047.0,25.9,-820.0,2431290295.0,26.3,-971.0,2431315347.0,23.0,1340.0,2431340408.0,24.3,-525.0,2431365219.0,22.9,-690.0,2431389942.0,25.0,-602.0,2431415204.0,26.2,-1070.0,2431440002.0,23.1,1170.0,2431464872.0,26.2,1450.0,2431489451.0,29.4,-425.0,2431514451.0,23.1,-639.0,2431539849.0,30.0,-887.0,2431564957.0,26.2,-931.0,2431589996.0,29.6,1290.0,2431615119.0,26.1,1150.0,2431640147.0,31.0,-330.0,2431665175.0,27.5,-533.0,2431690411.0,30.9,-761.0,2431715672.0,29.1,-936.0,2431740402.0,32.4,1430.0,2431765681.0,32.4,1230.0,2431790675.0,37.4,-312.0,2431815887.0,36.0,787.0
2430339185.0,-33.6,-708.0,2430363820.0,-33.3,-659.0,2430388489.0,-31.1,-1130.0,2430413661.0,-33.6,-965.0,2430438914.0,-34.6,1370.0,2430464102.0,-34.3,-637.0,2430489014.0,-33.9,-599.0,2430514219.0,-35.9,-854.0,2430539530.0,-33.3,-978.0,2430564321.0,-34.6,1360.0,2430589490.0,-34.8,1090.0,2430614406.0,-36.2,-248.0,2430639719.0,-36.8,-889.0,2430664490.0,-35.7,-777.0,2430689750.0,-35.3,-861.0,2430715013.0,-39.5,-797.0,2430739908.0,-36.5,1210.0,2430764956.0,-35.9,1000.0,2430790180.0,-32.7,-749.0,2430815431.0,-34.9,-1020.0,2430840309.0,-25.8,-1170.0,2430865433.0,-26.8,1160.0,2430890342.0,-17.4,1290.0,2430915555.0,-18.3,1450.0,2430940496.0,-8.15,-792.0,2430965607.0,-10.1,-916.0,2430990039.0,-1.91,1420.0,2431015320.0,-3.48,1220.0,2431040458.0,6.64,971.0,2431065489.0,3.35,-505.0,2431090707.0,10.1,-673.0,2431115781.0,8.49,1380.0,2431140537.0,17.1,1490.0,2431165566.0,19.8,-918.0,2431190786.0,23.6,1090.0,2431215526.0,22.8,-361.0,2431239996.0,26.9,-741.0,2431265047.0,25.9,-820.0,2431290295.0,26.3,-971.0,2431315347.0,23.0,1340.0,2431340408.0,24.3,-525.0,2431365219.0,22.9,-690.0,2431389942.0,25.0,-602.0,2431415204.0,26.2,-1070.0,2431440002.0,23.1,1170.0,2431464872.0,26.2,1450.0,2431489451.0,29.4,-425.0,2431514451.0,23.1,-639.0,2431539849.0,30.0,-887.0,2431564957.0,26.2,-931.0,2431589996.0,29.6,1290.0,2431615119.0,26.1,1150.0,2431640147.0,31.0,-330.0,2431665175.0,27.5,-533.0,2431690411.0,30.9,-761.0,2431715672.0,29.1,-936.0,2431740402.0,32.4,1430.0,2431765681.0,32.4,1230.0,2431790675.0,37.4,-312.0,2431815887.0,36.0,787.0,2431840666.0,34.2,-666.0,2431865659.0,36.2,-820.0,2431890779.0,38.7,-1070.0,2431916022.0,34.3,1250.0,2431941154.0,36.8,1110.0,2431965762.0,34.8,845.0,2431990669.0,32.9,-945.0,2432015950.0,31.5,-847.0,2432040588.0,32.3,-969.0,2432065630.0,28.0,984.0,2432090886.0,34.3,-462.0,2432115594.0,31.1,-291.0,2432140511.0,38.0,-877.0,2432165668.0,33.9,-1030.0,2432190898.0,40.3,1240.0,2432215620.0,40.1,-1210.0,2432240174.0,46.3,832.0,2432264877.0,43.4,-634.0,2432290162.0,44.8,-833.0,2432315484.0,46.9,-1060.0,2432340482.0,48.2,-275.0,2432365265.0,41.7,-467.0,2432390097.0,47.2,1090.0,2432415314.0,40.5,-538.0,2432440118.0,42.5,1390.0,2432465495.0,34.5,1310.0,2432489876.0,36.3,1360.0,2432515229.0,31.2,-367.0,2432540063.0,28.0,-545.0,2432564843.0,24.3,-816.0,2432589964.0,22.1,-929.0,2432614874.0,18.4,1300.0,2432639857.0,18.8,1110.0,2432664628.0,12.9,1210.0,2432689521.0,15.4,-876.0,2432714537.0,9.21,1650.0,2432739386.0,12.5,-961.0,2432764264.0,4.05,1410.0,2432789691.0,8.55,1170.0,2432814733.0,3.94,-288.0
2431340408.0,24.3,-525.0,2431365219.0,22.9,-690.0,2431389942.0,25.0,-602.0,2431415204.0,26.2,-1070.0,2431440002.0,23.1,1170.0,2431464872.0,26.2,1450.0,2431489451.0,29.4,-425.0,2431514451.0,23.1,-639.0,2431539849.0,30.0,-887.0,2431564957.0,26.2,-931.0,2431589996.0,29.6,1290.0,2431615119.0,26.1,1150.0,2431640147.0,31.0,-330.0,2431665175.0,27.5,-533.0,2431690411.0,30.9,-761.0,2431715672.0,29.1,-936.0,2431740402.0,32.4,1430.0,2431765681.0,32.4,1230.0,2431790675.0,37.4,-312.0,2431815887.0,36.0,787.0,2431840666.0,34.2,-666.0,2431865659.0,36.2,-820.0,2431890779.0,38.7,-1070.0,2431916022.0,34.3,1250.0,2431941154.0,36.8,1110.0,2431965762.0,34.8,845.0,2431990669.0,32.9,-945.0,2432015950.0,31.5,-847.0,2432040588.0,32.3,-969.0,2432065630.0,28.0,984.0,2432090886.0,34.3,-462.0,2432115594.0,31.1,-291.0,2432140511.0,38.0,-877.0,2432165668.0,33.9,-1030.0,2432190898.0,40.3,1240.0,2432215620.0,40.1,-1210.0,2432240174.0,46.3,832.0,2432264877.0,43.4,-634.0,2432290162.0,44.8,-833.0,2432315484.0,46.9,-1060.0,2432340482.0,48.2,-275.0,2432365265.0,41.7,-467.0,2432390097.0,47.2,1090.0,2432415314.0,40.5,-538.0,2432440118.0,42.5,1390.0,2432465495.0,34.5,1310.0,2432489876.0,36.3,1360.0,2432515229.0,31.2,-367.0,2432540063.0,28.0,-545.0,2432564843.0,24.3,-816.0,2432589964.0,22.1,-929.0,2432614874.0,18.4,1300.0,2432639857.0,18.8,1110.0,2432664628.0,12.9,1210.0,2432689521.0,15.4,-876.0,2432714537.0,9.21,1650.0,2432739386.0,12.5,-961.0,2432764264.0,4.05,1410.0,2432789691.0,8.55,1170.0,2432814733.0,3.94,-288.0,2432839973.0,7.77,-716.0,2432864871.0,7.17,-688.0,2432889815.0,5.98,1360.0,2432915114.0,4.83,1100.0,2432940197.0,7.61,1270.0,2432965027.0,3.65,-182.0,2432989798.0,7.09,-469.0,2433015026.0,6.6,-218.0,2433040208.0,7.78,-813.0,2433065287.0,4.34,1230.0,2433090649.0,6.92,-240.0,2433115820.0,9.11,-338.0,2433140737.0,5.52,-697.0,2433165846.0,5.97,-804.0,2433191181.0,5.86,-1090.0,2433215588.0,6.75,1420.0,2433240128.0,6.49,1100.0,2433265176.0,4.25,-397.0,2433290385.0,6.1,-546.0,2433315652.0,11.0,-1010.0,2433340310.0,9.3,-931.0,2433365458.0,8.7,1390.0,2433390609.0,10.7,-1110.0,2433415907.0,13.0,-510.0,2433440657.0,14.7,-850.0,2433465587.0,17.7,-997.0,2433490336.0,16.4,-985.0,2433515585.0,20.8,-816.0,2433540516.0,20.6,1130.0,2433565433.0,23.7,-621.0,2433590605.0,25.0,-422.0,2433615422.0,26.3,-660.0,2433640298.0,27.2,1310.0,2433665549.0,32.2,1200.0,2433690718.0,31.4,-414.0,2433715520.0,34.9,-509.0,2433740269.0,38.1,895.0,2433765278.0,38.3,-880.0,2433790369.0,38.9,-807.0,2433815129.0,40.7,1170.0
2436864570.0,24.4,-2040.0,2436889262.0,23.9,-1960.0,2436914167.0,24.6,76.6,2436939415.0,22.6,293.0,2436964074.0,23.7,-1630.0,2436989302.0,23.2,-1760.0,2437014291.0,23.0,-2010.0,2437039387.0,21.5,378.0,2437064517.0,23.6,274.0,2437089909.0,22.0,298.0,2437114945.0,21.1,-1520.0,2437139722.0,23.4,-2030.0,2437164600.0,21.4,306.0,2437189708.0,23.7,450.0,2437214877.0,20.7,246.0,2437240270.0,24.0,-1570.0,2437265167.0,21.4,-1720.0,2437290128.0,22.4,-2030.0,2437315416.0,20.3,-2160.0,2437340360.0,25.9,-2040.0,2437365519.0,23.0,390.0,2437390469.0,20.4,-1420.0,2437415552.0,23.4,-1660.0,2437440388.0,20.2,-1790.0,2437465600.0,24.4,-2150.0,2437490441.0,21.3,-1970.0,2437515189.0,19.3,10.8,2437540471.0,22.3,-1480.0,2437565635.0,19.9,52.6,2437590830.0,22.4,-1680.0,2437615582.0,18.7,-1900.0,2437640275.0,22.1,407.0,2437665530.0,21.2,-1520.0,2437690600.0,22.1,-1390.0,2437715680.0,22.9,-1540.0,2437740200.0,21.7,-1660.0,2437765123.0,21.2,-1960.0,2437790052.0,20.5,-1210.0,2437815362.0,17.4,251.0,2437840509.0,21.7,-1330.0,2437865565.0,21.3,-1460.0,2437890513.0,21.6,-1630.0,2437915501.0,19.4,377.0,2437940361.0,19.3,240.0,2437965381.0,19.0,-1320.0,2437990632.0,18.5,-1450.0,2438016054.0,23.1,-142.0,2438040624.0,21.9,-1980.0,2438065677.0,22.0,-2110.0,2438090874.0,22.7,152.0,2438115783.0,24.4,-1250.0,2438140491.0,20.6,-1440.0,2438165364.0,21.1,-1570.0,2438190472.0,23.5,398.0,2438215517.0,21.5,-2050.0,2438240259.0,22.3,295.0,2438265127.0,18.7,-2150.0,2438290159.0,22.5,-1440.0,2438315437.0,25.3,-1630.0,2438340374.0,19.0,-1840.0,2438365359.0,18.3,-1940.0,2438390381.0,20.9,-2120.0,2438415632.0,22.0,-1360.0,2438440470.0,19.6,305.0,2438465529.0,21.6,-1800.0,2438490257.0,22.7,-2100.0,2438515055.0,17.8,-2240.0,2438539932.0,20.1,448.0,2438565212.0,22.4,196.0,2438590344.0,21.2,-1560.0,2438615077.0,20.8,-1770.0,2438639761.0,21.0,-2010.0,2438664537.0,19.3,72.9,2438689696.0,20.5,140.0,2438714424.0,19.6,-1640.0,2438739815.0,21.2,-1440.0,2438764711.0,19.2,-1690.0,2438789466.0,23.0,272.0,2438814734.0,20.6,-2160.0,2438839931.0,20.5,246.0,2438864849.0,21.6,72.0,2438889726.0,21.4,-1420.0,2438914794.0,21.0,-1960.0,2438940127.0,22.3,-2150.0,2438965203.0,24.7,167.0,2438990373.0,25.7,353.0,2439015194.0,20.4,-1460.0,2439040187.0,22.3,-1740.0,2439065000.0,22.9,-1880.0,2439090260.0,24.1,-1670.0,2439115324.0,23.7,310.0,2439140065.0,22.3,96.9,2439164635.0,19.5,-1350.0,2439189870.0,25.1,-1560.0,2439214920.0,22.3,452.0,2439239641.0,20.6,293.0,2439264522.0,22.1,306.0,2439289552.0,21.9,98.2,2439314896.0,21.5,246.0,2439339675.0,22.9,-1890.0
2437865565.0,21.3,-1460.0,2437890513.0,21.6,-1630.0,2437915501.0,19.4,377.0,2437940361.0,19.3,240.0,2437965381.0,19.0,-1320.0,2437990632.0,18.5,-1450.0,2438016054.0,23.1,-142.0,2438040624.0,21.9,-1980.0,2438065677.0,22.0,-2110.0,2438090874.0,22.7,152.0,2438115783.0,24.4,-1250.0,2438140491.0,20.6,-1440.0,2438165364.0,21.1,-1570.0,2438190472.0,23.5,398.0,2438215517.0,21.5,-2050.0,2438240259.0,22.3,295.0,2438265127.0,18.7,-2150.0,2438290159.0,22.5,-1440.0,2438315437.0,25.3,-1630.0,2438340374.0,19.0,-1840.0,2438365359.0,18.3,-1940.0,2438390381.0,20.9,-2120.0,2438415632.0,22.0,-1360.0,2438440470.0,19.6,305.0,2438465529.0,21.6,-1800.0,2438490257.0,22.7,-2100.0,2438515055.0,17.8,-2240.0,2438539932.0,20.1,448.0,2438565212.0,22.4,196.0,2438590344.0,21.2,-1560.0,2438615077.0,20.8,-1770.0,2438639761.0,21.0,-2010.0,2438664537.0,19.3,72.9,2438689696.0,20.5,140.0,2438714424.0,19.6,-1640.0,2438739815.0,21.2,-1440.0,2438764711.0,19.2,-1690.0,2438789466.0,23.0,272.0,2438814734.0,20.6,-2160.0,2438839931.0,20.5,246.0,2438864849.0,21.6,72.0,2438889726.0,21.4,-1420.0,2438914794.0,21.0,-1960.0,2438940127.0,22.3,-2150.0,2438965203.0,24.7,167.0,2438990373.0,25.7,353.0,2439015194.0,20.4,-1460.0,2439040187.0,22.3,-1740.0,2439065000.0,22.9,-1880.0,2439090260.0,24.1,-1670.0,2439115324.0,23.7,310.0,2439140065.0,22.3,96.9,2439164635.0,19.5,-1350.0,2439189870.0,25.1,-1560.0,2439214920.0,22.3,452.0,2439239641.0,20.6,293.0,2439264522.0,22.1,306.0,2439289552.0,21.9,98.2,2439314896.0,21.5,246.0,2439339675.0,22.9,-1890.0,2439364597.0,23.3,-1800.0,2439389493.0,21.1,-1880.0,2439414641.0,24.0,445.0,2439439609.0,23.0,-1450.0,2439464414.0,22.8,-1480.0,2439489720.0,26.0,-1400.0,2439514355.0,25.8,-1940.0,2439539313.0,23.7,432.0,2439564374.0,26.1,237.0,2439589656.0,27.0,-1310.0,2439614559.0,26.3,-1450.0,2439639448.0,26.5,-1660.0,2439664567.0,26.3,-1870.0,2439689718.0,27.5,454.0,2439714610.0,25.0,304.0,2439739849.0,27.9,251.0,2439764718.0,28.9,-1350.0,2439789658.0,28.2,-1550.0,2439814926.0,28.3,-1400.0,2439840147.0,30.9,-1950.0,2439865141.0,34.5,473.0,2439889849.0,35.3,198.0,2439914819.0,36.6,-1620.0,2439940198.0,37.7,-1400.0,2439965049.0,39.6,-2030.0,2439990279.0,45.0,421.0,2440014870.0,44.5,164.0,2440039855.0,48.1,-1940.0,2440064594.0,46.9,-1620.0,2440089866.0,49.0,-1380.0,2440114745.0,49.9,-1910.0,2440139694.0,47.7,-2160.0,2440164422.0,46.3,201.0,2440189694.0,51.3,-1280.0,2440214653.0,49.6,-1420.0,2440240072.0,50.7,-1290.0,2440264983.0,53.4,-1430.0,2440289823.0,50.9,458.0,2440315165.0,51.4,199.0,2440340122.0,50.3,-1180.0
2438864849.0,21.6,72.0,2438889726.0,21.4,-1420.0,2438914794.0,21.0,-1960.0,2438940127.0,22.3,-2150.0,2438965203.0,24.7,167.0,2438990373.0,25.7,353.0,2439015194.0,20.4,-1460.0,2439040187.0,22.3,-1740.0,2439065000.0,22.9,-1880.0,2439090260.0,24.1,-1670.0,2439115324.0,23.7,310.0,2439140065.0,22.3,96.9,2439164635.0,19.5,-1350.0,2439189870.0,25.1,-1560.0,2439214920.0,22.3,452.0,2439239641.0,20.6,293.0,2439264522.0,22.1,306.0,2439289552.0,21.9,98.2,2439314896.0,21.5,246.0,2439339675.0,22.9,-1890.0,2439364597.0,23.3,-1800.0,2439389493.0,21.1,-1880.0,2439414641.0,24.0,445.0,2439439609.0,23.0,-1450.0,2439464414.0,22.8,-1480.0,2439489720.0,26.0,-1400.0,2439514355.0,25.8,-1940.0,2439539313.0,23.7,432.0,2439564374.0,26.1,237.0,2439589656.0,27.0,-1310.0,2439614559.0,26.3,-1450.0,2439639448.0,26.5,-1660.0,2439664567.0,26.3,-1870.0,2439689718.0,27.5,454.0,2439714610.0,25.0,304.0,2439739849.0,27.9,251.0,2439764718.0,28.9,-1350.0,2439789658.0,28.2,-1550.0,2439814926.0,28.3,-1400.0,2439840147.0,30.9,-1950.0,2439865141.0,34.5,473.0,2439889849.0,35.3,198.0,2439914819.0,36.6,-1620.0,2439940198.0,37.7,-1400.0,2439965049.0,39.6,-2030.0,2439990279.0,45.0,421.0,2440014870.0,44.5,164.0,2440039855.0,48.1,-1940.0,2440064594.0,46.9,-1620.0,2440089866.0,49.0,-1380.0,2440114745.0,49.9,-1910.0,2440139694.0,47.7,-2160.0,2440164422.0,46.3,201.0,2440189694.0,51.3,-1280.0,2440214653.0,49.6,-1420.0,2440240072.0,50.7,-1290.0,2440264983.0,53.4,-1430.0,2440289823.0,50.9,458.0,2440315165.0,51.4,199.0,2440340122.0,50.3,-1180.0,2440365065.0,53.3,-1650.0,2440389923.0,52.7,-1280.0,2440415073.0,49.6,-1780.0,2440439714.0,52.0,-1860.0,2440464430.0,49.8,-1280.0,2440489566.0,53.7,107.0,2440514415.0,55.1,-1660.0,2440539617.0,57.1,-1460.0,2440564546.0,53.7,516.0,2440589685.0,52.5,-1900.0,2440614730.0,50.3,188.0,2440639921.0,52.4,-1310.0,2440664511.0,52.3,-1530.0,2440689788.0,54.3,-1720.0,2440714876.0,52.5,-1920.0,2440740175.0,51.9,408.0,2440765123.0,53.4,260.0,2440790169.0,48.1,339.0,2440815365.0,52.7,197.0,2440840307.0,49.7,-1940.0,2440865345.0,49.0,-1820.0,2440890195.0,52.9,412.0,2440915135.0,52.9,294.0,2440939618.0,51.8,124.0,2440964270.0,51.8,-1710.0,2440989127.0,50.6,-1320.0,2441014101.0,47.5,409.0,2441039138.0,52.5,212.0,2441063889.0,53.8,-1160.0,2441089085.0,56.5,-1360.0,2441114379.0,56.6,-1560.0,2441139309.0,59.5,-1810.0,2441164378.0,60.4,-1690.0,2441189554.0,63.5,363.0,2441214391.0,63.1,-1140.0,2441239829.0,66.4,-1340.0,2441264681.0,65.0,-1590.0,2441289572.0,64.0,-1680.0,2441314599.0,63.7,-2060.0,2441339570.0,62.7,330.0
2439865141.0,34.5,473.0,2439889849.0,35.3,198.0,2439914819.0,36.6,-1620.0,2439940198.0,37.7,-1400.0,2439965049.0,39.6,-2030.0,2439990279.0,45.0,421.0,2440014870.0,44.5,164.0,2440039855.0,48.1,-1940.0,2440064594.0,46.9,-1620.0,2440089866.0,49.0,-1380.0,2440114745.0,49.9,-1910.0,2440139694.0,47.7,-2160.0,2440164422.0,46.3,201.0,2440189694.0,51.3,-1280.0,2440214653.0,49.6,-1420.0,2440240072.0,50.7,-1290.0,2440264983.0,53.4,-1430.0,2440289823.0,50.9,458.0,2440315165.0,51.4,199.0,2440340122.0,50.3,-1180.0,2440365065.0,53.3,-1650.0,2440389923.0,52.7,-1280.0,2440415073.0,49.6,-1780.0,2440439714.0,52.0,-1860.0,2440464430.0,49.8,-1280.0,2440489566.0,53.7,107.0,2440514415.0,55.1,-1660.0,2440539617.0,57.1,-1460.0,2440564546.0,53.7,516.0,2440589685.0,52.5,-1900.0,2440614730.0,50.3,188.0,2440639921.0,52.4,-1310.0,2440664511.0,52.3,-1530.0,2440689788.0,54.3,-1720.0,2440714876.0,52.5,-1920.0,2440740175.0,51.9,408.0,2440765123.0,53.4,260.0,2440790169.0,48.1,339.0,2440815365.0,52.7,197.0,2440840307.0,49.7,-1940.0,2440865345.0,49.0,-1820.0,2440890195.0,52.9,412.0,2440915135.0,52.9,294.0,2440939618.0,51.8,124.0,2440964270.0,51.8,-1710.0,2440989127.0,50.6,-1320.0,2441014101.0,47.5,409.0,2441039138.0,52.5,212.0,2441063889.0,53.8,-1160.0,2441089085.0,56.5,-1360.0,2441114379.0,56.6,-1560.0,2441139309.0,59.5,-1810.0,2441164378.0,60.4,-1690.0,2441189554.0,63.5,363.0,2441214391.0,63.1,-1140.0,2441239829.0,66.4,-1340.0,2441264681.0,65.0,-1590.0,2441289572.0,64.0,-1680.0,2441314599.0,63.7,-2060.0,2441339570.0,62.7,330.0,2441364345.0,58.8,-1430.0,2441389099.0,61.5,-32.5,2441414178.0,62.5,-1580.0,2441439501.0,62.1,-1520.0,2441464299.0,63.5,265.0,2441489709.0,63.5,-2100.0,2441514143.0,61.7,230.0,2441539158.0,60.1,-3.78,2441564234.0,57.7,-1400.0,2441589522.0,56.5,-1580.0,2441614387.0,53.4,-2170.0,2441639316.0,54.2,287.0,2441664420.0,44.5,-1170.0,2441689664.0,40.9,-1420.0,2441714627.0,37.9,-1690.0,2441740024.0,40.9,-1810.0,2441764937.0,36.0,-2070.0,2441789901.0,31.3,234.0,2441815159.0,31.6,104.0,2441840066.0,29.4,-1400.0,2441865162.0,33.0,-1710.0,2441890000.0,28.0,-1840.0,2441915096.0,30.9,-2040.0,2441940205.0,30.4,-2320.0,2441965249.0,29.5,-1480.0,2441990504.0,30.0,-1350.0,2442015253.0,25.7,-1980.0,2442039845.0,21.5,-1460.0,2442064782.0,17.3,307.0,2442090018.0,16.1,514.0,2442115018.0,12.2,-2000.0,2442139749.0,12.4,-1300.0,2442164518.0,9.87,-1910.0,2442189667.0,12.2,-2020.0,2442214631.0,12.7,336.0,2442240117.0,15.5,-2050.0,2442265097.0,10.2,225.0,2442290261.0,11.6,77.7,2442315416.0,9.93,-1730.0,2442340451.0,10.1,-1820.0
2440865345.0,49.0,-1820.0,2440890195.0,52.9,412.0,2440915135.0,52.9,294.0,2440939618.0,51.8,124.0,2440964270.0,51.8,-1710.0,2440989127.0,50.6,-1320.0,2441014101.0,47.5,409.0,2441039138.0,52.5,212.0,2441063889.0,53.8,-1160.0,2441089085.0,56.5,-1360.0,2441114379.0,56.6,-1560.0,2441139309.0,59.5,-1810.0,2441164378.0,60.4,-1690.0,2441189554.0,63.5,363.0,2441214391.0,63.1,-1140.0,2441239829.0,66.4,-1340.0,2441264681.0,65.0,-1590.0,2441289572.0,64.0,-1680.0,2441314599.0,63.7,-2060.0,2441339570.0,62.7,330.0,2441364345.0,58.8,-1430.0,2441389099.0,61.5,-32.5,2441414178.0,62.5,-1580.0,2441439501.0,62.1,-1520.0,2441464299.0,63.5,265.0,2441489709.0,63.5,-2100.0,2441514143.0,61.7,230.0,2441539158.0,60.1,-3.78,2441564234.0,57.7,-1400.0,2441589522.0,56.5,-1580.0,2441614387.0,53.4,-2170.0,2441639316.0,54.2,287.0,2441664420.0,44.5,-1170.0,2441689664.0,40.9,-1420.0,2441714627.0,37.9,-1690.0,2441740024.0,40.9,-1810.0,2441764937.0,36.0,-2070.0,2441789901.0,31.3,234.0,2441815159.0,31.6,104.0,2441840066.0,29.4,-1400.0,2441865162.0,33.0,-1710.0,2441890000.0,28.0,-1840.0,2441915096.0,30.9,-2040.0,2441940205.0,30.4,-2320.0,2441965249.0,29.5,-1480.0,2441990504.0,30.0,-1350.0,2442015253.0,25.7,-1980.0,2442039845.0,21.5,-1460.0,2442064782.0,17.3,307.0,2442090018.0,16.1,514.0,2442115018.0,12.2,-2000.0,2442139749.0,12.4,-1300.0,2442164518.0,9.87,-1910.0,2442189667.0,12.2,-2020.0,2442214631.0,12.7,336.0,2442240117.0,15.5,-2050.0,2442265097.0,10.2,225.0,2442290261.0,11.6,77.7,2442315416.0,9.93,-1730.0,2442340451.0,10.1,-1820.0,2442365201.0,9.26,-2160.0,2442390078.0,10.9,-2280.0,2442415367.0,11.5,480.0,2442440412.0,12.0,-1720.0,2442465411.0,10.2,-1210.0,2442490265.0,13.4,-1790.0,2442515033.0,12.2,301.0,2442539782.0,10.4,38.1,2442564984.0,10.7,-1390.0,2442589934.0,13.7,-1530.0,2442615063.0,10.8,-1790.0,2442639721.0,14.7,-1790.0,2442664532.0,11.6,-1940.0,2442689732.0,13.3,47.7,2442714793.0,10.6,-1380.0,2442740169.0,11.6,41.6,2442765309.0,13.3,-1430.0,2442790110.0,14.2,-2030.0,2442815308.0,10.1,-1900.0,2442840049.0,14.2,199.0,2442865108.0,11.4,-1290.0,2442889902.0,8.14,-1620.0,2442915218.0,8.14,-1690.0,2442940135.0,10.2,-1900.0,2442965190.0,5.81,-2140.0,2442990013.0,3.74,175.0,2443014841.0,0.99,-2240.0,2443039834.0,2.4,-1470.0,2443064383.0,-5.27,-1740.0,2443089705.0,-8.47,-2200.0,2443114994.0,-8.88,-2030.0,2443139734.0,-14.0,-1270.0,2443164587.0,-17.0,-2160.0,2443189802.0,-14.5,-1710.0,2443215063.0,-13.7,-1590.0,2443240011.0,-12.4,-2100.0,2443264862.0,-14.3,-2030.0,2443289902.0,-10.4,52.0,2443315325.0,-15.3,103.0,2443339809.0,-7.5,-29.9
2441865162.0,33.0,-1710.0,2441890000.0,28.0,-1840.0,2441915096.0,30.9,-2040.0,2441940205.0,30.4,-2320.0,2441965249.0,29.5,-1480.0,2441990504.0,30.0,-1350.0,2442015253.0,25.7,-1980.0,2442039845.0,21.5,-1460.0,2442064782.0,17.3,307.0,2442090018.0,16.1,514.0,2442115018.0,12.2,-2000.0,2442139749.0,12.4,-1300.0,2442164518.0,9.87,-1910.0,2442189667.0,12.2,-2020.0,2442214631.0,12.7,336.0,2442240117.0,15.5,-2050.0,2442265097.0,10.2,225.0,2442290261.0,11.6,77.7,2442315416.0,9.93,-1730.0,2442340451.0,10.1,-1820.0,2442365201.0,9.26,-2160.0,2442390078.0,10.9,-2280.0,2442415367.0,11.5,480.0,2442440412.0,12.0,-1720.0,2442465411.0,10.2,-1210.0,2442490265.0,13.4,-1790.0,2442515033.0,12.2,301.0,2442539782.0,10.4,38.1,2442564984.0,10.7,-1390.0,2442589934.0,13.7,-1530.0,2442615063.0,10.8,-1790.0,2442639721.0,14.7,-1790.0,2442664532.0,11.6,-1940.0,2442689732.0,13.3,47.7,2442714793.0,10.6,-1380.0,2442740169.0,11.6,41.6,2442765309.0,13.3,-1430.0,2442790110.0,14.2,-2030.0,2442815308.0,10.1,-1900.0,2442840049.0,14.2,199.0,2442865108.0,11.4,-1290.0,2442889902.0,8.14,-1620.0,2442915218.0,8.14,-1690.0,2442940135.0,10.2,-1900.0,2442965190.0,5.81,-2140.0,2442990013.0,3.74,175.0,2443014841.0,0.99,-2240.0,2443039834.0,2.4,-1470.0,2443064383.0,-5.27,-1740.0,2443089705.0,-8.47,-2200.0,2443114994.0,-8.88,-2030.0,2443139734.0,-14.0,-1270.0,2443164587.0,-17.0,-2160.0,2443189802.0,-14.5,-1710.0,2443215063.0,-13.7,-1590.0,2443240011.0,-12.4,-2100.0,2443264862.0,-14.3,-2030.0,2443289902.0,-10.4,52.0,2443315325.0,-15.3,103.0,2443339809.0,-7.5,-29.9,2443364918.0,-11.5,-1540.0,2443389769.0,-8.82,-2050.0,2443415080.0,-13.0,356.0,2443439883.0,-13.2,131.0,2443464786.0,-15.0,207.0,2443489603.0,-13.3,-1640.0,2443514699.0,-14.2,-1750.0,2443539726.0,-13.4,-2030.0,2443564519.0,-9.95,-1890.0,2443589650.0,-11.8,141.0,2443614759.0,-12.5,12.0,2443640150.0,-8.8,-1890.0,2443664541.0,-14.3,-2070.0,2443689604.0,-12.0,-1870.0,2443714677.0,-16.8,165.0,2443739408.0,-17.7,348.0,2443764070.0,-16.8,17.9,2443789284.0,-19.8,-179.0,2443839780.0,-22.4,-1830.0,2443864600.0,-23.5,-2070.0,2443889420.0,-22.1,31.8,2443914754.0,-25.4,-1470.0,2443939609.0,-24.3,-1310.0,2443964493.0,-26.3,-1870.0,2443989245.0,-23.5,156.0,2444014223.0,-23.1,338.0,2444039391.0,-23.6,87.6,2444064170.0,-23.2,-1310.0,2444089220.0,-26.8,-1890.0,2444114263.0,-24.3,-2140.0,2444139141.0,-23.3,-1880.0,2444164293.0,-27.1,406.0,2444189540.0,-27.2,267.0,2444214857.0,-28.7,-1650.0,2444239956.0,-25.8,-1430.0,2444264952.0,-27.5,-2000.0,2444289952.0,-26.4,384.0,2444315220.0,-29.0,-2120.0,2444339761.0,-27.7,338.0,2444364651.0,-28.1,154.0
2442865108.0,11.4,-1290.0,2442889902.0,8.14,-1620.0,2442915218.0,8.14,-1690.0,2442940135.0,10.2,-1900.0,2442965190.0,5.81,-2140.0,2442990013.0,3.74,175.0,2443014841.0,0.99,-2240.0,2443039834.0,2.4,-1470.0,2443064383.0,-5.27,-1740.0,2443089705.0,-8.47,-2200.0,2443114994.0,-8.88,-2030.0,2443139734.0,-14.0,-1270.0,2443164587.0,-17.0,-2160.0,2443189802.0,-14.5,-1710.0,2443215063.0,-13.7,-1590.0,2443240011.0,-12.4,-2100.0,2443264862.0,-14.3,-2030.0,2443289902.0,-10.4,52.0,2443315325.0,-15.3,103.0,2443339809.0,-7.5,-29.9,2443364918.0,-11.5,-1540.0,2443389769.0,-8.82,-2050.0,2443415080.0,-13.0,356.0,2443439883.0,-13.2,131.0,2443464786.0,-15.0,207.0,2443489603.0,-13.3,-1640.0,2443514699.0,-14.2,-1750.0,2443539726.0,-13.4,-2030.0,2443564519.0,-9.95,-1890.0,2443589650.0,-11.8,141.0,2443614759.0,-12.5,12.0,2443640150.0,-8.8,-1890.0,2443664541.0,-14.3,-2070.0,2443689604.0,-12.0,-1870.0,2443714677.0,-16.8,165.0,2443739408.0,-17.7,348.0,2443764070.0,-16.8,17.9,2443789284.0,-19.8,-179.0,2443839780.0,-22.4,-1830.0,2443864600.0,-23.5,-2070.0,2443889420.0,-22.1,31.8,2443914754.0,-25.4,-1470.0,2443939609.0,-24.3,-1310.0,2443964493.0,-26.3,-1870.0,2443989245.0,-23.5,156.0,2444014223.0,-23.1,338.0,2444039391.0,-23.6,87.6,2444064170.0,-23.2,-1310.0,2444089220.0,-26.8,-1890.0,2444114263.0,-24.3,-2140.0,2444139141.0,-23.3,-1880.0,2444164293.0,-27.1,406.0,2444189540.0,-27.2,267.0,2444214857.0,-28.7,-1650.0,2444239956.0,-25.8,-1430.0,2444264952.0,-27.5,-2000.0,2444289952.0,-26.4,384.0,2444315220.0,-29.0,-2120.0,2444339761.0,-27.7,338.0,2444364651.0,-28.1,154.0,2444389485.0,-24.4,-1410.0,2444414885.0,-28.3,294.0,2444439738.0,-26.7,-2170.0,2444465049.0,-25.4,269.0,2444490226.0,-27.1,52.2,2444515075.0,-27.7,190.0,2444540196.0,-26.4,-1670.0,2444565766.0,-27.3,-1820.0,2444590415.0,-25.9,-2010.0,2444615597.0,-30.0,329.0,2444640226.0,-26.6,158.0,2444665516.0,-31.2,-1370.0,2444690767.0,-31.1,-1450.0,2444715941.0,-32.4,-1740.0,2444740724.0,-29.5,-2300.0,2444765687.0,-30.1,-1860.0,2444790649.0,-29.8,169.0,2444815987.0,-33.5,92.1,2444840636.0,-30.3,-1430.0,2444865799.0,-34.9,-1980.0,2444890564.0,-31.2,-1770.0,2444915861.0,-34.9,159.0,2444940499.0,-31.8,-47.7,2444965367.0,-33.1,129.0,2444990510.0,-32.6,-1640.0,2445015329.0,-29.5,-1620.0,2445040304.0,-30.6,-2050.0,2445065440.0,-32.5,-1910.0,2445090497.0,-28.8,156.0,2445115765.0,-31.4,-1350.0,2445140565.0,-32.4,-1630.0,2445165756.0,-32.4,-1840.0,2445190825.0,-31.7,-1960.0,2445215919.0,-33.3,-2240.0,2445240770.0,-30.4,189.0,2445265398.0,-30.7,-104.0,2445290632.0,-32.1,-1470.0,2445315937.0,-35.1,-1650.0,2445341259.0,-34.5,302.0,2445365958.0,-35.7,155.0
2443889420.0,-22.1,31.8,2443914754.0,-25.4,-1470.0,2443939609.0,-24.3,-1310.0,2443964493.0,-26.3,-1870.0,2443989245.0,-23.5,156.0,2444014223.0,-23.1,338.0,2444039391.0,-23.6,87.6,2444064170.0,-23.2,-1310.0,2444089220.0,-26.8,-1890.0,2444114263.0,-24.3,-2140.0,2444139141.0,-23.3,-1880.0,2444164293.0,-27.1,406.0,2444189540.0,-27.2,267.0,2444214857.0,-28.7,-1650.0,2444239956.0,-25.8,-1430.0,2444264952.0,-27.5,-2000.0,2444289952.0,-26.4,384.0,2444315220.0,-29.0,-2120.0,2444339761.0,-27.7,338.0,2444364651.0,-28.1,154.0,2444389485.0,-24.4,-1410.0,2444414885.0,-28.3,294.0,2444439738.0,-26.7,-2170.0,2444465049.0,-25.4,269.0,2444490226.0,-27.1,52.2,2444515075.0,-27.7,190.0,2444540196.0,-26.4,-1670.0,2444565766.0,-27.3,-1820.0,2444590415.0,-25.9,-2010.0,2444615597.0,-30.0,329.0,2444640226.0,-26.6,158.0,2444665516.0,-31.2,-1370.0,2444690767.0,-31.1,-1450.0,2444715941.0,-32.4,-1740.0,2444740724.0,-29.5,-2300.0,2444765687.0,-30.1,-1860.0,2444790649.0,-29.8,169.0,2444815987.0,-33.5,92.1,2444840636.0,-30.3,-1430.0,2444865799.0,-34.9,-1980.0,2444890564.0,-31.2,-1770.0,2444915861.0,-34.9,159.0,2444940499.0,-31.8,-47.7,2444965367.0,-33.1,129.0,2444990510.0,-32.6,-1640.0,2445015329.0,-29.5,-1620.0,2445040304.0,-30.6,-2050.0,2445065440.0,-32.5,-1910.0,2445090497.0,-28.8,156.0,2445115765.0,-31.4,-1350.0,2445140565.0,-32.4,-1630.0,2445165756.0,-32.4,-1840.0,2445190825.0,-31.7,-1960.0,2445215919.0,-33.3,-2240.0,2445240770.0,-30.4,189.0,2445265398.0,-30.7,-104.0,2445290632.0,-32.1,-1470.0,2445315937.0,-35.1,-1650.0,2445341259.0,-34.5,302.0,2445365958.0,-35.7,155.0,2445390680.0,-38.4,-171.0,2445415888.0,-35.7,-1600.0,2445440356.0,-32.0,-1780.0,2445465080.0,-32.9,-1690.0,2445489924.0,-30.4,395.0,2445515058.0,-32.4,155.0,2445540156.0,-29.7,-43.2,2445565389.0,-34.9,90.7,2445615229.0,-33.7,-1870.0,2445640188.0,-31.1,-2140.0,2445665027.0,-32.2,-1950.0,2445689923.0,-30.4,80.6,2445715003.0,-34.3,206.0,2445740099.0,-33.2,-1640.0,2445765272.0,-30.0,-1670.0,2445790572.0,-36.7,-1940.0,2445815192.0,-32.6,325.0,2445840073.0,-27.3,133.0,2445865135.0,-32.2,-1710.0,2445890234.0,-28.7,-1890.0,2445914995.0,-28.5,-2030.0,2445939793.0,-27.1,286.0,2445964561.0,-31.2,-2180.0,2445989564.0,-29.1,242.0,2446014880.0,-33.1,-1610.0,2446039705.0,-29.6,-1490.0,2446064558.0,-30.1,-1950.0,2446089841.0,-30.0,-2210.0,2446114933.0,-31.8,-2080.0,2446140054.0,-30.5,15.3,2446164922.0,-32.0,96.5,2446189477.0,-30.2,-1690.0,2446214705.0,-31.3,-1870.0,2446239735.0,-33.1,-2020.0,2446264359.0,-36.3,252.0,2446289253.0,-30.3,362.0,2446314455.0,-34.8,-1440.0,2446339744.0,-35.5,-1600.0,2446364618.0,-32.0,-2170.0,2446389808.0,-36.1,250.0
2449440379.0,-28.6,1240.0,2449464947.0,-28.9,-379.0,2449489844.0,-32.3,-591.0,2449515134.0,-26.1,-783.0,2449540283.0,-27.9,-912.0,2449565461.0,-27.2,1020.0,2449590529.0,-28.3,1250.0,2449615363.0,-26.5,-585.0,2449640427.0,-26.0,-427.0,2449665556.0,-28.2,-975.0,2449690339.0,-26.5,-901.0,2449714810.0,-26.6,1360.0,2449740111.0,-29.3,1260.0,2449765382.0,-27.2,-489.0,2449790585.0,-32.4,-741.0,2449815807.0,-26.6,-912.0,2449840359.0,-33.5,-1030.0,2449865218.0,-30.7,-935.0,2449890619.0,-27.3,1180.0,2449915695.0,-29.8,-385.0,2449940444.0,-30.9,-660.0,2449965150.0,-31.6,-778.0,2449990451.0,-34.1,-1090.0,2450015654.0,-28.5,1040.0,2450040601.0,-28.6,1140.0,2450065327.0,-30.5,-301.0,2450090203.0,-33.1,-583.0,2450115082.0,-31.2,-739.0,2450140138.0,-31.9,1350.0,2450165137.0,-28.9,1140.0,2450190031.0,-34.5,1140.0,2450214695.0,-33.2,-610.0,2450240095.0,-33.5,-455.0,2450264583.0,-34.1,-628.0,2450289815.0,-31.7,1370.0,2450315086.0,-35.1,1230.0,2450339814.0,-35.6,-267.0,2450364652.0,-33.8,-446.0,2450389556.0,-33.1,-612.0,2450414748.0,-29.9,-845.0,2450440102.0,-32.2,-1110.0,2450464753.0,-35.0,-997.0,2450489522.0,-34.3,1080.0,2450514559.0,-32.6,-363.0,2450539951.0,-32.0,-608.0,2450564988.0,-33.0,-763.0,2450589834.0,-33.1,-964.0,2450614468.0,-35.2,1420.0,2450639497.0,-39.3,1180.0,2450664594.0,-34.8,-723.0,2450689751.0,-35.1,-808.0,2450715079.0,-35.2,-1060.0,2450739767.0,-37.7,1370.0,2450764603.0,-36.4,1500.0,2450789732.0,-35.0,928.0,2450815032.0,-36.9,-571.0,2450839849.0,-34.4,-703.0,2450864401.0,-37.9,-375.0,2450889515.0,-36.9,-1120.0,2450914872.0,-37.5,1210.0,2450940130.0,-31.6,991.0,2450965028.0,-33.9,-473.0,2450989860.0,-36.3,-717.0,2451014850.0,-36.1,-467.0,2451040197.0,-33.6,1250.0,2451065386.0,-34.0,1290.0,2451090229.0,-33.6,1160.0,2451115367.0,-35.0,-353.0,2451140296.0,-32.1,-503.0,2451165144.0,-33.0,-642.0,2451190413.0,-31.2,-845.0,2451215662.0,-30.0,-75.8,2451240231.0,-28.6,1230.0,2451265469.0,-25.9,1030.0,2451290665.0,-26.0,-444.0,2451315473.0,-25.5,-653.0,2451340248.0,-28.7,1400.0,2451365212.0,-26.7,1300.0,2451390451.0,-26.4,-282.0,2451415604.0,-23.2,-444.0,2451440627.0,-22.9,-588.0,2451465549.0,-24.6,-802.0,2451490382.0,-27.8,-1150.0,2451515520.0,-25.9,-1340.0,2451540472.0,-28.6,1060.0,2451565682.0,-22.3,-380.0,2451590373.0,-21.3,-602.0,2451615417.0,-25.1,-782.0,2451640610.0,-26.1,-656.0,2451665549.0,-25.5,-189.0,2451690723.0,-24.9,1150.0,2451715771.0,-23.9,-245.0,2451740806.0,-26.5,-546.0,2451765854.0,-22.2,-671.0,2451790702.0,-21.9,-844.0,2451816004.0,-22.6,1050.0,2451840708.0,-21.9,1360.0,2451865827.0,-22.5,1110.0,2451891071.0,-20.6,-442.0,2451915824.0,-18.9,-920.0
2450440102.0,-32.2,-1110.0,2450464753.0,-35.0,-997.0,2450489522.0,-34.3,1080.0,2450514559.0,-32.6,-363.0,2450539951.0,-32.0,-608.0,2450564988.0,-33.0,-763.0,2450589834.0,-33.1,-964.0,2450614468.0,-35.2,1420.0,2450639497.0,-39.3,1180.0,2450664594.0,-34.8,-723.0,2450689751.0,-35.1,-808.0,2450715079.0,-35.2,-1060.0,2450739767.0,-37.7,1370.0,2450764603.0,-36.4,1500.0,2450789732.0,-35.0,928.0,2450815032.0,-36.9,-571.0,2450839849.0,-34.4,-703.0,2450864401.0,-37.9,-375.0,2450889515.0,-36.9,-1120.0,2450914872.0,-37.5,1210.0,2450940130.0,-31.6,991.0,2450965028.0,-33.9,-473.0,2450989860.0,-36.3,-717.0,2451014850.0,-36.1,-467.0,2451040197.0,-33.6,1250.0,2451065386.0,-34.0,1290.0,2451090229.0,-33.6,1160.0,2451115367.0,-35.0,-353.0,2451140296.0,-32.1,-503.0,2451165144.0,-33.0,-642.0,2451190413.0,-31.2,-845.0,2451215662.0,-30.0,-75.8,2451240231.0,-28.6,1230.0,2451265469.0,-25.9,1030.0,2451290665.0,-26.0,-444.0,2451315473.0,-25.5,-653.0,2451340248.0,-28.7,1400.0,2451365212.0,-26.7,1300.0,2451390451.0,-26.4,-282.0,2451415604.0,-23.2,-444.0,2451440627.0,-22.9,-588.0,2451465549.0,-24.6,-802.0,2451490382.0,-27.8,-1150.0,2451515520.0,-25.9,-1340.0,2451540472.0,-28.6,1060.0,2451565682.0,-22.3,-380.0,2451590373.0,-21.3,-602.0,2451615417.0,-25.1,-782.0,2451640610.0,-26.1,-656.0,2451665549.0,-25.5,-189.0,2451690723.0,-24.9,1150.0,2451715771.0,-23.9,-245.0,2451740806.0,-26.5,-546.0,2451765854.0,-22.2,-671.0,2451790702.0,-21.9,-844.0,2451816004.0,-22.6,1050.0,2451840708.0,-21.9,1360.0,2451865827.0,-22.5,1110.0,2451891071.0,-20.6,-442.0,2451915824.0,-18.9,-920.0,2451940527.0,-22.6,1360.0,2451965535.0,-19.8,-1040.0,2451990569.0,-19.3,-232.0,2452015667.0,-20.6,-334.0,2452065622.0,-17.2,-465.0,2452090430.0,-18.8,-655.0,2452115484.0,-19.9,1350.0,2452140283.0,-20.4,-458.0,2452165079.0,-20.3,1290.0,2452190209.0,-21.1,-905.0,2452215364.0,-17.7,-1080.0,2452240047.0,-24.5,-1010.0,2452264883.0,-24.9,-1030.0,2452290121.0,-19.4,-1060.0,2452315281.0,-20.7,-253.0,2452339860.0,-22.0,-848.0,2452364581.0,-23.8,-513.0,2452389570.0,-24.0,1380.0,2452414881.0,-22.4,1130.0,2452440245.0,-20.9,1330.0,2452464974.0,-25.8,-518.0,2452489766.0,-24.9,-400.0,2452514708.0,-24.5,-958.0,2452539778.0,-22.6,-825.0,2452564765.0,-20.1,-1030.0,2452589424.0,-25.4,1010.0,2452614568.0,-24.2,-684.0,2452640004.0,-19.7,-553.0,2452664727.0,-21.9,-854.0,2452689985.0,-18.9,-662.0,2452715135.0,-20.6,-858.0,2452739712.0,-18.3,-397.0,2452764633.0,-22.5,-259.0,2452789883.0,-22.4,-564.0,2452815064.0,-19.6,-712.0,2452839967.0,-21.5,-1230.0,2452864724.0,-22.5,1250.0,2452889557.0,-24.7,-365.0,2452914734.0,-22.8,-541.0,2452940142.0,-19.3,-722.0
2451440627.0,-22.9,-588.0,2451465549.0,-24.6,-802.0,2451490382.0,-27.8,-1150.0,2451515520.0,-25.9,-1340.0,2451540472.0,-28.6,1060.0,2451565682.0,-22.3,-380.0,2451590373.0,-21.3,-602.0,2451615417.0,-25.1,-782.0,2451640610.0,-26.1,-656.0,2451665549.0,-25.5,-189.0,2451690723.0,-24.9,1150.0,2451715771.0,-23.9,-245.0,2451740806.0,-26.5,-546.0,2451765854.0,-22.2,-671.0,2451790702.0,-21.9,-844.0,2451816004.0,-22.6,1050.0,2451840708.0,-21.9,1360.0,2451865827.0,-22.5,1110.0,2451891071.0,-20.6,-442.0,2451915824.0,-18.9,-920.0,2451940527.0,-22.6,1360.0,2451965535.0,-19.8,-1040.0,2451990569.0,-19.3,-232.0,2452015667.0,-20.6,-334.0,2452065622.0,-17.2,-465.0,2452090430.0,-18.8,-655.0,2452115484.0,-19.9,1350.0,2452140283.0,-20.4,-458.0,2452165079.0,-20.3,1290.0,2452190209.0,-21.1,-905.0,2452215364.0,-17.7,-1080.0,2452240047.0,-24.5,-1010.0,2452264883.0,-24.9,-1030.0,2452290121.0,-19.4,-1060.0,2452315281.0,-20.7,-253.0,2452339860.0,-22.0,-848.0,2452364581.0,-23.8,-513.0,2452389570.0,-24.0,1380.0,2452414881.0,-22.4,1130.0,2452440245.0,-20.9,1330.0,2452464974.0,-25.8,-518.0,2452489766.0,-24.9,-400.0,2452514708.0,-24.5,-958.0,2452539778.0,-22.6,-825.0,2452564765.0,-20.1,-1030.0,2452589424.0,-25.4,1010.0,2452614568.0,-24.2,-684.0,2452640004.0,-19.7,-553.0,2452664727.0,-21.9,-854.0,2452689985.0,-18.9,-662.0,2452715135.0,-20.6,-858.0,2452739712.0,-18.3,-397.0,2452764633.0,-22.5,-259.0,2452789883.0,-22.4,-564.0,2452815064.0,-19.6,-712.0,2452839967.0,-21.5,-1230.0,2452864724.0,-22.5,1250.0,2452889557.0,-24.7,-365.0,2452914734.0,-22.8,-541.0,2452940142.0,-19.3,-722.0,2452964964.0,-21.6,-849.0,2452989787.0,-22.1,1490.0,2453014835.0,-22.1,-986.0,2453040143.0,-25.5,1260.0,2453065317.0,-21.9,782.0,2453090077.0,-23.8,-341.0,2453114920.0,-19.8,-839.0,2453140196.0,-23.8,-969.0,2453164966.0,-23.2,1330.0,2453190290.0,-23.3,1210.0,2453215569.0,-21.7,-343.0,2453240476.0,-21.6,-519.0,2453265826.0,-20.5,-1090.0,2453290086.0,-20.1,-984.0,2453315410.0,-18.0,1460.0,2453340235.0,-22.8,1210.0,2453365016.0,-23.4,-224.0,2453389929.0,-19.3,-412.0,2453415218.0,-20.6,-640.0,2453440041.0,-18.2,1360.0,2453465074.0,-18.7,-1040.0,2453490285.0,-20.6,1350.0,2453515474.0,-16.1,-479.0,2453540650.0,-20.2,-613.0,2453565787.0,-18.0,-577.0,2453590935.0,-17.1,1540.0,2453616042.0,-16.1,-880.0,2453640673.0,-19.5,1400.0,2453665386.0,-19.1,-318.0,2453690484.0,-19.0,-506.0,2453715851.0,-18.3,-696.0,2453740528.0,-18.7,-1020.0,2453765606.0,-16.4,1410.0,2453790949.0,-18.0,1250.0,2453815598.0,-20.1,-254.0,2453840434.0,-21.4,-472.0,2453865209.0,-20.3,-736.0,2453890417.0,-18.6,-865.0,2453915353.0,-14.8,1250.0,2453940113.0,-19.4,-965.0
2452464974.0,-25.8,-518.0,2452489766.0,-24.9,-400.0,2452514708.0,-24.5,-958.0,2452539778.0,-22.6,-825.0,2452564765.0,-20.1,-1030.0,2452589424.0,-25.4,1010.0,2452614568.0,-24.2,-684.0,2452640004.0,-19.7,-553.0,2452664727.0,-21.9,-854.0,2452689985.0,-18.9,-662.0,2452715135.0,-20.6,-858.0,2452739712.0,-18.3,-397.0,2452764633.0,-22.5,-259.0,2452789883.0,-22.4,-564.0,2452815064.0,-19.6,-712.0,2452839967.0,-21.5,-1230.0,2452864724.0,-22.5,1250.0,2452889557.0,-24.7,-365.0,2452914734.0,-22.8,-541.0,2452940142.0,-19.3,-722.0,2452964964.0,-21.6,-849.0,2452989787.0,-22.1,1490.0,2453014835.0,-22.1,-986.0,2453040143.0,-25.5,1260.0,2453065317.0,-21.9,782.0,2453090077.0,-23.8,-341.0,2453114920.0,-19.8,-839.0,2453140196.0,-23.8,-969.0,2453164966.0,-23.2,1330.0,2453190290.0,-23.3,1210.0,2453215569.0,-21.7,-343.0,2453240476.0,-21.6,-519.0,2453265826.0,-20.5,-1090.0,2453290086.0,-20.1,-984.0,2453315410.0,-18.0,1460.0,2453340235.0,-22.8,1210.0,2453365016.0,-23.4,-224.0,2453389929.0,-19.3,-412.0,2453415218.0,-20.6,-640.0,2453440041.0,-18.2,1360.0,2453465074.0,-18.7,-1040.0,2453490285.0,-20.6,1350.0,2453515474.0,-16.1,-479.0,2453540650.0,-20.2,-613.0,2453565787.0,-18.0,-577.0,2453590935.0,-17.1,1540.0,2453616042.0,-16.1,-880.0,2453640673.0,-19.5,1400.0,2453665386.0,-19.1,-318.0,2453690484.0,-19.0,-506.0,2453715851.0,-18.3,-696.0,2453740528.0,-18.7,-1020.0,2453765606.0,-16.4,1410.0,2453790949.0,-18.0,1250.0,2453815598.0,-20.1,-254.0,2453840434.0,-21.4,-472.0,2453865209.0,-20.3,-736.0,2453890417.0,-18.6,-865.0,2453915353.0,-14.8,1250.0,2453940113.0,-19.4,-965.0,2453965492.0,-14.7,1430.0,2453990221.0,-18.1,-723.0,2454015011.0,-12.4,-874.0,2454040239.0,-14.7,1420.0,2454065447.0,-12.2,1240.0,2454090161.0,-16.1,1340.0,2454114826.0,-13.4,1130.0,2454140122.0,-17.6,959.0,2454165373.0,-13.1,-443.0,2454190452.0,-13.1,-741.0,2454215506.0,-12.8,1360.0,2454240166.0,-15.3,-1120.0,2454264624.0,-13.7,-353.0,2454289919.0,-16.2,-496.0,2454315018.0,-9.97,-448.0,2454339998.0,-12.0,-952.0,2454364776.0,-13.0,-1060.0,2454389727.0,-11.3,-279.0,2454414878.0,-6.05,-507.0,2454440022.0,-7.89,-471.0,2454464995.0,-2.21,-619.0,2454489860.0,-4.86,-843.0,2454514835.0,-0.843,-962.0,2454540125.0,2.22,-1270.0,2454564944.0,4.38,1120.0,2454590044.0,2.08,-320.0,2454614947.0,2.55,-751.0,2454639943.0,4.63,-555.0,2454664683.0,6.05,1370.0,2454689555.0,5.64,1450.0,2454714547.0,5.58,1260.0,2454739451.0,7.38,-630.0,2454764566.0,5.44,-393.0,2454789796.0,5.44,-852.0,2454814977.0,8.89,-816.0,2454840190.0,6.58,1250.0,2454864965.0,9.2,-50.5,2454889900.0,9.58,-339.0,2454915157.0,13.0,-504.0,2454940142.0,9.15,-795.0
2453465074.0,-18.7,-1040.0,2453490285.0,-20.6,1350.0,2453515474.0,-16.1,-479.0,2453540650.0,-20.2,-613.0,2453565787.0,-18.0,-577.0,2453590935.0,-17.1,1540.0,2453616042.0,-16.1,-880.0,2453640673.0,-19.5,1400.0,2453665386.0,-19.1,-318.0,2453690484.0,-19.0,-506.0,2453715851.0,-18.3,-696.0,2453740528.0,-18.7,-1020.0,2453765606.0,-16.4,1410.0,2453790949.0,-18.0,1250.0,2453815598.0,-20.1,-254.0,2453840434.0,-21.4,-472.0,2453865209.0,-20.3,-736.0,2453890417.0,-18.6,-865.0,2453915353.0,-14.8,1250.0,2453940113.0,-19.4,-965.0,2453965492.0,-14.7,1430.0,2453990221.0,-18.1,-723.0,2454015011.0,-12.4,-874.0,2454040239.0,-14.7,1420.0,2454065447.0,-12.2,1240.0,2454090161.0,-16.1,1340.0,2454114826.0,-13.4,1130.0,2454140122.0,-17.6,959.0,2454165373.0,-13.1,-443.0,2454190452.0,-13.1,-741.0,2454215506.0,-12.8,1360.0,2454240166.0,-15.3,-1120.0,2454264624.0,-13.7,-353.0,2454289919.0,-16.2,-496.0,2454315018.0,-9.97,-448.0,2454339998.0,-12.0,-952.0,2454364776.0,-13.0,-1060.0,2454389727.0,-11.3,-279.0,2454414878.0,-6.05,-507.0,2454440022.0,-7.89,-471.0,2454464995.0,-2.21,-619.0,2454489860.0,-4.86,-843.0,2454514835.0,-0.843,-962.0,2454540125.0,2.22,-1270.0,2454564944.0,4.38,1120.0,2454590044.0,2.08,-320.0,2454614947.0,2.55,-751.0,2454639943.0,4.63,-555.0,2454664683.0,6.05,1370.0,2454689555.0,5.64,1450.0,2454714547.0,5.58,1260.0,2454739451.0,7.38,-630.0,2454764566.0,5.44,-393.0,2454789796.0,5.44,-852.0,2454814977.0,8.89,-816.0,2454840190.0,6.58,1250.0,2454864965.0,9.2,-50.5,2454889900.0,9.58,-339.0,2454915157.0,13.0,-504.0,2454940142.0,9.15,-795.0,2454965213.0,11.2,-1030.0,2454989779.0,10.4,1420.0,2455014759.0,13.7,1190.0,2455040030.0,14.5,-621.0,2455065285.0,16.3,-705.0,2455090116.0,15.7,-647.0,2455115426.0,17.1,-830.0,2455140394.0,17.2,1500.0,2455165670.0,17.8,-277.0,2455190482.0,14.1,-514.0,2455215739.0,17.0,-656.0,2455240624.0,15.8,-618.0,2455265598.0,14.7,1460.0,2455290494.0,17.5,1290.0,2455315578.0,17.9,1360.0,2455340321.0,17.0,1190.0,2455365586.0,19.2,-616.0,2455390422.0,17.2,-847.0,2455416212.0,18.2,-933.0,2455440414.0,16.1,1380.0,2455465551.0,18.0,1190.0,2455490580.0,14.6,977.0,2455515590.0,18.7,-458.0,2455540612.0,16.5,-655.0,2455565743.0,17.7,-902.0,2455590782.0,15.7,-988.0,2455615596.0,17.2,1230.0,2455640475.0,14.1,1120.0,2455665675.0,16.4,-371.0,2455690473.0,15.1,-941.0,2455715696.0,16.5,-849.0,2455740531.0,14.8,1230.0,2455765500.0,16.2,-252.0,2455790636.0,13.8,1140.0,2455815707.0,15.3,-627.0,2455840347.0,14.9,-897.0,2455865549.0,14.5,-664.0,2455890337.0,17.4,-808.0,2455915726.0,17.7,-492.0,2455940399.0,14.8,-372.0
2454464995.0,-2.21,-619.0,2454489860.0,-4.86,-843.0,2454514835.0,-0.843,-962.0,2454540125.0,2.22,-1270.0,2454564944.0,4.38,1120.0,2454590044.0,2.08,-320.0,2454614947.0,2.55,-751.0,2454639943.0,4.63,-555.0,2454664683.0,6.05,1370.0,2454689555.0,5.64,1450.0,2454714547.0,5.58,1260.0,2454739451.0,7.38,-630.0,2454764566.0,5.44,-393.0,2454789796.0,5.44,-852.0,2454814977.0,8.89,-816.0,2454840190.0,6.58,1250.0,2454864965.0,9.2,-50.5,2454889900.0,9.58,-339.0,2454915157.0,13.0,-504.0,2454940142.0,9.15,-795.0,2454965213.0,11.2,-1030.0,2454989779.0,10.4,1420.0,2455014759.0,13.7,1190.0,2455040030.0,14.5,-621.0,2455065285.0,16.3,-705.0,2455090116.0,15.7,-647.0,2455115426.0,17.1,-830.0,2455140394.0,17.2,1500.0,2455165670.0,17.8,-277.0,2455190482.0,14.1,-514.0,2455215739.0,17.0,-656.0,2455240624.0,15.8,-618.0,2455265598.0,14.7,1460.0,2455290494.0,17.5,1290.0,2455315578.0,17.9,1360.0,2455340321.0,17.0,1190.0,2455365586.0,19.2,-616.0,2455390422.0,17.2,-847.0,2455416212.0,18.2,-933.0,2455440414.0,16.1,1380.0,2455465551.0,18.0,1190.0,2455490580.0,14.6,977.0,2455515590.0,18.7,-458.0,2455540612.0,16.5,-655.0,2455565743.0,17.7,-902.0,2455590782.0,15.7,-988.0,2455615596.0,17.2,1230.0,2455640475.0,14.1,1120.0,2455665675.0,16.4,-371.0,2455690473.0,15.1,-941.0,2455715696.0,16.5,-849.0,2455740531.0,14.8,1230.0,2455765500.0,16.2,-252.0,2455790636.0,13.8,1140.0,2455815707.0,15.3,-627.0,2455840347.0,14.9,-897.0,2455865549.0,14.5,-664.0,2455890337.0,17.4,-808.0,2455915726.0,17.7,-492.0,2455940399.0,14.8,-372.0,2455965620.0,14.9,-539.0,2455990390.0,15.9,-782.0,2456015373.0,14.6,1310.0,2456040385.0,12.5,-1090.0,2456065408.0,15.8,1250.0,2456090306.0,11.9,-205.0,2456140071.0,10.6,-648.0,2456164593.0,13.4,-743.0,2456189868.0,11.6,-739.0,2456215186.0,10.1,1470.0,2456239875.0,6.47,-429.0,2456264643.0,7.5,-362.0,2456289931.0,4.95,1050.0,2456314755.0,7.08,1450.0,2456340003.0,8.08,1250.0,2456364773.0,7.46,-141.0,2456389754.0,3.5,-394.0,2456414794.0,8.85,-697.0,2456440184.0,4.66,-390.0,2456465432.0,6.44,-580.0,2456490169.0,1.93,1320.0,2456515176.0,5.87,1180.0,2456540370.0,4.91,1320.0,2456565517.0,5.08,-363.0,2456590299.0,5.75,1530.0,2456615218.0,5.67,1340.0,2456640173.0,4.46,1420.0,2456665258.0,9.58,1320.0,2456690146.0,6.72,-553.0,2456715375.0,6.08,-739.0,2456740339.0,6.77,-941.0,2456765321.0,6.83,-865.0,2456790171.0,8.88,-1070.0,2456814984.0,8.73,-255.0,2456840153.0,9.71,-499.0,2456865422.0,12.3,979.0,2456890351.0,12.5,-886.0,2456915540.0,16.5,-1030.0,2456940370.0,16.3,1390.0,2456965527.0,16.9,-453.0
2455465551.0,18.0,1190.0,2455490580.0,14.6,977.0,2455515590.0,18.7,-458.0,2455540612.0,16.5,-655.0,2455565743.0,17.7,-902.0,2455590782.0,15.7,-988.0,2455615596.0,17.2,1230.0,2455640475.0,14.1,1120.0,2455665675.0,16.4,-371.0,2455690473.0,15.1,-941.0,2455715696.0,16.5,-849.0,2455740531.0,14.8,1230.0,2455765500.0,16.2,-252.0,2455790636.0,13.8,1140.0,2455815707.0,15.3,-627.0,2455840347.0,14.9,-897.0,2455865549.0,14.5,-664.0,2455890337.0,17.4,-808.0,2455915726.0,17.7,-492.0,2455940399.0,14.8,-372.0,2455965620.0,14.9,-539.0,2455990390.0,15.9,-782.0,2456015373.0,14.6,1310.0,2456040385.0,12.5,-1090.0,2456065408.0,15.8,1250.0,2456090306.0,11.9,-205.0,2456140071.0,10.6,-648.0,2456164593.0,13.4,-743.0,2456189868.0,11.6,-739.0,2456215186.0,10.1,1470.0,2456239875.0,6.47,-429.0,2456264643.0,7.5,-362.0,2456289931.0,4.95,1050.0,2456314755.0,7.08,1450.0,2456340003.0,8.08,1250.0,2456364773.0,7.46,-141.0,2456389754.0,3.5,-394.0,2456414794.0,8.85,-697.0,2456440184.0,4.66,-390.0,2456465432.0,6.44,-580.0,2456490169.0,1.93,1320.0,2456515176.0,5.87,1180.0,2456540370.0,4.91,1320.0,2456565517.0,5.08,-363.0,2456590299.0,5.75,1530.0,2456615218.0,5.67,1340.0,2456640173.0,4.46,1420.0,2456665258.0,9.58,1320.0,2456690146.0,6.72,-553.0,2456715375.0,6.08,-739.0,2456740339.0,6.77,-941.0,2456765321.0,6.83,-865.0,2456790171.0,8.88,-1070.0,2456814984.0,8.73,-255.0,2456840153.0,9.71,-499.0,2456865422.0,12.3,979.0,2456890351.0,12.5,-886.0,2456915540.0,16.5,-1030.0,2456940370.0,16.3,1390.0,2456965527.0,16.9,-453.0,2456991000.0,15.7,976.0,2457015950.0,23.4,1050.0,2457040610.0,20.6,-642.0,2457065619.0,25.2,-863.0,2457090415.0,24.5,1140.0,2457115546.0,29.9,1270.0,2457140517.0,27.4,1020.0,2457165568.0,33.6,-755.0,2457190337.0,34.0,-524.0,2457215577.0,34.0,-763.0,2457240666.0,34.6,-1070.0,2457265528.0,35.6,1380.0,2457290445.0,31.9,-442.0,2457315644.0,35.4,-257.0,2457340460.0,33.8,-511.0,2457365296.0,37.1,-777.0,2457390187.0,34.1,1330.0,2457415446.0,39.0,-1170.0,2457440234.0,34.0,-354.0,2457465353.0,37.7,-498.0,2457490568.0,31.5,-1060.0,2457515561.0,36.1,-601.0,2457540600.0,33.6,-802.0,2457565393.0,38.6,989.0,2457590400.0,34.5,1050.0,2457615541.0,37.7,-807.0,2457640536.0,36.2,-633.0,2457665599.0,37.0,-767.0,2457690668.0,36.1,1230.0,2457715837.0,38.1,-307.0,2457740628.0,36.8,-462.0,2457765414.0,38.3,-287.0,2457790613.0,35.0,-755.0,2457815762.0,35.6,-991.0,2457840411.0,35.3,1380.0,2457865501.0,39.8,1140.0,2457890249.0,35.5,-357.0,2457915458.0,8.59,-317.0,2457940429.0,37.0,-645.0,2457965484.0,37.1,-952.0
2456490169.0,1.93,1320.0,2456515176.0,5.87,1180.0,2456540370.0,4.91,1320.0,2456565517.0,5.08,-363.0,2456590299.0,5.75,1530.0,2456615218.0,5.67,1340.0,2456640173.0,4.46,1420.0,2456665258.0,9.58,1320.0,2456690146.0,6.72,-553.0,2456715375.0,6.08,-739.0,2456740339.0,6.77,-941.0,2456765321.0,6.83,-865.0,2456790171.0,8.88,-1070.0,2456814984.0,8.73,-255.0,2456840153.0,9.71,-499.0,2456865422.0,12.3,979.0,2456890351.0,12.5,-886.0,2456915540.0,16.5,-1030.0,2456940370.0,16.3,1390.0,2456965527.0,16.9,-453.0,2456991000.0,15.7,976.0,2457015950.0,23.4,1050.0,2457040610.0,20.6,-642.0,2457065619.0,25.2,-863.0,2457090415.0,24.5,1140.0,2457115546.0,29.9,1270.0,2457140517.0,27.4,1020.0,2457165568.0,33.6,-755.0,2457190337.0,34.0,-524.0,2457215577.0,34.0,-763.0,2457240666.0,34.6,-1070.0,2457265528.0,35.6,1380.0,2457290445.0,31.9,-442.0,2457315644.0,35.4,-257.0,2457340460.0,33.8,-511.0,2457365296.0,37.1,-777.0,2457390187.0,34.1,1330.0,2457415446.0,39.0,-1170.0,2457440234.0,34.0,-354.0,2457465353.0,37.7,-498.0,2457490568.0,31.5,-1060.0,2457515561.0,36.1,-601.0,2457540600.0,33.6,-802.0,2457565393.0,38.6,989.0,2457590400.0,34.5,1050.0,2457615541.0,37.7,-807.0,2457640536.0,36.2,-633.0,2457665599.0,37.0,-767.0,2457690668.0,36.1,1230.0,2457715837.0,38.1,-307.0,2457740628.0,36.8,-462.0,2457765414.0,38.3,-287.0,2457790613.0,35.0,-755.0,2457815762.0,35.6,-991.0,2457840411.0,35.3,1380.0,2457865501.0,39.8,1140.0,2457890249.0,35.5,-357.0,2457915458.0,8.59,-317.0,2457940429.0,37.0,-645.0,2457965484.0,37.1,-952.0,2457990442.0,31.6,1170.0,2458015245.0,33.2,1350.0,2458040695.0,29.5,1420.0,2458065636.0,33.9,-325.0,2458090471.0,31.2,-579.0,2458115250.0,31.3,-791.0,2458140231.0,28.3,-1040.0,2458165281.0,31.6,-225.0,2458190360.0,27.4,1190.0,2458215657.0,30.1,-669.0,2458240609.0,27.3,-818.0,2458265291.0,30.0,-683.0,2458290537.0,28.0,-982.0,2458315495.0,30.2,1510.0,2458340406.0,26.8,1250.0,2458365509.0,29.6,1160.0,2458390375.0,28.0,-442.0,2458415536.0,30.0,-963.0,2458440364.0,26.8,1470.0,2458465545.0,30.4,-917.0,2458490678.0,25.9,1350.0,2458515597.0,27.4,-345.0,2458540259.0,26.8,-211.0,2458565091.0,27.6,-750.0,2458590640.0,26.3,1580.0,2458614951.0,27.7,-1180.0,2458640020.0,26.4,1240.0,2458664772.0,25.8,-303.0,2458689661.0,23.7,-567.0,2458714611.0,19.8,-392.0,2458739644.0,17.5,1280.0,2458764443.0,16.5,-1160.0,2458789562.0,7.82,1160.0,2458814759.0,7.73,-254.0,2458839243.0,0.515,-484.0,2458864207.0,-1.29,-1000.0,2458889574.0,-6.38,-603.0,2458914668.0,-8.04,1150.0,2458939479.0,-11.5,1270.0,2458964408.0,-8.52,1170.0
2462089389.0,-25.1,-884.0,2462114407.0,-30.5,1140.0,2462139386.0,-26.4,1250.0,2462163963.0,-34.3,1060.0,2462188847.0,-28.6,1170.0,2462214035.0,-35.0,-634.0,2462239405.0,-28.3,-757.0,2462264081.0,-31.9,1250.0,2462289144.0,-26.5,1080.0,2462314094.0,-31.4,-451.0,2462339084.0,-29.6,1020.0,2462363915.0,-33.6,-852.0,2462388638.0,-30.6,-776.0,2462413715.0,-34.3,1080.0,2462438878.0,-29.9,-1100.0,2462464087.0,-31.0,986.0,2462489376.0,-28.9,-757.0,2462513986.0,-31.7,-730.0,2462539374.0,-25.1,-914.0,2462563937.0,-31.3,-1070.0,2462588586.0,-26.3,1250.0,2462613955.0,-30.4,1070.0,2462639053.0,-23.2,880.0,2462663944.0,-26.7,-523.0,2462688862.0,-24.2,-719.0,2462713903.0,-29.6,1230.0,2462738992.0,-23.9,1050.0,2462763977.0,-27.7,-439.0,2462789288.0,-22.6,-624.0,2462814210.0,-30.2,-434.0,2462839374.0,-25.3,-1020.0,2462863962.0,-29.3,1350.0,2462888675.0,-21.6,1160.0,2462913845.0,-29.6,-259.0,2462938844.0,-25.8,-462.0,2462963803.0,-30.5,-720.0,2462988862.0,-26.3,-847.0,2463013818.0,-30.5,-1090.0,2463039201.0,-27.4,1310.0,2463063951.0,-27.5,1180.0,2463089211.0,-25.1,-352.0,2463114160.0,-30.4,-868.0,2463139249.0,-26.1,-730.0,2463164045.0,-30.9,1280.0,2463189263.0,-25.4,-1160.0,2463214632.0,-30.0,1230.0,2463239486.0,-26.4,977.0,2463264106.0,-30.9,-757.0,2463289318.0,-28.2,-707.0,2463314468.0,-30.6,-848.0,2463339429.0,-27.1,1190.0,2463364030.0,-33.8,1090.0,2463389239.0,-26.6,-533.0,2463414273.0,-32.9,-692.0,2463439461.0,-25.8,-876.0,2463464473.0,-33.3,-718.0,2463489602.0,-30.2,1290.0,2463514717.0,-30.5,1140.0,2463539988.0,-30.5,-340.0,2463565027.0,-30.6,-483.0,2463590176.0,-26.5,-728.0,2463615147.0,-28.5,-870.0,2463640165.0,-27.6,1560.0,2463665321.0,-26.5,1370.0,2463690344.0,-27.4,-217.0,2463715423.0,-24.7,879.0,2463740387.0,-25.6,-938.0,2463765248.0,-24.7,-813.0,2463790497.0,-21.5,1270.0,2463815486.0,-22.7,-1140.0,2463840264.0,-23.3,1180.0,2463865234.0,-23.7,-620.0,2463889973.0,-23.2,-407.0,2463914906.0,-22.3,-1040.0,2463940052.0,-23.3,1360.0,2463965101.0,-20.3,-1040.0,2463990392.0,-21.3,-311.0,2464015215.0,-19.9,1100.0,2464040134.0,-18.5,-743.0,2464065196.0,-19.4,-842.0,2464090300.0,-16.9,-988.0,2464115564.0,-19.6,1360.0,2464140596.0,-15.6,1170.0,2464165670.0,-14.0,-705.0,2464190760.0,-15.9,-518.0,2464216091.0,-12.3,-386.0,2464240746.0,-15.2,1290.0,2464265474.0,-14.8,-818.0,2464290636.0,-14.1,1270.0,2464315395.0,-15.1,1020.0,2464340248.0,-18.0,-762.0,2464365029.0,-20.4,-675.0,2464389833.0,-21.6,-771.0,2464415132.0,-20.8,-934.0,2464440250.0,-19.2,1390.0,2464465414.0,-17.5,-738.0,2464490291.0,-16.5,-625.0,2464515250.0,-18.6,-560.0,2464540177.0,-17.7,-1010.0,2464564915.0,-20.2,-897.0
2463089211.0,-25.1,-352.0,2463114160.0,-30.4,-868.0,2463139249.0,-26.1,-730.0,2463164045.0,-30.9,1280.0,2463189263.0,-25.4,-1160.0,2463214632.0,-30.0,1230.0,2463239486.0,-26.4,977.0,2463264106.0,-30.9,-757.0,2463289318.0,-28.2,-707.0,2463314468.0,-30.6,-848.0,2463339429.0,-27.1,1190.0,2463364030.0,-33.8,1090.0,2463389239.0,-26.6,-533.0,2463414273.0,-32.9,-692.0,2463439461.0,-25.8,-876.0,2463464473.0,-33.3,-718.0,2463489602.0,-30.2,1290.0,2463514717.0,-30.5,1140.0,2463539988.0,-30.5,-340.0,2463565027.0,-30.6,-483.0,2463590176.0,-26.5,-728.0,2463615147.0,-28.5,-870.0,2463640165.0,-27.6,1560.0,2463665321.0,-26.5,1370.0,2463690344.0,-27.4,-217.0,2463715423.0,-24.7,879.0,2463740387.0,-25.6,-938.0,2463765248.0,-24.7,-813.0,2463790497.0,-21.5,1270.0,2463815486.0,-22.7,-1140.0,2463840264.0,-23.3,1180.0,2463865234.0,-23.7,-620.0,2463889973.0,-23.2,-407.0,2463914906.0,-22.3,-1040.0,2463940052.0,-23.3,1360.0,2463965101.0,-20.3,-1040.0,2463990392.0,-21.3,-311.0,2464015215.0,-19.9,1100.0,2464040134.0,-18.5,-743.0,2464065196.0,-19.4,-842.0,2464090300.0,-16.9,-988.0,2464115564.0,-19.6,1360.0,2464140596.0,-15.6,1170.0,2464165670.0,-14.0,-705.0,2464190760.0,-15.9,-518.0,2464216091.0,-12.3,-386.0,2464240746.0,-15.2,1290.0,2464265474.0,-14.8,-818.0,2464290636.0,-14.1,1270.0,2464315395.0,-15.1,1020.0,2464340248.0,-18.0,-762.0,2464365029.0,-20.4,-675.0,2464389833.0,-21.6,-771.0,2464415132.0,-20.8,-934.0,2464440250.0,-19.2,1390.0,2464465414.0,-17.5,-738.0,2464490291.0,-16.5,-625.0,2464515250.0,-18.6,-560.0,2464540177.0,-17.7,-1010.0,2464564915.0,-20.2,-897.0,2464589944.0,-20.7,1170.0,2464615209.0,-17.5,-304.0,2464640244.0,-18.3,-834.0,2464665474.0,-14.9,-1020.0,2464690647.0,-17.1,-1210.0,2464715166.0,-19.6,-1100.0,2464739895.0,-16.4,-285.0,2464764437.0,-19.7,-546.0,2464789705.0,-17.4,-732.0,2464814854.0,-18.1,-597.0,2464840084.0,-21.1,-837.0,2464865202.0,-15.0,-923.0,2464890117.0,-15.5,1020.0,2464915298.0,-15.2,1180.0,2464940067.0,-17.1,-612.0,2464965243.0,-18.2,-793.0,2464990177.0,-19.1,-906.0,2465015128.0,-17.4,1380.0,2465040342.0,-17.4,1470.0,2465065470.0,-14.9,1340.0,2465090189.0,-17.3,-487.0,2465115550.0,-15.3,-667.0,2465140557.0,-18.3,-862.0,2465165391.0,-18.5,-1070.0,2465190721.0,-17.4,1340.0,2465215855.0,-13.9,-423.0,2465240675.0,-19.3,1320.0,2465265711.0,-15.4,-523.0,2465290976.0,-15.4,-669.0,2465315939.0,-13.2,-846.0,2465340447.0,-17.7,1510.0,2465365635.0,-15.1,-929.0,2465390914.0,-16.3,1080.0,2465416245.0,-15.8,-400.0,2465440982.0,-17.1,-825.0,2465465894.0,-16.0,-711.0,2465490762.0,-19.6,-910.0,2465515664.0,-22.1,1320.0,2465540701.0,-19.3,1130.0,2465565752.0,-18.8,-593.0
2464090300.0,-16.9,-988.0,2464115564.0,-19.6,1360.0,2464140596.0,-15.6,1170.0,2464165670.0,-14.0,-705.0,2464190760.0,-15.9,-518.0,2464216091.0,-12.3,-386.0,2464240746.0,-15.2,1290.0,2464265474.0,-14.8,-818.0,2464290636.0,-14.1,1270.0,2464315395.0,-15.1,1020.0,2464340248.0,-18.0,-762.0,2464365029.0,-20.4,-675.0,2464389833.0,-21.6,-771.0,2464415132.0,-20.8,-934.0,2464440250.0,-19.2,1390.0,2464465414.0,-17.5,-738.0,2464490291.0,-16.5,-625.0,2464515250.0,-18.6,-560.0,2464540177.0,-17.7,-1010.0,2464564915.0,-20.2,-897.0,2464589944.0,-20.7,1170.0,2464615209.0,-17.5,-304.0,2464640244.0,-18.3,-834.0,2464665474.0,-14.9,-1020.0,2464690647.0,-17.1,-1210.0,2464715166.0,-19.6,-1100.0,2464739895.0,-16.4,-285.0,2464764437.0,-19.7,-546.0,2464789705.0,-17.4,-732.0,2464814854.0,-18.1,-597.0,2464840084.0,-21.1,-837.0,2464865202.0,-15.0,-923.0,2464890117.0,-15.5,1020.0,2464915298.0,-15.2,1180.0,2464940067.0,-17.1,-612.0,2464965243.0,-18.2,-793.0,2464990177.0,-19.1,-906.0,2465015128.0,-17.4,1380.0,2465040342.0,-17.4,1470.0,2465065470.0,-14.9,1340.0,2465090189.0,-17.3,-487.0,2465115550.0,-15.3,-667.0,2465140557.0,-18.3,-862.0,2465165391.0,-18.5,-1070.0,2465190721.0,-17.4,1340.0,2465215855.0,-13.9,-423.0,2465240675.0,-19.3,1320.0,2465265711.0,-15.4,-523.0,2465290976.0,-15.4,-669.0,2465315939.0,-13.2,-846.0,2465340447.0,-17.7,1510.0,2465365635.0,-15.1,-929.0,2465390914.0,-16.3,1080.0,2465416245.0,-15.8,-400.0,2465440982.0,-17.1,-825.0,2465465894.0,-16.0,-711.0,2465490762.0,-19.6,-910.0,2465515664.0,-22.1,1320.0,2465540701.0,-19.3,1130.0,2465565752.0,-18.8,-593.0,2465590643.0,-17.0,-489.0,2465615635.0,-20.1,-1020.0,2465640633.0,-19.8,-811.0,2465665772.0,-15.4,1120.0,2465690745.0,-19.5,-363.0,2465716088.0,-16.8,-440.0,2465740501.0,-17.7,-653.0,2465765249.0,-16.9,-1250.0,2465790409.0,-19.7,1490.0,2465815140.0,-16.9,-367.0,2465840121.0,-18.3,-601.0,2465865130.0,-20.3,-473.0,2465889793.0,-17.5,-673.0,2465915105.0,-20.1,1400.0,2465940075.0,-20.4,-1060.0,2465965232.0,-19.7,1340.0,2465989780.0,-17.9,1090.0,2466014804.0,-22.6,-309.0,2466040184.0,-20.3,-865.0,2466065892.0,-16.5,-698.0,2466090380.0,-22.0,1340.0,2466115197.0,-20.8,1130.0,2466140366.0,-21.8,-362.0,2466165545.0,-16.0,-535.0,2466190619.0,-21.7,1210.0,2466215453.0,-19.3,-909.0,2466240246.0,-22.3,1120.0,2466265396.0,-19.9,-954.0,2466290604.0,-21.4,1360.0,2466315855.0,-16.9,1320.0,2466340604.0,-21.7,-540.0,2466365557.0,-19.8,-1120.0,2466390402.0,-21.9,-936.0,2466415383.0,-22.5,1380.0,2466440374.0,-20.8,-439.0,2466465213.0,-21.8,-314.0,2466489993.0,-24.5,-739.0,2466515337.0,-17.3,-585.0,2466540399.0,-21.4,-839.0,2466565619.0,-15.9,1310.0
2465090189.0,-17.3,-487.0,2465115550.0,-15.3,-667.0,2465140557.0,-18.3,-862.0,2465165391.0,-18.5,-1070.0,2465190721.0,-17.4,1340.0,2465215855.0,-13.9,-423.0,2465240675.0,-19.3,1320.0,2465265711.0,-15.4,-523.0,2465290976.0,-15.4,-669.0,2465315939.0,-13.2,-846.0,2465340447.0,-17.7,1510.0,2465365635.0,-15.1,-929.0,2465390914.0,-16.3,1080.0,2465416245.0,-15.8,-400.0,2465440982.0,-17.1,-825.0,2465465894.0,-16.0,-711.0,2465490762.0,-19.6,-910.0,2465515664.0,-22.1,1320.0,2465540701.0,-19.3,1130.0,2465565752.0,-18.8,-593.0,2465590643.0,-17.0,-489.0,2465615635.0,-20.1,-1020.0,2465640633.0,-19.8,-811.0,2465665772.0,-15.4,1120.0,2465690745.0,-19.5,-363.0,2465716088.0,-16.8,-440.0,2465740501.0,-17.7,-653.0,2465765249.0,-16.9,-1250.0,2465790409.0,-19.7,1490.0,2465815140.0,-16.9,-367.0,2465840121.0,-18.3,-601.0,2465865130.0,-20.3,-473.0,2465889793.0,-17.5,-673.0,2465915105.0,-20.1,1400.0,2465940075.0,-20.4,-1060.0,2465965232.0,-19.7,1340.0,2465989780.0,-17.9,1090.0,2466014804.0,-22.6,-309.0,2466040184.0,-20.3,-865.0,2466065892.0,-16.5,-698.0,2466090380.0,-22.0,1340.0,2466115197.0,-20.8,1130.0,2466140366.0,-21.8,-362.0,2466165545.0,-16.0,-535.0,2466190619.0,-21.7,1210.0,2466215453.0,-19.3,-909.0,2466240246.0,-22.3,1120.0,2466265396.0,-19.9,-954.0,2466290604.0,-21.4,1360.0,2466315855.0,-16.9,1320.0,2466340604.0,-21.7,-540.0,2466365557.0,-19.8,-1120.0,2466390402.0,-21.9,-936.0,2466415383.0,-22.5,1380.0,2466440374.0,-20.8,-439.0,2466465213.0,-21.8,-314.0,2466489993.0,-24.5,-739.0,2466515337.0,-17.3,-585.0,2466540399.0,-21.4,-839.0,2466565619.0,-15.9,1310.0,2466590755.0,-17.5,-249.0,2466615583.0,-15.7,-393.0,2466640491.0,-14.4,910.0,2466665709.0,-10.0,-784.0,2466690963.0,-13.7,-661.0,2466715717.0,-12.6,-849.0,2466740493.0,-12.8,1170.0,2466765562.0,-12.3,-600.0,2466790824.0,-14.9,-520.0,2466816073.0,-11.0,909.0,2466840705.0,-15.9,-913.0,2466865614.0,-14.4,1480.0,2466890815.0,-14.1,-390.0,2466916132.0,-14.8,-202.0,2466940989.0,-13.7,-722.0,2466965860.0,-10.4,-873.0,2466990748.0,-10.4,-786.0,2467015825.0,-12.5,1320.0,2467040726.0,-14.5,1400.0,2467065728.0,-10.3,-354.0,2467090525.0,-12.9,-618.0,2467115374.0,-14.4,-845.0,2467140249.0,-13.5,-970.0,2467165365.0,-11.0,1440.0,2467190622.0,-12.5,-993.0,2467215378.0,-10.3,1010.0,2467240049.0,-9.86,-504.0,2467264569.0,-14.7,-616.0,2467289751.0,-15.1,1200.0,2467314890.0,-11.6,-1050.0,2467340290.0,-10.9,1370.0,2467365248.0,-9.27,-504.0,2467390393.0,-7.32,932.0,2467415664.0,-0.028,-535.0,2467440532.0,-7.6,-810.0,2467465374.0,-5.15,-888.0,2467490484.0,-6.73,1050.0,2467515720.0,-4.28,1280.0,2467540680.0,-7.02,-273.0,2467565822.0,-4.83,-357.0
2466090380.0,-22.0,1340.0,2466115197.0,-20.8,1130.0,2466140366.0,-21.8,-362.0,2466165545.0,-16.0,-535.0,2466190619.0,-21.7,1210.0,2466215453.0,-19.3,-909.0,2466240246.0,-22.3,1120.0,2466265396.0,-19.9,-954.0,2466290604.0,-21.4,1360.0,2466315855.0,-16.9,1320.0,2466340604.0,-21.7,-540.0,2466365557.0,-19.8,-1120.0,2466390402.0,-21.9,-936.0,2466415383.0,-22.5,1380.0,2466440374.0,-20.8,-439.0,2466465213.0,-21.8,-314.0,2466489993.0,-24.5,-739.0,2466515337.0,-17.3,-585.0,2466540399.0,-21.4,-839.0,2466565619.0,-15.9,1310.0,2466590755.0,-17.5,-249.0,2466615583.0,-15.7,-393.0,2466640491.0,-14.4,910.0,2466665709.0,-10.0,-784.0,2466690963.0,-13.7,-661.0,2466715717.0,-12.6,-849.0,2466740493.0,-12.8,1170.0,2466765562.0,-12.3,-600.0,2466790824.0,-14.9,-520.0,2466816073.0,-11.0,909.0,2466840705.0,-15.9,-913.0,2466865614.0,-14.4,1480.0,2466890815.0,-14.1,-390.0,2466916132.0,-14.8,-202.0,2466940989.0,-13.7,-722.0,2466965860.0,-10.4,-873.0,2466990748.0,-10.4,-786.0,2467015825.0,-12.5,1320.0,2467040726.0,-14.5,1400.0,2467065728.0,-10.3,-354.0,2467090525.0,-12.9,-618.0,2467115374.0,-14.4,-845.0,2467140249.0,-13.5,-970.0,2467165365.0,-11.0,1440.0,2467190622.0,-12.5,-993.0,2467215378.0,-10.3,1010.0,2467240049.0,-9.86,-504.0,2467264569.0,-14.7,-616.0,2467289751.0,-15.1,1200.0,2467314890.0,-11.6,-1050.0,2467340290.0,-10.9,1370.0,2467365248.0,-9.27,-504.0,2467390393.0,-7.32,932.0,2467415664.0,-0.028,-535.0,2467440532.0,-7.6,-810.0,2467465374.0,-5.15,-888.0,2467490484.0,-6.73,1050.0,2467515720.0,-4.28,1280.0,2467540680.0,-7.02,-273.0,2467565822.0,-4.83,-357.0,2467590978.0,-5.55,-952.0,2467615680.0,-9.08,-854.0,2467640693.0,-10.2,-1010.0,2467665696.0,-6.67,1410.0,2467690909.0,-10.2,1120.0,2467715752.0,-8.26,-347.0,2467740326.0,-13.4,-589.0,2467765513.0,-12.3,-1030.0,2467790703.0,-11.8,1330.0,2467815945.0,-8.04,1230.0,2467840741.0,-10.7,-393.0,2467865569.0,-9.89,-548.0,2467890724.0,-12.2,-641.0,2467916002.0,-11.0,-834.0,2467940641.0,-10.4,-1050.0,2467965481.0,-10.4,1230.0,2467990122.0,-11.5,-580.0,2468015017.0,-13.4,-467.0,2468040369.0,-14.2,-597.0,2468065369.0,-13.0,-1110.0,2468090129.0,-12.6,1310.0,2468114977.0,-14.8,1010.0,2468140339.0,-10.8,1210.0,2468165568.0,-7.94,-601.0,2468190776.0,-11.0,-791.0,2468215688.0,-11.4,-622.0,2468240400.0,-16.4,1400.0,2468265491.0,-13.9,-1080.0,2468290389.0,-14.6,-283.0,2468315441.0,-15.6,-461.0,2468340319.0,-15.0,-358.0,2468365293.0,-17.0,-871.0,2468390201.0,-16.3,-809.0,2468415476.0,-17.3,1380.0,2468440437.0,-18.4,-465.0,2468465414.0,-16.2,-402.0,2468490139.0,-17.7,-676.0,2468515275.0,-17.7,-1080.0,2468540325.0,-19.9,-994.0,2468565560.0,-17.7,1470.0
2467090525.0,-12.9,-618.0,2467115374.0,-14.4,-845.0,2467140249.0,-13.5,-970.0,2467165365.0,-11.0,1440.0,2467190622.0,-12.5,-993.0,2467215378.0,-10.3,1010.0,2467240049.0,-9.86,-504.0,2467264569.0,-14.7,-616.0,2467289751.0,-15.1,1200.0,2467314890.0,-11.6,-1050.0,2467340290.0,-10.9,1370.0,2467365248.0,-9.27,-504.0,2467390393.0,-7.32,932.0,2467415664.0,-0.028,-535.0,2467440532.0,-7.6,-810.0,2467465374.0,-5.15,-888.0,2467490484.0,-6.73,1050.0,2467515720.0,-4.28,1280.0,2467540680.0,-7.02,-273.0,2467565822.0,-4.83,-357.0,2467590978.0,-5.55,-952.0,2467615680.0,-9.08,-854.0,2467640693.0,-10.2,-1010.0,2467665696.0,-6.67,1410.0,2467690909.0,-10.2,1120.0,2467715752.0,-8.26,-347.0,2467740326.0,-13.4,-589.0,2467765513.0,-12.3,-1030.0,2467790703.0,-11.8,1330.0,2467815945.0,-8.04,1230.0,2467840741.0,-10.7,-393.0,2467865569.0,-9.89,-548.0,2467890724.0,-12.2,-641.0,2467916002.0,-11.0,-834.0,2467940641.0,-10.4,-1050.0,2467965481.0,-10.4,1230.0,2467990122.0,-11.5,-580.0,2468015017.0,-13.4,-467.0,2468040369.0,-14.2,-597.0,2468065369.0,-13.0,-1110.0,2468090129.0,-12.6,1310.0,2468114977.0,-14.8,1010.0,2468140339.0,-10.8,1210.0,2468165568.0,-7.94,-601.0,2468190776.0,-11.0,-791.0,2468215688.0,-11.4,-622.0,2468240400.0,-16.4,1400.0,2468265491.0,-13.9,-1080.0,2468290389.0,-14.6,-283.0,2468315441.0,-15.6,-461.0,2468340319.0,-15.0,-358.0,2468365293.0,-17.0,-871.0,2468390201.0,-16.3,-809.0,2468415476.0,-17.3,1380.0,2468440437.0,-18.4,-465.0,2468465414.0,-16.2,-402.0,2468490139.0,-17.7,-676.0,2468515275.0,-17.7,-1080.0,2468540325.0,-19.9,-994.0,2468565560.0,-17.7,1470.0,2468590823.0,-19.0,-276.0,2468615931.0,-15.8,-596.0,2468640591.0,-16.3,1200.0,2468665680.0,-16.8,-947.0,2468690777.0,-17.7,1420.0,2468715606.0,-18.0,-952.0,2468740268.0,-19.2,1320.0,2468765399.0,-15.7,1220.0,2468790429.0,-17.7,-511.0,2468815623.0,-13.0,-512.0,2468840713.0,-13.7,-625.0,2468865797.0,-12.7,-1200.0,2468890768.0,-13.1,1150.0,2468916036.0,-12.6,-272.0,2468940898.0,-12.6,1180.0,2468965736.0,-11.7,-734.0,2468990731.0,-10.4,-811.0,2469015990.0,-12.3,-744.0,2469040750.0,-8.74,-901.0,2469065518.0,-7.16,995.0,2469090722.0,-11.8,-651.0,2469115993.0,-8.57,-885.0,2469140696.0,-9.09,-745.0,2469165865.0,-4.57,1300.0,2469190770.0,-9.11,1120.0,2469215764.0,-6.95,1240.0,2469240546.0,-8.23,-566.0,2469265558.0,-4.13,-385.0,2469290768.0,-6.07,-907.0,2469315827.0,-6.03,1380.0,2469340726.0,-8.19,1240.0,2469365768.0,-3.06,-222.0,2469390943.0,-5.31,868.0,2469415958.0,-4.41,-344.0,2469440589.0,-6.13,-547.0,2469465332.0,-7.88,-1030.0,2469490300.0,-8.51,1350.0,2469515268.0,-3.41,1120.0,2469540341.0,-6.55,923.0,2469565505.0,-3.45,-831.0
2468090129.0,-12.6,1310.0,2468114977.0,-14.8,1010.0,2468140339.0,-10.8,1210.0,2468165568.0,-7.94,-601.0,2468190776.0,-11.0,-791.0,2468215688.0,-11.4,-622.0,2468240400.0,-16.4,1400.0,2468265491.0,-13.9,-1080.0,2468290389.0,-14.6,-283.0,2468315441.0,-15.6,-461.0,2468340319.0,-15.0,-358.0,2468365293.0,-17.0,-871.0,2468390201.0,-16.3,-809.0,2468415476.0,-17.3,1380.0,2468440437.0,-18.4,-465.0,2468465414.0,-16.2,-402.0,2468490139.0,-17.7,-676.0,2468515275.0,-17.7,-1080.0,2468540325.0,-19.9,-994.0,2468565560.0,-17.7,1470.0,2468590823.0,-19.0,-276.0,2468615931.0,-15.8,-596.0,2468640591.0,-16.3,1200.0,2468665680.0,-16.8,-947.0,2468690777.0,-17.7,1420.0,2468715606.0,-18.0,-952.0,2468740268.0,-19.2,1320.0,2468765399.0,-15.7,1220.0,2468790429.0,-17.7,-511.0,2468815623.0,-13.0,-512.0,2468840713.0,-13.7,-625.0,2468865797.0,-12.7,-1200.0,2468890768.0,-13.1,1150.0,2468916036.0,-12.6,-272.0,2468940898.0,-12.6,1180.0,2468965736.0,-11.7,-734.0,2468990731.0,-10.4,-811.0,2469015990.0,-12.3,-744.0,2469040750.0,-8.74,-901.0,2469065518.0,-7.16,995.0,2469090722.0,-11.8,-651.0,2469115993.0,-8.57,-885.0,2469140696.0,-9.09,-745.0,2469165865.0,-4.57,1300.0,2469190770.0,-9.11,1120.0,2469215764.0,-6.95,1240.0,2469240546.0,-8.23,-566.0,2469265558.0,-4.13,-385.0,2469290768.0,-6.07,-907.0,2469315827.0,-6.03,1380.0,2469340726.0,-8.19,1240.0,2469365768.0,-3.06,-222.0,2469390943.0,-5.31,868.0,2469415958.0,-4.41,-344.0,2469440589.0,-6.13,-547.0,2469465332.0,-7.88,-1030.0,2469490300.0,-8.51,1350.0,2469515268.0,-3.41,1120.0,2469540341.0,-6.55,923.0,2469565505.0,-3.45,-831.0,2469590623.0,-6.27,-633.0,2469615601.0,-4.05,1360.0,2469640502.0,-3.02,1150.0,2469665290.0,-4.02,-257.0,2469690540.0,-5.26,-569.0,2469715370.0,-3.85,-394.0,2469740390.0,-5.59,-909.0,2469765543.0,-2.79,-1190.0,2469790614.0,-2.1,1240.0,2469815465.0,-0.893,1480.0,2469840520.0,-5.13,1150.0,2469865215.0,1.61,-548.0,2469890510.0,-2.12,-750.0,2469915478.0,3.17,-1020.0,2469940014.0,-3.24,-263.0,2469964891.0,-1.18,1070.0,2469989954.0,-2.37,1340.0,2470015243.0,-0.0653,-902.0,2470040271.0,-2.96,-709.0,2470065364.0,1.31,-891.0,2470090446.0,0.0926,-757.0,2470115216.0,1.7,-327.0,2470140372.0,0.446,1170.0,2470165992.0,3.36,-355.0,2470190565.0,1.73,-137.0,2470215363.0,4.98,-655.0,2470240206.0,-1.48,-927.0,2470265402.0,5.16,1100.0,2470290601.0,0.845,-385.0,2470315866.0,4.5,1100.0,2470340681.0,1.71,-427.0,2470365651.0,3.79,-622.0,2470390901.0,2.5,1430.0,2470415838.0,3.14,1340.0,2470440591.0,3.46,1080.0,2470465601.0,3.89,-447.0,2470490813.0,1.94,-575.0,2470516088.0,2.57,-807.0,2470540750.0,4.81,-1020.0,2470565859.0,2.91,-896.0
2469090722.0,-11.8,-651.0,2469115993.0,-8.57,-885.0,2469140696.0,-9.09,-745.0,2469165865.0,-4.57,1300.0,2469190770.0,-9.11,1120.0,2469215764.0,-6.95,1240.0,2469240546.0,-8.23,-566.0,2469265558.0,-4.13,-385.0,2469290768.0,-6.07,-907.0,2469315827.0,-6.03,1380.0,2469340726.0,-8.19,1240.0,2469365768.0,-3.06,-222.0,2469390943.0,-5.31,868.0,2469415958.0,-4.41,-344.0,2469440589.0,-6.13,-547.0,2469465332.0,-7.88,-1030.0,2469490300.0,-8.51,1350.0,2469515268.0,-3.41,1120.0,2469540341.0,-6.55,923.0,2469565505.0,-3.45,-831.0,2469590623.0,-6.27,-633.0,2469615601.0,-4.05,1360.0,2469640502.0,-3.02,1150.0,2469665290.0,-4.02,-257.0,2469690540.0,-5.26,-569.0,2469715370.0,-3.85,-394.0,2469740390.0,-5.59,-909.0,2469765543.0,-2.79,-1190.0,2469790614.0,-2.1,1240.0,2469815465.0,-0.893,1480.0,2469840520.0,-5.13,1150.0,2469865215.0,1.61,-548.0,2469890510.0,-2.12,-750.0,2469915478.0,3.17,-1020.0,2469940014.0,-3.24,-263.0,2469964891.0,-1.18,1070.0,2469989954.0,-2.37,1340.0,2470015243.0,-0.0653,-902.0,2470040271.0,-2.96,-709.0,2470065364.0,1.31,-891.0,2470090446.0,0.0926,-757.0,2470115216.0,1.7,-327.0,2470140372.0,0.446,1170.0,2470165992.0,3.36,-355.0,2470190565.0,1.73,-137.0,2470215363.0,4.98,-655.0,2470240206.0,-1.48,-927.0,2470265402.0,5.16,1100.0,2470290601.0,0.845,-385.0,2470315866.0,4.5,1100.0,2470340681.0,1.71,-427.0,2470365651.0,3.79,-622.0,2470390901.0,2.5,1430.0,2470415838.0,3.14,1340.0,2470440591.0,3.46,1080.0,2470465601.0,3.89,-447.0,2470490813.0,1.94,-575.0,2470516088.0,2.57,-807.0,2470540750.0,4.81,-1020.0,2470565859.0,2.91,-896.0,2470591018.0,4.22,-375.0,2470615829.0,5.29,1050.0,2470640703.0,3.95,1200.0,2470665634.0,6.75,-1040.0,2470690718.0,3.23,-840.0,2470715467.0,8.03,-1090.0,2470740258.0,3.22,1290.0,2470765423.0,5.19,-523.0,2470790667.0,4.7,-641.0,2470815543.0,5.88,-900.0,2470840777.0,8.5,-697.0,2470865841.0,7.14,-847.0,2470891055.0,8.74,1130.0,2470916048.0,5.07,1260.0,2470941302.0,6.32,1070.0,2470966294.0,8.48,-656.0,2470991243.0,8.7,-901.0,2471016345.0,11.5,-1180.0,2471040831.0,12.1,1340.0,2471066024.0,13.6,1060.0,2471090726.0,12.2,-441.0,2471115865.0,13.4,-570.0,2471140715.0,14.4,1420.0,2471165526.0,13.8,-321.0,2471190540.0,13.2,1330.0,2471215262.0,13.7,-447.0,2471240322.0,10.9,-598.0,2471265630.0,15.2,-481.0,2471290554.0,11.0,-975.0,2471315702.0,15.7,1410.0,2471340732.0,12.8,-979.0,2471365767.0,12.0,1330.0,2471390989.0,14.1,1170.0,2471415971.0,15.3,-624.0,2471441351.0,17.1,-757.0,2471466153.0,16.0,-698.0,2471491295.0,20.0,1370.0,2471515836.0,22.8,1130.0,2471540713.0,22.3,-378.0,2471565803.0,23.5,1040.0
