-2.015140074103369372e+01,-2.809952611316245097e+01,4.022138909636220205e+01,-3.711700462601719153e+01,3.204628034742691423e+00
-2.000601988278952703e+01,-2.430673135195327106e+01,3.093694434731051501e+01,-2.704710608537746452e+01,1.596613053904494484e+00
-2.599643469775933724e+01,-1.688941844294157946e+01,2.080527691678642199e+01,-1.768601983497717711e+01,1.103436161258676940e+01
-2.552807890854125716e+01,-1.168664625778678001e+01,1.137555813632011592e+01,-1.180447050058626957e+01,5.364523428746821310e+00
-2.499792043117683704e+01,-1.353202410938006750e+01,1.609219449502847610e+01,-1.357745293045152479e+01,1.191728452117824411e+01
-2.027037806810454512e+01,-1.682057875082752574e+01,1.937744245317600900e+01,-1.442597940329073580e+01,7.308072112758825511e+00
-1.615518955868426332e+01,-2.298750698618455957e+01,3.346003201787863901e+01,-4.134688584094463693e+01,-6.413872828543431659e+00
-1.329443092414299343e+01,-1.991585933338920356e+01,2.749025929500191268e+01,-3.447321522166338070e+01,-5.013420178200443722e+00
-1.569350916021158682e+01,-2.240370105995437555e+01,3.873096757378816335e+01,-3.620113928787591817e+01,-1.168022251038221881e+00
-2.079543066139619611e+01,-2.018905401712031988e+01,2.492420434601859469e+01,-2.716484705827418722e+01,5.452853215252277508e+00
-2.072419098731188924e+01,-1.691936227249590630e+01,1.964607393332328655e+01,-2.108570470290759147e+01,3.664458533895269987e+00
-2.461934084087745944e+01,-1.541813852722576783e+01,1.716495582350451699e+01,-2.037448738108139068e+01,1.067826275463995600e+01
-2.412561151294733008e+01,-1.137449358744048666e+01,1.409949399431372186e+01,-9.717793378395505499e+00,8.873913493153754217e+00
-2.569838632703071823e+01,-1.221283391225323101e+01,1.198493715403711768e+01,-1.463129089892932200e+01,9.885493698295825027e+00
-2.465063079503677912e+01,-8.367622145355152696e+00,1.152650739076579711e+01,-6.538930484711061197e+00,1.113561065593358812e+01
-2.464338743250715069e+01,-9.729766700598711182e+00,1.113030735966177431e+01,-9.742731913609659955e+00,1.221165366668144969e+01
-2.626325729696521449e+01,-6.518984976803019471e+00,5.644291831298850148e+00,-8.400383923178006640e+00,4.727689331676176998e+00
-2.379725643026124970e+01,-8.419640477419982005e+00,1.182009099849660849e+01,-1.125958684604276705e+01,1.180045623672386235e+01
-2.252287358955916829e+01,-1.036473728701663077e+01,1.096211995494568114e+01,-8.150125120984315075e+00,7.541979891452952778e+00
-2.555103938424802834e+01,-1.104823033989986669e+01,8.989266452753060577e+00,-1.146617725396893661e+01,1.009616265839734872e+01
-2.478663271372055732e+01,-1.374611591875254035e+01,9.180052921947893907e+00,-8.381076404627942011e+00,6.028142672307133410e+00
-2.436126852076112925e+01,-1.677578920700387499e+01,9.582919971974265039e+00,-1.635678982082266941e+01,8.064576725789082801e+00
-2.521096258814166546e+01,-1.649327320532509589e+01,1.213340283672732056e+01,-1.455594889663762004e+01,4.912699954693851900e+00
-2.740682038980567370e+01,-1.981269200802063324e+01,2.042844277857642510e+01,-2.045462179476187359e+01,7.688329321244148140e+00
-2.362219989571862655e+01,-2.400041370394430018e+01,2.626696330226457476e+01,-1.256864852526699572e+01,5.838934822633590649e+00
-2.581026574334913093e+01,-2.715701810962051610e+01,4.057593818709275979e+01,-2.751838847864793536e+01,-4.968621083501348901e-01
-2.735521417643282049e+01,-1.948978478173960482e+01,2.194754772301912382e+01,-6.949991283411019793e+00,2.719233242645768822e+00
-3.009859731633078184e+01,-1.685514629871008552e+01,1.832967152860412341e+01,-1.044635609709057356e+01,3.335679775292522464e+00
-2.733602684453061116e+01,-1.879685675602274131e+01,2.314656643706864259e+01,-1.204797085782849031e+01,-5.065842705135866098e+00
-2.027160808663552771e+01,-2.088524687758508946e+01,3.901533624026286873e+01,-3.211739192075697247e+01,-1.122668520060310726e+01
-2.247196751855798524e+01,-1.391980533288497135e+01,1.451469120475138119e+01,-1.512771286315837926e+01,-5.765976727642849298e+00
-2.544743290912340683e+01,-1.301456890509561148e+01,8.615743986083662875e+00,-1.848214967526654462e+01,-1.933728661393776305e+00
-2.353476896623148207e+01,-8.102356847867334011e+00,8.343508228013581274e+00,-1.291056043677363085e+01,-8.647324088374691797e+00
-2.289109273913064868e+01,-1.755852422159486181e+01,2.382200899853621578e+01,-2.363314708268750763e+01,-5.790599164260547660e+00
-1.400681181859332725e+01,-2.165095924692100127e+01,3.919775037935702500e+01,-2.788102082119739933e+01,-1.627449117070898410e+01
-2.259834773760875493e+01,-1.348520144328587733e+01,3.171906507399296871e+01,-1.280905940885864602e+01,2.057292595045137507e+00
-2.358834492859250886e+01,-1.328690292979948495e+01,2.161162482456225220e+01,-1.163910818945237224e+01,-7.904228380053556435e+00
-2.667143031249852214e+01,-1.428877756579498381e+01,3.737612023563220021e+01,-1.730444096378232288e+01,-1.664268386046992987e+01
-2.237910762589032743e+01,-1.479640536087075020e+01,3.122346292021252623e+01,-1.396116255741930523e+01,-2.478484324455538612e+01
-2.326460075786474491e+01,-1.703381854414793395e+01,3.736788084943503208e+01,-2.262963737315210366e+01,-2.341082954681834494e+01
-1.897900028430414920e+01,-1.359954490729550969e+01,1.852555928853963607e+01,-2.191984777629103220e+01,-2.553870219088432236e+01
-1.591442891543963434e+01,-2.434590085068731469e+01,3.578315488490960661e+01,-2.783671725793103136e+01,-1.490672332509422304e+01
-1.841391043015051210e+01,-1.649414476562755638e+01,2.831831978993228915e+01,-1.712365551991664248e+01,-1.515644119878007956e+01
-2.622630432020741509e+01,-1.765746741851327073e+01,2.746446323644030585e+01,-1.657471064820528639e+01,-9.855633628623735376e+00
-2.305645162153038186e+01,-9.823405042091714279e+00,1.955013328575802234e+01,-1.211423464565738151e+01,-1.739434150826071601e+01
-1.479196085640792013e+01,-2.031905724932680712e+01,4.426308580036408102e+01,-2.320533102633135414e+01,-9.761863477588546445e+00
-1.630469872688078325e+01,-1.251122179933323508e+01,2.418292960480513543e+01,-1.885403136097852794e+01,-1.646099544300584228e+01
-1.916053670893818861e+01,-9.843526370245038848e+00,2.298547477491984026e+01,-1.301817857026613368e+01,-9.702026323022435506e+00
-1.739652807407198054e+01,-8.544659209346221473e+00,7.887134826534794918e+00,-4.068393745307660403e+00,-2.052375231653481080e+01
-1.573607092104496097e+01,-1.752284544852297543e+01,1.872959451595604463e+01,-8.886952879851490295e+00,-7.746175793109809860e+00
-1.726284260550980676e+01,-1.172664851892222870e+01,1.653457551410316384e+01,-3.781209190032841949e+00,-1.629788683111272363e+01
-2.177522458572591546e+01,-1.932296679123422933e+01,1.736695688733087906e+01,-1.187077522997592105e+01,-1.271168585375289872e+00
-2.554755329859612800e+01,-1.344289488324712067e+01,4.290315520137829353e+00,4.429550225097807825e+00,-5.859298552528896531e-02
-2.303734025014315989e+01,-1.555744738448661657e+01,-1.154597503029705319e+00,-8.558002452810866245e+00,-1.166361628169773290e+01
-2.402270507999045890e+01,-1.922755176024081791e+01,1.318164376734448062e+01,-2.130754458873739310e+01,-1.280568032276465473e+01
-2.666554122240513180e+01,-1.256718345862510944e+01,7.616655436955404035e-01,-1.057008012164067701e+01,-1.435896472842532035e+01
-2.935052341633151940e+01,-1.069732621859921551e+01,3.786003662853134610e+00,-1.472039771989383361e+01,-4.072220214162378227e+00
-2.808336595301510386e+01,-1.039179389595888736e+01,2.070298210227529623e+01,-1.320083644023099012e+01,-6.942447583652521459e+00
-1.680428349961872669e+01,-1.449068372475534794e+01,3.705761657734724679e+01,-2.788905417034445122e+01,-1.036675809940510717e+01
-2.860138367971838846e+01,-9.313159981426172962e+00,5.388608159656549823e+00,-9.666557185656488471e+00,-5.196131004800219166e+00
-3.358728937029969330e+01,-1.100584906320632328e+01,1.467642422084542986e+01,-1.612572414102398710e+01,-6.119102654215811121e-01
-2.664555830474394327e+01,-5.673050841944691669e+00,1.314821991558544845e+00,-6.015280964126528573e+00,-5.544277245561612943e-01
-2.609806438081779945e+01,-6.498030870990360697e+00,5.029873789476206447e+00,-9.337766971589672949e+00,-5.152041033518982571e-01
-3.264947807905133459e+01,-6.513920418410592994e+00,4.472468821760648972e+00,-5.425280062484316268e+00,3.281180041989204987e+00
-3.124198780527924413e+01,-1.318361628863313584e+01,-1.291781317224126147e+00,-7.081195813224468338e+00,1.237985771596386009e+00
-2.712565944623029424e+01,-6.718494517138170252e+00,-8.519242242095403483e+00,-9.919169469352567603e+00,-1.213867734305314094e+01
-2.679516191211213183e+01,-1.459320849627526151e+01,6.056434149943441980e+00,-1.605333521149369602e+01,-1.290323750026933070e+01
-2.751523453584690060e+01,-5.970961910956495089e+00,-1.563423358277365338e+01,-1.067293877535738567e+00,-1.104493354750115941e+01
-2.375453851773269420e+01,-1.460228251420155487e+01,1.612674978189604502e+01,-4.499954981040997559e+00,-6.271800031153284216e+00
-2.207219104967147771e+01,-1.023078215255746315e+01,-9.334784586943765561e+00,-1.054278877367305522e+00,-1.518388860388814798e+01
-1.970192121085938908e+01,-1.518604728335563081e+01,2.574076621141891952e+00,-1.072109830047836176e+01,-1.204299884599543624e+01
-2.266843577793631326e+01,-1.348478315070378919e+01,1.402819368908262421e+00,-3.049013887496188513e+00,-1.289270344259171530e+01
-2.364373074943742026e+01,-1.610250102136391703e+01,1.467501716862756567e+01,-1.632588204329547210e+01,-3.064021491351612614e+00
-2.172685561770842355e+01,-1.077498453783699617e+01,6.986958570333418272e+00,-1.039085540064363578e+01,-4.694076157437134356e+00
-2.709910193702130243e+01,-1.037594585130906211e+01,-8.819655762913106711e-01,-1.415556641240225133e+01,2.213639652752654730e+00
-2.437260647362898780e+01,-1.734980395513448848e+00,-3.920664321617561399e+00,-4.279881598849861746e+00,1.209929957511440612e+00
-2.913592914154392943e+01,4.705995153080031912e+00,-1.710180030182169020e+01,3.936475088091061281e+00,-2.875099457632224631e+00
-2.639397530984660634e+01,-1.444155085468427302e+00,-1.964266662819025555e+01,5.699292794270998108e+00,-1.783398485164329372e+01
-3.147295951824278504e+01,-1.115378288558428110e+01,9.013128888524242655e+00,-4.872368329343547799e+00,4.734156002440660593e+00
-3.224525432887324428e+01,-7.424076989647528935e-01,-1.924953378005687199e+01,2.186971338424002376e+00,-1.000775235641014227e+01
-3.034915986851511605e+01,1.327892693125851675e+00,-8.402479182492118781e+00,8.436986680224934920e-01,-3.844047295614151594e+00
-2.628790832828490309e+01,-2.726039614805863209e+00,-8.820561923605001908e+00,-3.683862777592878945e+00,-1.377960140325100546e+01
-2.188141834788555684e+01,-9.149188842922917786e+00,8.381588098252651164e+00,-6.900523395102736934e+00,-1.713139131831222528e+01
-2.398747664087138887e+01,-4.988562398596994463e+00,-4.742260595828970415e-01,-7.812264736046246938e+00,-1.239232792941057149e+01
-2.247306381335516789e+01,-1.147908968867058732e+01,2.170727657575649516e+01,-1.430455694276184531e+01,8.735648486837401805e-01
-2.248498334053835634e+01,1.993659727064382770e+00,-6.533261816320344861e-01,9.267510189539956977e-01,-6.157876076565565349e+00
-2.022334144155912483e+01,-6.363232880372609479e+00,-3.008415827135783038e-01,-6.953424379013465106e+00,-1.900270531497540460e+01
-1.730444537950488382e+01,-1.024295200424273311e+01,1.039964132079775716e+01,-6.341322584766970749e+00,-1.825032824065182879e+01
-1.901710492047638112e+01,-9.484771236737538302e+00,1.070312673073515342e+01,-1.299000498706167406e+01,-5.385409175654388925e+00
-2.605104543304443965e+01,-1.454543844953418841e+01,9.628935982027353901e+00,-7.228787729977772969e+00,-1.932806385055390308e+01
-2.168177502130739143e+01,-8.315417883748567718e+00,7.602693633727034772e+00,-1.857926152007997445e+01,-1.238520262449400278e+01
-2.127111964180545911e+01,-6.755967269908629724e+00,5.287627650953853120e+00,-1.330154969689067812e+01,-1.549678515793232236e+01
-2.307423625974950454e+01,-8.066880936636675159e+00,5.126758728395329479e-02,-7.575229121457982551e+00,-8.772854390129616320e+00
-1.635286803619834828e+01,-8.448428890303050665e+00,-9.477883990632458122e+00,-2.953270250828392562e-01,-1.589535227600663703e+01
-2.046263503761015912e+01,-8.364078383702295838e+00,-4.386266888488091986e+00,-8.510590782471462390e+00,-6.898273187436240406e+00
-2.605577425917394763e+01,-8.023872603180315366e+00,-1.186159874639654355e+01,-7.960743707378670209e-01,-2.017622337871929972e+01
-1.687355292435885090e+01,-8.169824043482986298e+00,-2.630690473097015758e+00,-1.400054944505710175e+01,-1.036580634106599952e+01
-2.070149108763128964e+01,-1.102250631609798859e+01,1.277780521023146543e+00,4.499535414931394861e-01,-1.069834241241721173e+01
-1.806642928968442163e+01,-6.621044470265711190e+00,-6.792733421199093513e+00,-1.459609719322913790e+01,-8.203366833924958357e+00
-2.421100536160022187e+01,-9.321712198453685261e+00,1.709808649008446224e+01,-9.965382474812912506e+00,-6.548642773634406611e-01
-1.908463931260733659e+01,-1.026373902965213070e+01,2.421924143338052282e-01,-1.255064372459184696e+01,-6.260094090716474824e+00
-2.719176335138198652e+01,-4.236395317112662262e+00,-1.921813979573930631e+00,-1.361272530198020858e+00,-2.013235695297188244e+01
-2.200129877516791765e+01,-7.314215852882511193e+00,2.917894148251365838e+00,-5.779332091199884225e+00,2.061295848618418525e+00
-2.254979851026099169e+01,-9.276625972221701488e+00,-1.427017437950618728e+01,-2.395529440437357938e+00,-1.207423199837409378e+01
-2.813303939431530054e+01,-7.759796345595420419e+00,-2.582427003780716213e+00,-9.941410398474069154e+00,-6.357402046452166333e-01
-3.106004873033525726e+01,1.701323015454412779e+00,-6.335539870794360873e+00,-6.051286799808763384e+00,-3.830951769478203595e+00
-2.331173740133193917e+01,-4.738014285925483016e+00,-7.205986454691649001e+00,-6.456099783030055050e+00,-3.110657774530758424e+00
-3.176700800618899478e+01,5.911358137763346177e-01,-9.970837741974508006e+00,4.289719318726074704e+00,-2.617279188782204002e+00
-3.006097098648487886e+01,-2.332807387532054300e+00,-1.073247467685535028e+00,3.026555137582446209e-01,-8.270053440696361946e+00
-3.126015045691287497e+01,-6.719168824635984860e-02,-8.432877561878051154e+00,5.347530000289344443e+00,-1.433660537744883001e+01
-2.924591087097164532e+01,3.955041505617199249e+00,-2.256947911628008185e+01,5.449657086239263037e+00,-3.991387380586636446e+00
-2.927342012670534288e+01,6.198792298719427052e+00,-1.359969479302004736e+01,7.694766244637433417e+00,-6.232126531480078668e+00
-2.330225696096611898e+01,-2.600060455185243757e+00,-1.724752412131851287e+01,5.024267778713803478e-02,-1.139037715139121509e+01
-3.379071621810147974e+01,-3.162720557175710212e+00,-1.882304253220879531e+01,3.046460856766855851e+00,-6.230568914436037886e+00
-1.999974505523769253e+01,-7.086710616078978120e+00,-1.426715531056274422e+01,-3.042945917766216368e+00,-8.353129200626597139e+00
-2.628116271599773413e+01,-3.772777373272963253e+00,-1.573763470459797098e+01,-2.473536222031249121e+00,-6.903263056901415062e+00
-2.272817422515696961e+01,-5.271783024628209802e+00,-1.634599908148365799e+01,-7.624908601496768412e+00,-1.949362062698237352e+01
-3.383137173475365245e+01,2.426603142598574347e+00,-6.249401342798671877e+00,3.069703316655021386e+00,-8.232260523423454046e+00
-3.206898098455230439e+01,-2.229885147985004146e+00,-3.028880378479320568e-01,7.322865728765384219e-01,4.070326820031101356e+00
-3.269225934702712522e+01,2.660206304791242538e+00,-6.673675453837581983e+00,1.132496339756743708e+01,9.116173590577925978e+00
-3.145553344263201012e+01,-7.346693393913470427e-01,-5.754651229140652191e+00,8.174936848748831864e+00,2.682818901388150046e+00
-2.874514730812925478e+01,3.261820396728586147e+00,-1.882760481247414219e+01,7.485797135007043579e+00,-6.787266314502880427e+00
-3.203946952292402983e+01,6.600491102573369240e+00,-7.981414451761307483e+00,-3.956169185685895484e-02,-9.964074541155275355e+00
-2.362715884821690437e+01,-1.577335597078598495e+00,-1.691258367674491936e+01,4.783939578604847753e+00,-9.788991470653211735e+00
-2.304371115126619429e+01,-2.654520840764315714e+00,-7.392656095386774595e+00,-1.115968658521566903e+00,-4.821588690545885569e+00
-2.301759012235887525e+01,2.837727949810439743e+00,-1.247605718351010395e+01,6.993004018542563038e+00,-3.473433464228926848e+00
-2.451164831274756750e+01,4.793044165244920052e+00,-1.990052506957629319e+01,4.315686201620793083e-01,-1.397403190202497925e+01
-3.445374742910426136e+01,-2.805731703151517209e+00,-7.878650869408151181e+00,7.606490560071598184e-01,2.133298995908157192e+00
-1.949207233160582931e+01,-1.956458635073585750e+00,-1.035371709004028240e+01,-6.422098917132604612e+00,-4.678077154157854189e-01
-2.623907318069557348e+01,-6.313461384165313106e-01,-1.757000761158328928e+01,6.888481776474766782e+00,-1.069087484937085897e+01
-2.665130983166057277e+01,6.224905675962955076e-01,-1.056752582363742654e+01,-5.954106478287581439e+00,-1.921380224002885440e+00
-3.297299815226921993e+01,-2.397457723523696238e+00,-9.107996731969853599e+00,9.927185047305414400e+00,-9.680995162331370807e+00
-2.687640144721624935e+01,1.733082939084253926e+00,-8.194293882888302960e+00,-2.223836427404001004e+00,-4.702155839053066444e+00
-3.271135811214858791e+01,2.994310204060964153e+00,-9.330241721724137349e+00,7.601169154339282308e+00,-8.778920284835203702e+00
-2.552450227194869470e+01,2.785169921387159242e+00,-1.717779261701816651e+01,-9.692429923522739577e-01,-7.260495444928389830e+00
-3.083479438979921383e+01,4.545389651700761924e+00,-1.795018562298025699e+01,1.292375231982335393e+01,-5.059380415611016701e+00
-1.771788474886218978e+01,1.114508318114220575e+00,-9.758943237245910396e+00,-4.265170161235481316e+00,-4.850580035897455566e+00
-3.012060265841916618e+01,4.542409946396602116e+00,-2.517825504122775726e+01,9.009950852967152812e+00,-4.151571623587415161e+00
-2.618741949368394728e+01,7.537504827012460051e-01,-1.206524026398972538e+01,-3.754611210813537436e+00,-5.446658094204791745e+00
-2.884574259988637124e+01,-2.632779861915882424e+00,-9.286757488989907827e+00,8.769369231760592243e+00,4.491738685971370160e+00
-2.382590953298950254e+01,-7.840456078133562379e+00,-7.924898763025131077e-01,5.765838902494411222e-01,-3.429738472625317058e+00
-3.071354163318371633e+01,-1.322199774222128532e+00,-1.192678174151453696e+01,6.091232219801011816e+00,-6.313586641689449941e+00
-3.053964932681681788e+01,-1.443652592482780772e+00,-7.572962009903367431e+00,1.563561252204171526e+00,2.380052350902783775e-02
-2.621176347659319816e+01,3.661534913168230432e+00,-6.624816580767667773e+00,8.207924320376228877e+00,-3.461763269780343322e+00
-3.387546300452453352e+01,8.197053480324107966e-01,-1.405155609624430824e+01,5.258332146157855824e-01,-1.320569971812250643e+01
-3.098662303407304819e+01,3.345898636425475026e+00,-8.419970179584097991e+00,6.258924168391419407e+00,-1.703080328038977687e+00
-2.831257928409116786e+01,5.630916594980347689e+00,-2.090380590814509176e+01,-1.201963349242344492e+00,-2.268480178876953968e+00
-3.233978685537675801e+01,1.092510796523079364e+00,-2.114034618878479321e+01,1.687452100986896575e+00,-9.600971309344769722e+00
-2.919288158679723466e+01,1.985110004359589064e+00,-1.217987133628778196e+01,-2.261731884770854517e+00,3.234679549283180355e-01
-2.697695082297264690e+01,-3.211928997640688954e-01,-7.297079967940248935e+00,3.489760467958979095e+00,-7.749391974836772334e-01
-2.207231055479645576e+01,9.979267478916519218e-01,-2.127913434618006860e+00,-6.455559950125505431e+00,-4.210505761114600176e+00
-2.214940311663269767e+01,3.997257183106332157e+00,-1.196882552954911816e+01,3.049555642656408327e+00,-5.925071294279755207e+00
-2.444999088656030395e+01,-5.472348006710084256e+00,-3.679309636569242592e+00,-1.196945166278039707e+01,-1.855047556050815727e+00
-2.061174093195008084e+01,-3.784355732525702898e+00,-8.863603395997145640e+00,-3.369217188614267222e+00,-9.794410576148859349e+00
-1.996935540902709150e+01,-5.029282007715951686e+00,-2.963747337136966920e+00,-1.097509488775639142e+01,-8.739781492833722965e+00
-2.430468986340929405e+01,1.288518790282452642e+00,-1.318289260746144542e+01,-1.994218973243596871e+00,-1.348227300803810635e+01
-2.336240218457767526e+01,5.584139205724873989e+00,-7.564393535039082295e+00,-1.410819247698123391e+00,-6.634130743683264164e+00
-2.339053790096107122e+01,6.488689589631758459e+00,-2.052573184855377519e+01,2.992601967125008144e-02,-1.309807648043492811e+01
-2.067614801264134528e+01,4.960814614711562598e+00,-3.102582807998817138e+00,-7.692683912787527944e+00,2.117635681973862205e+00
-2.662472771031693597e+01,1.193872311439798750e+01,-9.806661723032581435e+00,4.494374126188068530e+00,-1.309845611753222627e+01
-2.366818225306476009e+01,4.652908054751026867e+00,-3.755493922505193982e+00,-2.027510204156839801e+00,-4.516073920566427979e+00
-2.312190374623764910e+01,4.603215206477537791e+00,-4.661809143003958766e+00,-3.711767458006727805e-01,-6.851472686196307116e+00
-1.979080286885630002e+01,3.952121107671868305e+00,1.447027906985840717e+00,-1.665098767828101289e+00,-5.008149226490870021e+00
-2.179196800249143706e+01,3.983057065227163296e+00,-1.023123867774751083e+01,-1.400930567418567918e+00,-5.932063958085294075e+00
-2.595379436085075042e+01,6.069487522761858322e+00,-1.061938032031646273e+00,-2.052062541793158612e+00,-4.749665571445046197e+00
-2.380359018156524442e+01,5.681418679047506970e+00,-9.216229926893561242e+00,-7.983727602130415990e-01,-3.906718562511798387e-01
-2.068055110953138609e+01,7.309161341753181995e-01,-1.136372711886516385e+01,-1.186575317419645614e+01,-1.127393283486838982e+01
-2.323768538386554638e+01,7.955103135892084509e+00,-9.028821565462887833e+00,-3.219240410323869206e+00,-1.239033245732357003e+01
-2.828407435006710813e+01,3.175452585498709901e+00,-3.962487767424847540e+00,-1.186863291803139475e+01,-2.044841341953142155e+00
-2.710447958992234874e+01,7.506795248052408276e+00,-6.045412166736027437e+00,2.979767749415563327e-01,-5.434310907905875787e+00
-2.863491696495169236e+01,1.340541367549419505e+01,-5.927650614001506169e-01,-1.458358833264277621e+00,-4.958619034722389962e+00
-2.621563580024245965e+01,7.249632819868805811e+00,-1.485278138296660622e+01,-2.148508380745662194e+00,-1.435793439950601247e+01
-2.884054625982722442e+01,1.054271601587495888e-01,-1.134153297778541569e+00,-7.308751799276281602e+00,-2.434599937119406476e+00
-2.365093967235116779e+01,-5.241794641649641484e+00,-8.123078193202109887e+00,-6.089430536519073733e+00,-1.276875312872782153e+01
-2.560388213124941714e+01,-1.899503194007386320e+00,1.539841189467779703e+00,-1.385670297993651801e+01,-1.039631618103293320e+01
-2.951246891909445580e+01,-1.916478950174135054e+00,1.793216126083045481e+00,5.537443758117674975e-01,-4.773754884785256891e+00
-2.412796840840463020e+01,-1.050167408931563529e+01,-1.216417261264363558e+00,-4.743374246554152407e+00,-9.152290470161984715e+00
-3.129576375922803777e+01,-5.931508518334782210e+00,-3.489158635380495532e+00,-2.252859054530649718e+00,-1.189846375866001393e+00
-2.456700004882893751e+01,-8.699829649793700881e+00,-9.098960449003799411e+00,-7.304751599687394403e+00,-1.030833385877019204e+01
-3.023194247779970922e+01,-7.107125904739114652e+00,-1.180959073017798389e+01,1.036162950265268501e+00,-7.147362652487781354e+00
-3.041143372685518997e+01,1.388663747655555891e+00,-2.002802403604432868e+01,-2.540718554480736913e+00,-9.476362093055762159e+00
-2.705700665377732861e+01,-2.929506302714535160e-01,-1.768859571129738839e+01,3.507436371989875123e+00,-1.339811228358562190e+01
-2.911497256483199081e+01,-6.143618514548703224e-01,-2.349179848681210458e+01,-4.610815001110230682e+00,-8.772107705874963912e+00
-2.877707173509113403e+01,1.150476650815280832e-01,-1.987780936463391512e+01,3.181526614467625524e+00,-1.757978634601930779e+01
-3.082753554372794014e+01,-2.011283232769055740e+00,-1.719554131107076600e+01,-5.702473301749317436e+00,-1.016068506640094249e+01
-2.824014012708881083e+01,1.738714369968823004e+00,-2.011870034593416179e+01,1.564429276566437377e+00,-1.321158384295540245e+01
-3.043944823954203116e+01,-4.427286421948563588e-01,-1.451952944815402802e+01,-3.086143735714943936e+00,-3.937263302748482907e+00
-2.681253906240609197e+01,5.106452568125886771e+00,-2.300368989841829759e+01,2.161977750232153994e+00,-1.325893845139745508e+01
-2.116497480784811103e+01,1.943460322082209979e+00,-1.647565868747853202e+01,-5.779019522920063601e-01,-1.026046809712790697e+01
-2.470519524452245363e+01,-3.367807453121967942e+00,-1.758516867487502111e+01,5.201917035499953990e+00,-7.666930087211275335e+00
-2.803832648966772112e+01,1.932682369906860487e+00,-2.325716445541644717e+01,2.307932651774380783e+00,-1.498561523050468836e+01
-2.327577424404378093e+01,5.394745357082896930e+00,-2.199667313938557811e+01,9.185619177385094147e+00,-1.310890616502207173e+01
-2.764840330004973268e+01,5.932099864135815359e+00,-1.738791940359393351e+01,5.269989141192146676e+00,-1.358651933548887136e+01
-2.835776340841880483e+01,4.058482625543077482e+00,-2.600257230355013505e+01,1.041064712481406573e+01,-1.166163750689970158e+01
-3.252528188018060717e+01,7.077516753963968732e+00,-2.002866609718032009e+01,7.489292609412023793e+00,-9.967618311478306126e+00
-2.922115235125420796e+01,2.851423505881253373e+00,-2.361431541007012314e+01,-1.075271470494405079e+00,-6.311306934430874982e+00
-3.504302155062553226e+01,2.648387391531684454e+00,-1.144129616106216751e+01,-3.105522770553493572e+00,-6.616932978366344642e+00
-3.377247488290298350e+01,3.635228917978285512e+00,-1.361707771048052606e+01,1.652854059595607161e+00,-1.186662107030571356e+01
-3.048671515197088056e+01,1.484318381999073733e+00,-6.084776355106821022e+00,-9.997320988656055452e-01,-2.549733406683648784e+00
-3.119484917178604277e+01,5.791960741520141731e+00,-1.073733224706180778e+01,6.647307860242571032e+00,-1.378975916577211258e+01
-2.575468637505652936e+01,6.106519951330874107e+00,-1.394603128524505919e+01,-5.063469838889904651e-01,-9.041958222508592158e+00
-3.239586010328046228e+01,6.421745673967185652e+00,-1.616125732099941104e+01,-1.496802164898256571e+00,-9.159496861757007835e+00
-3.200208990200306403e+01,1.462382048190905781e+00,-5.056828678833261037e+00,-4.246206083786954188e+00,-8.421493646292979918e+00
-3.397829248524919166e+01,3.099916627292898408e+00,-6.078783548923102131e+00,7.121948631912646821e-01,-1.078038296205590818e+01
-2.765382683668965313e+01,1.963416139853519260e+00,-8.752897270221691173e+00,-5.918780092271139992e+00,-8.194987789247660359e+00
-2.866851286860265802e+01,2.051253506770845947e-01,-1.226484029764279526e+01,-8.950878448820684952e+00,-1.618270170823327092e+01
-3.284323349189187269e+01,-4.899121172793491352e-01,-4.533963990678948619e+00,-6.198708058444240443e+00,-5.761597184436293873e+00
-2.930838916549549467e+01,4.388095914772609518e-01,-1.038181424182370627e+01,2.969763590684670884e+00,-1.161567547406886369e+01
-3.007782113064833851e+01,-1.194657068776627140e+00,-7.118075782918082517e+00,-4.486892843752368520e+00,-1.080457245643565045e+01
-2.822106803818679310e+01,-1.887466730315036756e+00,3.417946862711147560e-01,-4.376654805125222758e+00,-6.667385565174576811e+00
-2.503219619816510999e+01,-6.431624910336452672e+00,9.094661435618902612e-01,-5.291866491554479524e+00,-1.218233234014049415e+01
-2.710697264835929587e+01,-4.434299975907579072e-01,-2.985240424107569623e+00,-4.814736652421159668e+00,-1.984564565206952125e+01
-3.021143942115104153e+01,-3.474972705839017850e-01,2.434382819266201370e+00,-1.189536440994187139e+01,-1.246964493873301194e+01
-3.367854024628277898e+01,-1.320056353430335783e+00,-2.306905386866610286e+00,-8.984158505853942600e+00,-2.514342303182521476e+01
-3.116697016097228712e+01,-6.718769563143161427e+00,-2.106664400792205516e+00,-1.189414070678451552e+01,-2.297872407647192716e+01
-3.515602349812470351e+01,-6.508687263766119724e-01,-3.360437176511940738e+00,-7.917315115524913516e+00,-2.081956028827319116e+01
-3.003420966027654160e+01,-1.232664983071841647e+01,-4.865703059204149916e+00,-1.396250292707920693e+01,-1.923868632219698682e+01
-3.617433362993863710e+01,-1.880566935532937300e+00,-4.974415312968177183e+00,-3.600325673428230733e+00,-1.637632624439880757e+01
-3.575349467717128249e+01,3.617267825728800457e+00,-3.422635231932803279e+00,-6.854589620013983975e+00,-1.619507673042757645e+01
-3.371821727141034586e+01,6.023318160139480071e+00,-8.738063963984668447e+00,1.729940326560764019e+00,-1.264535515355888862e+01
-3.095341170205159287e+01,5.698746738967640724e+00,1.039415391225725571e+00,-5.587281567349963396e+00,5.016662083396896676e-01
-3.689264216768035709e+01,1.695993428146267634e+00,-5.890653370694254320e+00,4.524322620294935149e+00,-5.605617365392414619e+00
-3.551740135653982833e+01,8.160906886820567863e+00,-7.432931440071520512e+00,-5.123056208945084844e-01,-6.411450184168253408e+00
-2.968094304292495522e+01,4.366099135165256939e+00,-7.856076257564853726e+00,-2.058985810604594846e+00,-1.526802965200479001e+01
-2.375609085056885661e+01,-2.984967845193721381e+00,3.277681845630089796e+00,-1.015225258524403884e+01,-2.001859548185284332e+00
-2.755410835004914105e+01,2.573383061185034126e+00,-3.294705052290904934e+00,-1.611593391555924848e+00,-7.214605478482161161e+00
-2.286835002797057825e+01,-5.001429376695189610e+00,-5.491647756675969383e+00,-8.784206996696823921e+00,-7.774675412492776161e+00
-2.807664451899196933e+01,2.363473115224973053e+00,-7.011577995408593722e+00,-4.509638156519959473e+00,-8.702456668803479900e+00
-2.332137919523405856e+01,-1.534405156348147337e+00,4.368314176366321355e+00,-4.954700708693964728e+00,-1.823912766707718736e-01
-2.706280257638331932e+01,5.267721174623180680e+00,-6.222435561161715256e+00,5.181767883940442410e+00,-5.941828888037645306e+00
-2.444847535993931231e+01,1.280601129696381957e+00,-6.830943629871193856e+00,-1.629423504540122192e+00,-2.882412763704170544e+00
-2.857205345615777503e+01,2.658386017520959932e+00,-5.144672550081883067e+00,7.710833508953737869e+00,-6.490750647356656522e+00
-2.657664938600361282e+01,8.270398276154462991e+00,-4.828207737113148212e+00,-5.568592239336850325e-01,-4.416534323332557577e+00
-2.957295519170013876e+01,7.546970666263480787e+00,-9.857236633879242760e+00,8.909780827567763239e+00,-7.687850078289504729e+00
-2.944677581034725478e+01,1.228556425282355313e+00,-1.194312898106348264e+01,1.943559926961882511e-01,-9.196074690931709483e+00
-3.505877695114288883e+01,5.879817477481426913e+00,-4.759654386075237831e+00,8.184383224901354836e+00,-7.772042736950036890e+00
-3.544383407686983389e+01,5.684066066211601154e+00,-5.638410674622147845e+00,3.599720034464428231e+00,-3.893756653550615621e+00
-3.771516048302746071e+01,5.947827816492337938e+00,-1.295310755962312221e+01,1.001557032749052034e+01,-8.661040126238290782e+00
-3.145251253738434727e+01,2.396416775342734340e+00,6.709477421025412447e+00,7.786130689918067560e+00,2.727967780771472395e+00
-3.289670004699851802e+01,1.094800419401673430e+01,-5.557029975139297306e+00,1.178027347321749119e+01,2.766870301519849029e+00
-2.883356147850784978e+01,1.010413515158101561e+01,1.680920997546164530e+00,5.201930257864827212e+00,2.797033293344635130e+00
-3.592964141644293363e+01,8.931844793733906940e+00,-1.654498340621330854e+01,8.555378443342632977e+00,-1.225099027156528919e+01
-3.042066015745233543e+01,7.813766121121088482e+00,-6.297344266110150635e+00,6.801708527068680787e+00,1.805402802126217177e+00
-3.113451748241589812e+01,1.382619161782153050e+01,-8.074589317307104608e+00,1.469673886168906485e+01,-9.248024244323072018e-02
-3.759935646907267426e+01,1.415489346471705545e+01,-6.678604280810547245e+00,8.898956297057438292e+00,9.580889587247621852e-01
-3.487487732517828931e+01,1.697972785237334037e+01,-1.065555169887875486e+01,1.534152039797192657e+01,4.107134325692779697e+00
-3.268961597028357602e+01,1.554159669634223206e+01,-2.227958665047162334e+00,6.633267487896162606e+00,6.053051287078552889e+00
-3.563326817500216492e+01,1.299442043683039216e+01,-6.831501025378705627e+00,7.972456054365542499e+00,9.920018388788433006e-01
-3.262444233234291602e+01,8.504717508045104069e+00,-5.090305983437345638e+00,2.788999098037954205e+00,4.791755240786143233e+00
-3.370809119184988134e+01,1.503199058076392269e+01,-1.119217328596196381e+01,9.360309785533955207e+00,2.829148906906069350e+00
-3.139586687584247215e+01,1.545385778962971912e+01,-1.246986635369080076e+01,1.238353814370566930e+01,-2.298799758047490815e+00
-2.891109805190365734e+01,1.586328852644565046e+01,-1.805240917977858572e+01,1.492060879380985305e+01,-6.195497020404588717e+00
-2.932653363795733625e+01,1.811940528351413704e+01,-1.553219801766280384e+01,9.008908195856866641e+00,-5.640384454373938983e-01
-3.417857570435191406e+01,1.440309954377025825e+01,-2.143650874078273816e+01,1.056266605529634184e+01,-7.297999761225111293e+00
-3.178978162130546536e+01,2.002765092960074611e+01,-1.498304432583841361e+01,1.019705679613177374e+01,3.185847423593034522e-01
-2.936780174448108127e+01,1.825043973676631737e+01,-1.942294158676624960e+01,9.275677700869700004e+00,-1.179266509151115372e+01
-2.878353515937775597e+01,1.725954606806145364e+01,-1.447466234828646847e+01,5.837961103968780208e+00,-9.331278512617746657e-01
-3.064697495633073387e+01,1.242185579761449432e+01,-9.488405091558599125e+00,8.245961960640169508e+00,-1.177463301023711928e+01
-2.977588493765409083e+01,1.580713680609255611e+01,-1.557807106277314801e+01,9.667001506578982273e+00,-8.524764994092880244e+00
-2.618309195195737260e+01,1.601402340404156277e+01,-1.492724300069423649e+01,1.712372500148123322e+01,-8.800307135635959455e+00
-2.706439523227708932e+01,1.599152346401007563e+01,-1.294213884322996755e+01,8.327565307305102138e+00,4.802223708935969837e-01
-2.648533757975675940e+01,1.624100642197999278e+01,-1.800301300760744994e+01,1.498381418225097583e+01,-1.113181350665162839e+01
-3.442524462141913943e+01,1.196605523694077355e+01,-1.835081873697615151e+01,1.187276259005999757e+00,-9.314623826669404139e+00
-2.764360603229594560e+01,9.794609866071448678e+00,-1.268584209577051602e+01,8.011776765528072275e+00,-4.997013439740269014e+00
-2.668769808933640419e+01,4.962725290311654547e+00,-7.258288617214413208e+00,2.025382901816794146e+00,-2.753874604927274428e-01
-2.898042431643966310e+01,7.585601409094568481e+00,-1.121205323915720697e+01,1.191446237153664001e+01,-5.044111937958404290e-01
-3.226992412168179669e+01,9.081909520812725845e+00,-9.972687417619470196e+00,1.430242780728226037e+01,7.787009413089861276e+00
-3.159765617715027730e+01,9.381593764055260465e+00,-1.955546548062358880e+01,1.154856507563804158e+01,-6.484443575132503135e+00
-3.904040465107131297e+01,4.061684392069868643e+00,-1.819772638701147827e+01,8.377909760015082696e+00,6.222619835075589911e+00
-3.449015416841279347e+01,4.403194445901590370e+00,-1.419979575192202326e+01,1.200972511909918516e+01,-6.136029224793388082e+00
-3.494233966978027439e+01,-7.380862108731235161e+00,-8.628123847819933800e+00,5.368214746331711140e+00,1.427737182034225949e+00
-3.673553411228471788e+01,7.442638819255056326e+00,-1.274414489191268984e+01,1.452172394104132991e+01,-5.789141483877268790e+00
-3.952015386227390081e+01,9.855825034861799949e+00,-1.526089919660096150e+01,6.924240665757602109e+00,3.268234287406042715e-01
-3.843214576804058424e+01,4.405625561250322342e+00,-1.239093807967429406e+01,1.609403477914405300e+01,-1.859995042170365487e+00
-3.644729935981799684e+01,-5.753308824502318952e-01,-5.210763240507640504e+00,1.163706835707805887e+01,6.052575704094770082e+00
-3.196781687398280170e+01,2.238394607307981232e+00,-6.740005640211176541e+00,1.506728586898527844e+01,-7.657593984377408791e-01
-3.106645271355692728e+01,2.666997287702757902e+00,-1.400080669435010527e+00,8.123485918556408336e+00,4.894607373091417024e+00
-3.102234886963654859e+01,-4.055403307334355389e+00,-4.535329965149542675e-02,1.048286922700345336e+01,-2.380914934575791619e+00
-2.815944458121952820e+01,-4.409015028980270756e+00,2.070907559226581096e+00,1.250937702871518731e+01,1.263846055385470457e+01
-3.030196322815972110e+01,1.081311511672194747e+00,-7.673554736310806312e+00,1.602248370146293510e+01,7.881168814478746398e+00
-3.146000293305478124e+01,-6.138118447184380599e+00,-9.254213796442686046e+00,9.290172789462868508e+00,6.515559962322188703e+00
-2.979158032309687343e+01,2.802700412261677876e+00,-1.847897023617654355e+01,1.517450796026536608e+01,-8.239683820203811848e+00
-2.855245599978436388e+01,5.777475497673159044e-01,-1.504223601263646337e+01,1.197894309469585572e+01,2.719567202244374204e+00
-2.856154722567100279e+01,5.515856695935718257e+00,-1.835910925712407149e+01,1.511392294872965003e+01,-6.239535088783670247e+00
-3.004546059866206065e+01,9.556088843160380764e-01,-7.881155607509058747e+00,1.012102762342582629e+01,2.092704425240566213e+00
-3.321124195086608921e+01,9.387567181661179205e+00,-1.366615911877902789e+01,1.728937527523158124e+01,3.677775516416591284e+00
-3.419023383430554475e+01,4.212022011817635025e+00,-1.198346891039184037e+01,6.372407162183975515e+00,5.482186212559980731e-01
-3.100328554749449239e+01,9.066845483495683311e+00,-1.381652038008752115e+01,1.293052516323964518e+01,4.655970902917571763e+00
-2.783805514034751383e+01,7.279817972496610778e+00,-7.274567450962567960e+00,1.033148207237604410e+01,8.132734815093732195e+00
-3.014304921339705601e+01,6.030090090146710047e+00,-7.302940398720343396e+00,1.707288768018410963e+01,3.821070038748644926e+00
-3.124444793707030499e+01,3.393062337564656250e+00,-1.897316690533067396e-01,1.293625021745666182e+01,8.716011017099292602e+00
-3.204912607976668681e+01,4.724418615469126337e+00,-2.829048371021158470e+00,1.568277141851617529e+01,6.036258934532489739e+00
-3.566943404966377074e+01,1.034093008168492922e+01,-4.395007668986240290e+00,1.116038577097220497e+01,1.655420537459589525e+01
-3.244557528750366515e+01,1.414649927267720564e+01,-7.366696400452450888e+00,1.599283028502654069e+01,9.719176891045655964e+00
-3.519628690735349608e+01,1.106353450749830358e+01,-1.036991849386276421e+00,8.248246772721120834e+00,1.064172467933645549e+01
-3.850728740310713505e+01,6.523668617490664623e+00,-6.321040360859772278e+00,2.111302222186439792e+01,1.467584372831153949e+01
-3.831344949799116506e+01,1.978811801333919540e+00,-5.650305396961857518e+00,1.425634611237315674e+01,1.321717141821389063e+01
-3.714839543115601828e+01,9.098439797460782685e+00,-7.619619154354442259e-01,2.208436545570589260e+01,1.289612320839492554e+01
-4.060462524573294729e+01,1.630648776758434781e+00,3.091255903636438429e+00,1.542574720447883507e+01,2.428640679382942125e+01
-3.333787000536486289e+01,-1.645128066976689896e+00,5.111698292899177432e+00,1.619309160051838248e+01,2.046366635953538449e+01
-3.320514648009875458e+01,-3.007657729889789078e+00,4.352821013759299973e+00,9.991683744036528481e+00,1.837438167628406305e+01
-3.868221928963209422e+01,-6.878275080699329802e-01,-6.271861376947960309e+00,1.882447012854386159e+01,1.801290503343835425e+01
-3.781623258677629451e+01,-7.810202854915122561e-01,5.111073468296929434e+00,9.995549778723230361e+00,2.313016058071249859e+01
-3.757229702630542789e+01,1.315544392700443321e+00,-3.211776904622186901e+00,1.439313806342931379e+01,1.665827422189607887e+01
-3.772628567143623002e+01,1.178571311165075075e+00,-2.506164674859791219e+00,4.002787830280864156e+00,2.359710168685078813e+01
-3.801493194175646551e+01,-4.214593457841703916e+00,-7.264961204450090193e+00,1.469843887934390025e+01,1.934753957493513354e+01
-3.982680563206952939e+01,4.544173228243433726e+00,3.411861815470171422e+00,7.137293620686193663e+00,2.547449104443741064e+01
-3.558316187906360284e+01,2.585996441257435219e+00,3.611572626533582131e+00,9.721714127922574278e+00,1.579483126565837381e+01
-4.228345310112182176e+01,-2.301936939802846194e+00,1.461786077859420629e+01,8.363874316312214674e+00,2.052909058452765123e+01
-3.543584205061573300e+01,-8.703298724176018464e-01,1.125990808688805522e+00,9.104419216190139608e+00,2.840038702680714522e+01
-4.163526272762170066e+01,-2.877974952081259197e+00,2.576864750337520604e+00,8.498266597803999289e+00,1.881158092287741823e+01
-4.103568033714393692e+01,-2.738344075158550162e+00,1.129483735554055102e+01,3.351170788007629575e+00,2.259366841289329386e+01
-3.879444148965913541e+01,2.420752890021865777e+00,-1.209131734810871528e+01,7.962225204153879687e+00,1.465098710266243209e+01
-3.934773824591489699e+01,-3.695279870505298714e+00,-7.391216670313393244e+00,9.751492059816627034e+00,2.083234864453723034e+01
-3.976976814989356512e+01,8.092664354379426328e-01,-1.179090827731069879e+01,1.192188173930140671e+01,1.202527014418220119e+01
-2.939305767959283955e+01,4.189836239746487223e+00,-2.022254049384960339e+00,1.343177487649834134e+01,2.600705182878882837e+01
-3.401586270121936906e+01,5.397079003152791543e+00,-1.298176658206436329e+01,8.461173162424371341e+00,1.873943579044697572e+01
-3.099743226379711558e+01,-5.453677958172885587e-01,-4.934437084260189010e+00,5.246639567863188525e+00,2.963033604390338027e+01
-2.268685140535289335e+01,1.808329414103607702e+00,-1.221124602795046421e+01,4.004001053583371994e-01,2.268335700577636871e+01
-3.384791714164614262e+01,4.956498270291999297e+00,-8.233068388266650217e+00,7.880739220395884814e+00,3.488998423194495047e+01
-2.780220678669822476e+01,-5.958918312148080432e+00,-1.256044001927238796e+01,6.211742756706104540e-01,2.406292811416799893e+01
-3.214196432471212006e+01,2.098104999940443083e+00,-1.287265344375985876e+01,6.851492843262521504e+00,3.097745543884972719e+01
-2.781598456484152848e+01,9.475110548264254362e+00,-1.703749029985051777e+01,4.561405667070084213e+00,3.034663653765556290e+01
-3.478911994798377094e+01,-1.567110811835422446e+00,-4.155860287377616480e+00,4.465023712962817193e+00,2.497794453327609432e+01
-3.542419579109352412e+01,9.784378413431889854e+00,-6.603580189531759181e+00,7.402793163614588501e+00,2.386837054069705033e+01
-3.181215793363100275e+01,1.023127881359253522e+01,-2.927793374106773872e+00,4.438111837285208416e+00,2.746827964240948106e+01
-3.323815885872917164e+01,1.211311793295402239e+01,-1.624617668703503170e+01,3.776080077637428811e+00,2.473737004010648732e+01
-3.126300170280290303e+01,7.924861908968348523e+00,-3.993961679700893441e+00,-4.792147943553961564e-01,2.382787368363041125e+01
-3.333705811646125028e+01,3.498313395606741150e+00,2.835925526403193508e-01,5.567746815771251079e+00,2.007228711752542694e+01
-2.992176886874362296e+01,4.794801376146271110e+00,7.268528329385543607e+00,-8.888369122989359106e-02,2.588668273809497222e+01
-3.188586017498990088e+01,2.612152094122640378e+00,9.706028668146581495e+00,2.551997341279717446e+00,3.247628422398862824e+01
-3.152769702791517403e+01,5.330140623033898351e+00,1.888952460614180140e+01,-1.036491810867908869e+00,2.995444951966642932e+01
-2.813490193637023751e+01,3.057964944036153376e-01,1.411872944629807947e+01,2.191978234194984054e+00,2.541115000352523268e+01
-2.867882597729688143e+01,-3.795127684152598824e-01,1.417268441308269011e+01,3.177824050716644422e-01,2.888113948500450334e+01
-2.968768278134302818e+01,-2.366036529590677340e+00,8.876929212636140321e+00,9.518907343821217282e+00,2.064152744726285249e+01
-3.392602246733567739e+01,1.968552473033762462e+00,1.002717932839757253e+01,2.634995932398801699e+00,2.171791621156937779e+01
-3.123384864326165200e+01,-2.212882792638963370e+00,1.169336322085054647e+01,-1.594737201585592068e-01,1.986098628348092987e+01
-3.038320937614053818e+01,4.727506329160570786e+00,2.058209115328535077e+01,7.631973710429613700e-01,2.932424134598677057e+01
-4.042205464891640077e+01,5.970681060488505665e+00,1.463777127999630245e+01,9.246154408179030781e+00,1.278461110529480393e+01
-4.091152815696319323e+01,7.977234704181631386e+00,2.037713993040656035e+01,7.202420178832349862e+00,2.556426455982020229e+01
-4.251232085888945988e+01,4.617606520794486968e+00,2.444354770575458247e+01,1.352964906482938368e+01,2.184303568034084009e+01
-3.322390578163555830e+01,3.484060452864688351e+00,2.357613345443507313e+01,1.208820009045259880e+01,3.053623740129239295e+01
-4.416529224695124611e+01,4.254770807702052959e-01,3.483169189416604183e+01,9.436341922050672792e+00,2.908379974069151075e+01
-4.263135202166541404e+01,4.409245388905429053e+00,2.528538746744563070e+01,9.039217928395126833e+00,2.886367330417064281e+01
-4.269057682831413558e+01,8.287287314545183747e+00,2.481952748847091073e+01,4.481970778289532831e+00,2.681267333996890656e+01
-4.096809415022536882e+01,6.880481801080032156e+00,3.145754591637070163e+01,4.277570658809688453e+00,2.487682475821317496e+01
-4.221639415163821241e+01,9.016924235455206826e+00,1.601449909451883258e+01,1.079383560506142281e+01,3.218253037312750564e+01
-4.532712179229871197e+01,7.362348121894077835e+00,2.433761623814835318e+01,4.711557045035211111e+00,2.965829296674941773e+01
-4.698703370117782185e+01,-6.203605024401753765e-02,1.838854795039791412e+01,1.553190430425658697e+01,3.482664621976044828e+01
-3.892765180427560523e+01,-1.361592464017922222e+00,2.819783503935693147e+01,1.105668488491518442e+00,3.094893395370617384e+01
-3.964692995343094140e+01,1.503750153080428476e+00,3.636755397536197165e+01,1.645326599344307184e+01,3.349664182091927955e+01
-2.855910527568192592e+01,-1.742746556885135245e+00,2.625521066156587580e+01,8.244521431631760322e+00,4.221639271284153239e+01
-2.512047433899790505e+01,2.349456493412730662e+00,3.108467864891619215e+01,3.496314308204406807e+00,2.575757238551275208e+01
-1.793325309654452226e+01,3.573227026785398053e+00,3.112235537364659166e+01,1.675817227321108760e+01,3.283013566523623439e+01
-1.380863660546059002e+01,9.229293788392471498e+00,2.623959282648301894e+01,6.553265786527748382e+00,2.063120630530044863e+01
-1.206283981016826168e+01,1.700236905750665528e+01,3.913000450500254601e+01,1.008097203223675997e+01,1.908100396038923563e+01
-2.853878790136605392e+00,1.120583180319388639e+01,2.162212577635611410e+01,2.301150395872389964e+01,1.161144409954057899e+01
-1.158371533766121253e+01,2.158640436221572401e+01,2.486376862441339597e+01,1.665692975198513892e+01,1.026958448043345484e+01
-8.655375054590950246e-01,1.666585580051422255e+01,1.789034556744384119e+01,2.569154176508650878e+01,9.768877639904911092e+00
8.759193039514865831e+00,1.507615243690618634e+01,1.094675337443825747e+01,1.057971633337107420e+01,-2.728635003153053962e+00
1.715928486811996834e+01,3.882266695178947913e+01,3.339943848788505676e+01,2.334457714799825467e+01,-1.211622789744936490e+01
2.166305309040259530e+01,2.893496725804121539e+01,1.507291706457874447e+01,2.662489283187429479e+01,-7.382078645395505845e+00
1.967546986261389819e+01,2.123539064981545010e+01,2.457889993442624288e+01,4.041030430285308483e+01,1.346446458599685947e+01
2.378502378310260923e+01,2.117531631477501008e+01,3.254018487165679119e+01,3.569071136840798175e+01,1.123778577960560909e+01
1.093674077469622929e+01,1.906100430101767884e+01,4.541054828833123480e+01,3.773742521437996800e+01,9.312714975478486590e-01
3.569717887819411573e+01,1.953406819181699206e+01,4.382870594025637700e+01,3.267468848610898391e+01,-5.891120928534000711e+00
4.644701950595956674e+01,1.736441266740570910e+01,5.208316274212789665e+01,4.229739258225937704e+01,-1.063832052394952044e+01
5.788484641946844533e+01,2.594135201096490562e+01,3.793717922400826126e+01,3.819361762724335563e+01,-2.478691477580046509e+01
6.391599640664296800e+01,6.914178307929103262e+00,5.213513288071803231e+01,6.046426940426455587e+01,-1.895490336044325019e+01
7.712242076478577246e+01,2.068389366325158907e+00,4.714926181600882416e+01,5.748386803208034479e+01,-3.343056932846757690e+01
7.781818778149845173e+01,1.195805552102432046e+01,3.994362146652002110e+01,5.205768771302820852e+01,-3.752347846504678586e+01
7.637293970578268443e+01,8.548671790181291641e+00,4.691377719217086906e+01,3.736961888331964587e+01,-2.914567880798684030e+01
9.304722347619177469e+01,1.200908508073598213e+01,4.475276176770021408e+01,4.458273642843576567e+01,-3.293290198256637069e+01
8.176214970356832623e+01,8.854818007597611285e+00,4.030566722103168331e+01,4.263011019400627788e+01,-1.725425794012876679e+01
7.642273153195108648e+01,1.258249693717461781e+01,3.405902197300678580e+01,4.549785043430349418e+01,-2.151731325507013182e+01
6.684760395082257389e+01,8.572154005223417528e+00,2.872086733350935361e+01,4.289786048404795338e+01,-2.368006908444169412e+01
6.425301461553230808e+01,3.394003970252742697e+00,2.508213278762002929e+01,5.206892721170780192e+01,-2.645282395124667119e+01
6.001155325889090619e+01,3.989614064767748935e+00,1.774101887550216361e+01,5.010847951955575041e+01,-4.000250646746377470e+01
5.657783813703506581e+01,3.551093525523820182e-01,2.596872355979787628e+01,4.712656555594106322e+01,-3.319498657326825963e+01
5.310936258152144518e+01,6.744429772302463100e+00,2.244925429069580147e+01,3.191540231590527199e+01,-1.323520933044551562e+01
5.570112706439491745e+01,2.969116333061719359e+01,2.369707864887254090e+01,2.355247254532000056e+01,-8.406324189055048635e+00
6.094122079895467436e+01,3.254493989383578167e+01,4.058169977568650921e+01,1.243086644418760400e+01,-2.790593356238276712e+01
6.743427054446077307e+01,2.192360181128483276e+01,4.071561507487758291e+01,1.255325218054715464e+01,-2.996466676066311763e+01
6.962752343823323997e+01,6.488795717758919501e+00,3.091986304326016821e+01,1.168040776380260937e+01,-2.470119933426449421e+01
7.702470258877033871e+01,1.002634290870041411e+01,1.506051336459299783e+01,5.599780690510286263e+00,-2.088590544406356742e+01
7.581363604279214030e+01,1.167273608015631048e+01,8.751595957755263555e+00,6.829847494347067727e-01,-6.601034352171764930e+00
7.901797918243241270e+01,1.158328505579081380e+01,-5.988964928762312567e+00,-5.961613059635300083e-01,1.448039312161780057e+00
8.121991760443405894e+01,1.113507250340867216e+01,-8.112297978754227756e+00,-3.929327217339225076e+00,6.993650518208395894e+00
7.701045401931479262e+01,1.968537791039355511e+01,-6.108222391941064089e+00,-5.684254704500193434e+00,7.962436968479222443e+00
7.867280459400747361e+01,2.131007888147691887e+01,-5.281231005403971501e+00,-1.086817820740893481e+01,5.698095538453281428e+00
7.850836251016306733e+01,2.221438907079448555e+01,-3.120833781689048014e-01,-1.339652665746914906e+01,8.852597931759524030e+00
8.105374201194231887e+01,2.401989055077546809e+01,-1.299568293532496810e+00,-1.692420146902102118e+01,8.156212823487587471e+00
7.862021113063514122e+01,2.465027350058612043e+01,-4.062091195846942782e+00,-1.822061604546110303e+01,6.331693132720285888e+00
7.696539263706328882e+01,3.235891779724624229e+01,-3.266878258792037748e+00,-2.110965414374629034e+01,7.162337170677366416e+00
7.461227463783227165e+01,3.966494427243861054e+01,-8.851142932878641290e+00,-2.105807875736605439e+01,1.902157746365515933e+00
6.837876230187508497e+01,4.003252363932889324e+01,-3.481094405059965258e+00,-2.224725007127612741e+01,6.973518512611798670e+00
6.413140669534165283e+01,4.402878888135375490e+01,-2.655049813430348848e+00,-2.415670266682630540e+01,6.815916531493594555e+00
6.479200852122376375e+01,4.644253731764850102e+01,-2.630452521620506801e+00,-2.400491222615086073e+01,3.963727575045365548e+00
6.602028952408693385e+01,4.639251724375860420e+01,-4.332748795711580669e+00,-2.787721028555559855e+01,-2.501477404599369514e+00
6.481130608111094205e+01,5.219304033036360835e+01,-7.636251303297263426e+00,-2.774717540534812343e+01,-1.803634412093587436e+00
6.119309615009435532e+01,4.416807823554838563e+01,-2.643382403403591319e+00,-2.556374681660850356e+01,3.687718959880927017e+00
6.216263530354312650e+01,4.679724613165473102e+01,-5.035728940632027140e+00,-2.536515691440808240e+01,7.255992000189055435e-01
6.204716924511245679e+01,4.392991668498549984e+01,-2.539717519927223499e+00,-2.820671424771770219e+01,5.445178154990673036e-01
6.263494039039336059e+01,4.478467889644212363e+01,-4.263067262103240829e+00,-2.657457041833912115e+01,8.989226002104369062e-01
6.488801871039758851e+01,4.810892470495234363e+01,-6.318769341763299074e+00,-2.815281776702093097e+01,-4.969749641214904479e+00
6.034786333654955826e+01,5.020578016503758789e+01,-3.956307229023599881e+00,-2.467570081217823486e+01,-2.960809112349193306e+00
6.006183118020823741e+01,4.728576719678790141e+01,-4.743378495193830702e+00,-2.546431163544110632e+01,8.074726027991219190e-01
6.267900612953685879e+01,4.885356097550658205e+01,-4.497799956470857730e+00,-2.565894828519108728e+01,-2.474319178976728040e+00
7.274667376744115188e+01,2.993135708588893706e+01,1.030722841743707363e+01,-3.058962230931699011e+01,-8.422030637298751898e+00
6.141635659751274545e+01,4.972324729384754249e+01,-3.981757380946343350e+00,-2.602512818757956126e+01,-8.255593214819652026e-01
6.249926703267502148e+01,3.648685944710572215e+01,3.408129467153481862e+00,-2.710877832320053926e+01,6.888161724497695593e-01
6.249779660781545232e+01,5.100991389725594871e+01,-2.940631258619942123e+00,-2.567812668853371605e+01,-2.535801569541266787e+00
5.700703961087194216e+01,4.554119387837169342e+01,2.708515097749523814e+00,-2.501559200633045776e+01,8.833257562924387685e+00
5.853099588784873220e+01,4.965332001541114693e+01,-4.528400275922751739e+00,-2.551785581242047485e+01,2.557585678973904209e+00
5.981739911045902147e+01,4.334356220510297675e+01,8.062709055904865307e-01,-2.414657855211796189e+01,7.959267528686746473e+00
6.388996299031603598e+01,4.578189150816551489e+01,-3.193705803608535732e+00,-2.774771948840272628e+01,1.325811124930733831e+00
6.594346889729648353e+01,4.102051042694669292e+01,-2.391586932636667218e+00,-2.791743313605235954e+01,6.301274483947890026e+00
6.983727837479170830e+01,4.005160986401710943e+01,9.757679139150021719e-01,-2.650584638503552881e+01,6.800465181301454720e+00
6.665383074112706652e+01,3.370508079334464924e+01,1.366720720685768997e+00,-2.505504105479414179e+01,9.707679035274008328e+00
7.165540106162188749e+01,3.183586693085426234e+01,4.333555341575732633e+00,-2.292344147432218548e+01,1.051694150152320617e+01
7.724513428500746670e+01,2.168312583892005563e+01,1.129942100703259023e+01,-2.850574053907432059e+01,6.128165903186253871e+00
7.848076356301429257e+01,2.610531319841461340e+01,2.280096069313858109e+00,-2.315516141519605497e+01,6.142061160680512444e+00
7.989850357790678004e+01,1.951380096456237112e+01,6.342417217348081060e+00,-2.495396012915700013e+01,8.503157870484415071e+00
8.948161012631663880e+01,1.427142187180980493e+01,7.716252127559617868e+00,-2.269694925227580029e+01,1.506034984381950492e+00
8.200069964975737946e+01,1.818489902609236708e+01,5.157420291623429520e+00,-2.252182553345716443e+01,1.036846373353501605e+01
8.749600875226130370e+01,1.203593913691593542e+01,1.696292361405738802e+00,-1.696396952129884994e+01,3.338282874166164760e+00
8.735380317589567767e+01,7.509102123659084249e+00,1.066305176337178651e+01,-1.616087866617691660e+01,1.019097476486062170e+01
8.827253613122344689e+01,5.940301644035280049e+00,2.849324100651461578e+00,-1.158956021989194340e+01,6.217283222303779944e+00
8.887743711076504383e+01,2.784834698065034697e+00,1.553934391679692828e+00,-1.020592127683391759e+01,9.147493908085527536e+00
8.983049423279020118e+01,3.018942312195560085e+00,-4.036354726011654570e+00,-6.316362596408438002e+00,8.488999279393432573e+00
8.727030731813455589e+01,-3.041236065296161861e+00,-1.544619250642331743e+00,-6.737288028634116799e+00,5.702616021946708358e+00
8.939105284045518829e+01,-2.254586173863222243e+00,-6.975028496984571724e+00,-4.209143697578211274e+00,4.259077615250086879e+00
8.543007259316721047e+01,-7.166481560423740405e+00,-5.462924635278471719e+00,-4.076645915509210738e+00,1.105451901964927686e+01
8.826929612058506791e+01,-5.645221685514810517e+00,-1.328749332452138709e+01,-3.187029501854294455e+00,7.534712549414466665e+00
9.111412668175073293e+01,-1.296175287190093783e+01,9.116099636299135334e-02,-5.332984224852257427e+00,5.830781730992258716e+00
9.210291752620885575e+01,-1.069222520089051010e+01,-1.273863616443970770e+01,-2.582391859140331203e+00,3.401497713342966023e+00
8.675967123306804751e+01,-1.529064105345859481e+01,-7.768920325047090181e+00,-3.851759317966594764e+00,1.094481600388979459e+01
8.613377807980685930e+01,-1.428886521398830212e+01,-6.554003451671925440e+00,3.733490803192011320e+00,9.639396523622645319e+00
8.766177041653719471e+01,-1.724164276181869226e+01,-7.507035912684435708e+00,-1.693608705638667056e+00,9.029225873425142268e+00
8.980226181775618954e+01,-1.611541389880866859e+01,-1.126030234457261159e+01,2.500737116399303073e+00,6.530955541611020543e+00
8.439490795518972277e+01,-1.620782364943146803e+01,-3.431193791113861025e+00,1.980556711497430067e+00,8.096157797807912004e+00
8.651688735583962853e+01,-1.407319012714791739e+01,-1.236395657099683021e+01,1.847282347406030034e+00,4.388095356822955040e+00
8.635101678141059267e+01,-1.577303640611890501e+01,-8.018754545032614089e+00,-1.956013476034539789e+00,8.422795390477372024e+00
9.228190172145394854e+01,-1.435561201867963632e+01,-1.552518590816976918e+01,2.477344704980574353e+00,4.142798701828394492e+00
8.646561507054643414e+01,-1.710894734146884844e+01,-6.502972029511449925e+00,1.527379660229334579e+00,9.901931017905553745e+00
8.826355615477126548e+01,-1.411300476902284906e+01,-1.480604185822847541e+01,1.678182023123751421e+00,2.438363681922552484e+00
8.877271672420241089e+01,-1.489147073647781383e+01,-1.556881709727061924e+01,-1.391921738998894265e+00,7.195575815965518096e+00
8.812547282978671603e+01,-1.685886420853730883e+01,-1.034594937075386056e+01,4.109856738831290102e+00,6.219836746172286546e+00
8.802922799265778053e+01,-1.936550966347759584e+01,-2.257138694230063525e+00,-1.009863977571176408e+00,6.881096177465399144e+00
8.725559723394798084e+01,-1.835065622394006368e+01,-7.587327904462543238e+00,5.666247776147049997e+00,6.796189421010082832e+00
8.599754257630290510e+01,-1.858090370153080073e+01,-5.010256396679861446e+00,1.798537665776475558e+00,7.527570979490967318e+00
8.837048154122042831e+01,-1.949983084069420514e+01,-5.684998839476723909e+00,7.206088705843736619e+00,7.874421600212569317e+00
8.763574498928279866e+01,-1.912735845393182998e+01,-9.362661085916538894e+00,3.832722493276658593e+00,6.782160113573291405e+00
8.782181310588447332e+01,-1.842654059017410972e+01,-9.985174993495242290e+00,6.536943117888718291e+00,6.146167132155939683e+00
8.874338395964792880e+01,-2.106285242699797067e+01,-6.248266330453990491e+00,-6.232702068361056780e-02,5.693177493240360043e+00
8.842957094116825090e+01,-2.185177453760753963e+01,-2.924621819259551447e+00,4.652980981460158816e+00,2.825326666039010171e+00
9.043053212952956699e+01,-2.334526051585976703e+01,2.163218625989992816e+00,-7.025015208242931797e-01,6.315467607507263548e-01
9.389186312392479294e+01,-2.314099828889932553e+01,3.452367535899347750e+00,3.741406959721994774e+00,-1.238231008054207605e+00
9.042860039569822561e+01,-1.951509056066239367e+01,1.010539602400104897e+01,-1.122078218570944363e+00,5.188196033496851989e+00
9.449272298316753904e+01,-2.514646678193872376e+01,2.249700754041633388e+00,4.324863742989500714e+00,-1.322223575293071773e+00
8.842934460200410740e+01,-2.213603253174549934e+01,6.202218027666570599e+00,1.951489877518613358e+00,2.071322869969260516e+00
9.064471053279679325e+01,-2.488085421580652223e+01,-2.437910850868464596e+00,8.095265858258436253e+00,-8.350014058251329363e-01
9.104583201622531874e+01,-2.247499275140183173e+01,-1.139146714653235470e+01,3.176308351514656181e+00,-1.929136179431510389e-01
8.443434307923624260e+01,-2.336072148587577146e+01,-1.232516603578148029e+01,8.384276792636194742e+00,6.462582125933406196e+00
8.492438536731610554e+01,-2.499238594271074021e+01,-1.275709621101928093e+01,5.838373240015303445e+00,3.978933016948975165e+00
8.203840475885147043e+01,-2.415167132399005823e+01,-1.537901307102778681e+01,7.086920911544151380e+00,4.733435787472462408e+00
8.493310073385011094e+01,-2.528008962748804223e+01,-1.435755831984366360e+01,2.730255932429042964e+00,4.584785528138751509e+00
8.431338293194789912e+01,-2.835729220251201710e+01,6.649267152718446594e-01,9.983476102371874106e+00,-1.166957480219466881e+00
8.149350258035401851e+01,-2.786153042990648032e+01,-9.851213235749506580e+00,3.117458318311209009e+00,6.111056721948469495e+00
8.251732817930988517e+01,-2.939613415107695360e+01,-1.327597122389884454e+01,7.562351511431701034e+00,2.174397499515500876e+00
8.054100556467757599e+01,-2.951496643106230522e+01,-1.587095007698468940e+01,5.622045077599839402e+00,9.739773966508082026e+00
8.296803658429337247e+01,-2.860315839587062925e+01,-1.691400606903440007e+01,7.059649606089023699e+00,4.754326828957493589e+00
8.135903221380044670e+01,-3.181971674784116288e+01,-9.796894285144281511e+00,5.906036644756082588e+00,7.417255661869082140e+00
7.891083387288563245e+01,-2.855428821521099536e+01,-1.082717433683698438e+01,1.021310427776325014e+01,1.402432157524710377e+01
8.033256598615811583e+01,-2.862176691376522442e+01,-2.225484255966761538e+01,5.276555469282530275e+00,1.036541130597232296e+01
8.094079148643353960e+01,-2.663515788917824878e+01,-2.068545810901390070e+01,8.505640185283240839e+00,1.006412316381358707e+01
7.937382867001912246e+01,-2.801234562637499437e+01,-2.206875443880588961e+01,4.804887381523487377e+00,8.871407719012639248e+00
8.063841607631621855e+01,-2.585451949504831859e+01,-2.163166561639720342e+01,8.797271212830274578e+00,8.907818622798147956e+00
7.695534087774568377e+01,-2.892381981290915860e+01,-1.926131371926801705e+01,6.518085733933289383e+00,1.022283188083616068e+01
7.965626002818214602e+01,-2.605631973967683379e+01,-1.893637098071335600e+01,8.941605968670087279e+00,6.483013766209658080e+00
8.218505244897134787e+01,-2.932082086689333877e+01,-1.495373128557296916e+01,3.597772615596021684e+00,8.513215226689847981e+00
7.887030683084662996e+01,-2.786844145548058549e+01,-2.171871830686825433e+01,9.196167765284057438e+00,3.388411707283445651e+00
8.087053017516204534e+01,-2.876827539054282212e+01,-2.628949402494738052e+01,4.134561709541520358e+00,5.731748323175679616e+00
7.854496775733875324e+01,-2.783481443596059890e+01,-2.221873898750255805e+01,8.900398451535336264e+00,4.420282188386402744e+00
7.935923180635973040e+01,-2.876782795136519155e+01,-1.161327850044890475e+01,5.193118605213345340e+00,3.771360714731710750e+00
7.807884002518059674e+01,-2.806424211929266122e+01,-1.840505348921537632e+01,1.139820851474741303e+01,7.220183358472690216e+00
8.304541649427834216e+01,-2.860002442893364361e+01,-1.422915483864534281e+01,2.764493813828061253e+00,-1.654128232910138774e+00
7.926225050644914916e+01,-2.886215887801319013e+01,-1.461624188730587015e+01,6.478665977060225956e+00,1.436751857778713948e+00
7.448159468779169856e+01,-2.563977936002139302e+01,-2.172567080076606061e+01,3.710010794862662387e+00,8.662221067691323384e+00
7.503468259471266322e+01,-2.563277024803631576e+01,-2.336008192944036566e+01,8.590894988017106826e+00,5.919842383553278076e+00
7.487372280197887164e+01,-2.647931891270351556e+01,-1.992471509269584118e+01,7.169115739459680725e+00,9.639339622799484530e+00
7.449759060048066317e+01,-2.423472700542505720e+01,-2.194761355635433375e+01,1.022838911827656894e+01,4.477166398296807515e+00
7.724706559431184871e+01,-2.755495249675031033e+01,-1.929639485102920560e+01,3.897196501643212407e+00,3.003177295099456856e+00
7.903366793480699926e+01,-3.045240901801988898e+01,-7.089422233623789538e+00,8.055579223942253009e+00,6.676229457606897011e-01
7.776044536760150550e+01,-2.645924065149453952e+01,-2.215044557565882144e+01,6.555679655259710970e+00,7.400152786841780461e+00
