-6.211666100761881637e+01,-1.935255834853891699e+01,-1.930330322720208880e+00,-1.126653640420030911e+01,2.446487578204428104e+01
-5.209398459803527714e+01,-7.513735962593154127e+00,7.972265363965966856e-01,-1.101652115617589089e+01,2.968927245115202496e+01
-6.092226727132094766e+01,-1.083129608074643890e+01,6.420452367322424969e+00,-1.125445173085650197e+01,2.169448373286205012e+01
-1.591449683607808829e+01,4.264849326459925294e+01,1.002495626900312509e+01,-7.981261637879989657e+00,2.884153724577469902e+01
-3.466206292714317527e+01,1.673986332467611859e+01,1.843516338142420219e+00,-1.778142013833320378e+00,2.369032165580733107e+01
-5.283392358222478435e+01,9.696423059788028098e+00,3.470187550490642092e+00,1.873948468079827512e+00,1.017759811773067824e+01
-4.937739850821348142e+01,-1.629308639766607669e+01,1.044803000348787592e+01,-1.511248029866682963e+01,2.469414571582890616e+01
-6.375109863646029140e+01,-1.077002375009503155e+01,6.799096593767279373e+00,-6.011551975227336975e+00,1.204369339603114852e+01
-6.393406116306761788e+01,-2.012361644237205027e+01,1.072420783353598495e+01,-1.904310421658441044e+01,3.436001535315154598e+01
-6.533418047740639167e+01,-2.062698880146000491e+01,1.784360425666688599e+01,-1.345182329754383765e+01,1.426792768395784705e+01
-7.374445408769813071e+01,-8.007872917416285929e+00,1.007773381226661513e+01,-1.688293723934546620e+01,3.827017411373567057e+01
-6.585284463090467000e+01,-9.751467629397994941e+00,8.479643453187701851e+00,-7.532863957522351939e+00,4.534732726098035016e+00
-6.790671586484803868e+01,-2.715836544243433348e+00,1.356218487568137299e+01,-1.732673834079991693e+01,3.446140693292480961e+01
-3.837815668798108959e+01,3.394062706005625074e+01,1.051280433147034010e+01,1.387700369690699631e+01,-2.344147344102213815e+00
-3.178699347515372864e+01,5.198270358860384022e+01,5.021901927234026175e+00,-9.214029552882286866e-01,-5.539684001504223687e-01
-3.319981082638814485e+01,5.411797107199554802e+01,4.744568238605496369e+00,3.094490590187553902e+00,5.679462655430428164e+00
-2.423738106807117632e+01,3.511733537926592419e+01,-1.001026258338732156e+01,2.329974359302243503e+00,3.723004412812754182e+00
-4.094241296552547027e+01,3.201961834478198821e+00,1.318803069962078922e+01,-6.192912290471864090e+00,1.552893536892356963e+01
-4.989789065241755850e+01,6.428165960004030843e+00,5.937791659995099280e+00,4.525461564200094600e+00,7.745476312899035598e+00
-4.556640189101869254e+01,-2.319576623556604211e+00,4.030895678780817448e+00,-7.637764566094020324e+00,1.833010927549181446e+01
-6.516929531664156627e+01,5.684375743050759100e-01,9.844800247833736861e+00,-8.464455656939373185e+00,5.613196400918938345e+00
-6.299141203410182044e+01,-1.994751441429204908e+00,1.071502878489311961e+01,-9.924868506885635711e+00,1.989078730710923892e+01
-6.505748535090891949e+01,3.469258575857659732e+00,1.018275828605679578e+01,-9.811404040808394456e+00,2.643505290788175444e+01
-6.231102143099722923e+01,7.317955060894654196e+00,8.435180884882601760e+00,-2.909741076594882969e+01,3.560098558503270283e+01
-6.425892573493956661e+01,-4.468324438867428583e+00,7.173216345241473668e+00,-8.062829051036828787e+00,1.175091061028329698e+01
-6.435443049112818414e+01,3.885182173888835688e+00,1.289611405818308398e+01,-2.628324543275356717e+01,1.383080301566470816e+01
-5.654342405372722880e+01,-7.574771666979827955e+00,3.104394782137524444e+01,-7.882500191503356568e+00,-1.591834284117511444e+01
-6.297353882314633466e+01,-1.019468289740431288e+01,2.532136376932944799e+01,-2.343429798702491595e+01,2.512981818006474910e+01
-6.058028531533764749e+01,-5.764286903699927800e-01,1.505515685771387524e+01,-1.800379072683371007e+01,3.329065857756132285e+00
-6.118283746281785795e+01,-6.069160018925565225e+00,1.726876860664602731e+01,-2.978236301670012409e+01,2.346832766215498722e+01
-5.665665810177567607e+01,3.728806960467446086e+00,2.283354586986328627e+01,-1.012711896126122646e+01,2.228313311301032051e+00
-7.466831800232459670e+01,-1.182309745413867219e+01,1.269788009534771334e+01,-2.115462200104004253e+01,2.878244716448413243e+01
-6.205523104993735473e+01,5.729500319543807674e-01,2.657373719829603687e+01,-2.479244872431822699e+01,6.011834522932824054e-01
-5.842747903973688750e+01,-9.363590465590348799e+00,6.809507289682775522e+00,-1.458714345988321703e+01,1.123552144387190843e+01
-6.068921550919599639e+01,-7.686096888265621985e+00,8.732378167733768848e+00,-2.352864653118611571e+01,-1.414978776706104391e+01
-7.089789970954485909e+01,-1.195331150503443851e+01,1.612652571584702699e+01,-3.536787616801460388e+01,8.754421573166171200e+00
-6.046505785510488806e+01,5.014225171265832337e+00,2.561981866639079186e+01,-2.123473365152752379e+01,-9.224755758125741778e+00
-7.288927612454155280e+01,-6.654520735477601256e+00,-9.516918087093952927e-01,-3.022205856822176884e+01,9.003283202531784823e+00
-7.551865370470271444e+01,-7.999447710366291098e+00,1.370009823255753822e+01,-2.753674735820232655e+01,-9.775267915337208180e+00
-6.166714598762862209e+01,-1.871823408054214255e+01,1.198699932703496174e+01,-2.196007191119968027e+01,2.712673944474679466e+00
-6.258428439793317466e+01,-1.367721149824951077e+01,1.595778439598677423e+01,-2.060482041020851796e+01,-3.791749924545009254e+00
-6.227207636686432579e+01,-7.826809025678834963e+00,1.595084885852012135e+01,-2.915159550949868006e+01,2.313311714283687692e+01
-6.853441371611948796e+01,-3.175612414414057394e+00,1.344345916653371553e+01,-3.139975569930394883e+01,-8.093483046671728687e+00
-7.431416955867642571e+01,-1.602051296944208048e+01,6.642265565655974591e+00,-2.231955785531033243e+01,3.021595691778133741e+01
-5.927202326959881873e+01,-1.143694424236691631e+01,1.585705183879157865e+01,-2.853122401986675527e+01,1.729628218937443673e+00
-6.171841539444289992e+01,-6.571395106281431531e+00,7.683699274083426012e+00,-2.783004718981680270e+01,2.085675457940437738e+01
-6.857539177220603221e+01,-7.766156274313484431e+00,6.942960793091073946e+00,-1.845804224278842653e+01,1.314463504416218509e+00
-6.490942778896936716e+01,-9.090419496075138994e+00,1.306682022763903550e+00,-3.004501269500815752e+01,1.975790391866999940e+01
-6.103085100585701639e+01,1.866851774295211208e-01,1.844932712732251190e+01,-1.983938687575973958e+01,-3.021729624202447617e+00
-5.343425206886841039e+01,-5.845301564287673557e+00,1.548920707542401054e+01,-2.187172318857648179e+01,2.779203030110886097e+00
-7.451827535180530049e+01,-2.545327499712708530e+01,1.647035222159527024e+01,-1.056929477493570779e+01,-7.886839492831711595e+00
-6.649610168873178395e+01,-1.504595561725621700e+01,2.078551642926628862e+00,-2.963907065096201165e+01,2.259204161237600061e+01
-6.621048829560953664e+01,-7.839889533678945810e+00,1.828253215943806609e+01,-1.471609980855467903e+01,1.292621116804339998e-01
-5.590851798630854574e+01,-2.698110279434030545e+01,1.286547476170832560e+01,-3.169296120850119891e+01,6.684575576459614865e+00
-5.801539648280594719e+01,-2.610330365667838137e+01,1.984144921983073573e+01,-2.143688413446216501e+01,-4.412682065140447918e+00
-5.985201227394942691e+01,-1.511157669188913211e+01,7.612622021831857211e+00,-2.687215092696094842e+01,8.037993484079143158e+00
-6.193218629860685809e+01,-1.749580201312002714e+01,2.708831153576265294e+01,-2.462127655917673863e+01,-7.439552674117342335e+00
-5.017246386646888112e+01,-1.945835120515785732e+01,7.836459628237983921e+00,-2.851760239929110696e+01,1.306407373788021253e+01
-6.142422231587384829e+01,-1.173824322296811573e+01,6.420163599817171551e+00,-2.058248334795652568e+01,-1.180316177291681257e+01
-5.855315005040944953e+01,-1.799869163930517146e+01,1.609952927277628021e+01,-2.331097237811169620e+01,1.198456453668202215e+01
-5.804227234399556323e+01,-1.315505960664573415e+01,1.083916532265757127e+01,-2.775832555179488281e+01,-1.489064982748322841e+01
-5.572927825484752162e+01,-2.484573802002276111e+01,7.227182770553929991e+00,-1.233564526532867767e+01,2.884920778473937020e+00
-6.745379565926619136e+01,-2.259690533857910921e+01,2.264297958432765867e+01,-2.045154734953577247e+01,-3.023869731628762736e+01
-5.766824655689497803e+01,-3.009521430331050951e+01,2.390389505533079628e+01,-2.549987478108288741e+01,-5.411779803761568530e+00
-6.152632660637790707e+01,-9.504216405079915830e+00,2.114302485255869968e+01,-2.387034972451643000e+01,-2.057194602518658044e+01
-5.068529697641147891e+01,-1.458061862090812610e+01,1.802352917380397557e+01,-2.911432095305161383e+01,-5.112668212979229132e+00
-5.027901740242255357e+01,-1.759516702215572082e+01,2.748525863652992030e+01,-1.533465872241916728e+01,-1.816643397342851074e+01
-5.209370389599974516e+01,-1.075877527675795342e+01,2.327019546741599854e+01,-2.131125314012373551e+01,1.131163852876282760e+01
-4.896114077992275071e+01,-1.291439614289079962e+01,3.839433338276207763e+01,-1.330500069609160896e+01,-3.609499270364143797e+01
-5.570145485921509731e+01,1.042512998763544863e+00,2.733462372471833746e+01,-2.378026731919747760e+01,-1.803235036144636183e+01
-5.338330339647325218e+01,-1.118583145875601703e+00,2.319680320526973460e+01,-1.682457712063452604e+01,-2.618731881366224812e+01
-5.870874025885581204e+01,-8.218443586566429815e+00,1.717777950087748451e+01,-2.400678094385722261e+01,-1.267813077323611815e+01
-6.182972083322673740e+01,6.041201778294199798e+00,4.447229515435435587e+01,-1.372043155231232525e+01,-4.455289003195558450e+01
-6.652467758320926805e+01,-4.673241636858825210e+00,4.623829065947852257e+01,-2.144107174938685390e+01,-1.513219644560409982e+01
-6.138345969027567861e+01,-6.837814743229476910e+00,4.483499323872148068e+01,-2.198181952367771075e+01,-2.712509524086812007e+01
-6.112698851049431426e+01,-9.898263408048615375e+00,3.342531609520037961e+01,-2.179443320639366988e+01,-1.786211148224742473e+01
-6.694428485127254191e+01,-2.114146556661408738e+01,3.137240009023440734e+01,-1.793638605727655744e+01,-3.243495542298818179e+01
-6.469090218710712747e+01,-1.223999884351487033e+01,2.375317683334587926e+01,-2.977075645385362179e+01,-1.387529048743749271e+01
-6.660494145790899267e+01,-1.619665624927084480e+01,2.016448195505545371e+01,-2.985744468766123560e+01,-3.402481789737628759e+01
-5.910517542550476833e+01,-9.742062422787425291e+00,2.974698717776193035e+01,-1.917381626349770229e+01,-2.411222850492503156e+01
-6.907848250583323590e+01,-7.843210056785279605e+00,3.580158194049288056e+01,-1.541505651595638149e+01,-4.725740165934094961e+01
-8.108314807040012795e+01,-1.337525930690298459e+01,2.074429890393337672e+01,-2.936801121608840859e+01,-3.037364873586996694e+01
-7.356275868895806980e+01,-1.311043388495606798e+01,1.981679886804843704e+01,-2.115442779395435480e+01,-4.867983111698011811e+01
-7.635956578137603401e+01,-2.247253929148145701e+01,2.713703362169796662e+01,-2.875752413214278747e+01,-2.112801068543867444e+01
-7.450207410205629799e+01,2.096083739930857115e-01,2.688335757437475593e+01,-2.819389514228818783e+01,-4.877939357064774129e+01
-7.470388203623343770e+01,-7.985295906826412882e+00,1.202160144746854442e+01,-3.438366185062273672e+01,-2.351199333856127538e+01
-7.091191203658496534e+01,-1.387694122877079117e+01,2.197922354442937021e+01,-3.174311507611157523e+01,-3.834682831913349332e+01
-7.921849821359802490e+01,-7.420564587204300011e+00,1.341508701972263573e+01,-3.122066268966629110e+01,-1.634255853413526438e+01
-8.059015316345882241e+01,-1.272195658403795449e+01,2.041760497951027631e+01,-2.537646600060567081e+01,-4.009862855534412773e+01
-6.720603232483827583e+01,-8.828975355421047055e+00,1.845387878768633882e+01,-3.620609776090336140e+01,-3.164094919071641243e+01
-6.368800511790934138e+01,-1.688839832753863845e+01,2.307238501009248210e+01,-2.789471286394885396e+01,-3.805311128443532454e+01
-7.232406080100814449e+01,-1.886611682978666238e+01,1.471094589643711892e+01,-3.189077290852063484e+01,-1.138782721995938374e+01
-7.481564234423153437e+01,-6.874895700429553891e+00,2.998008041556340331e+01,-1.940582631935360425e+01,-4.799788995026411698e+01
-6.628286157215531205e+01,-1.614293350470484967e+01,5.187197518983271749e+00,-2.975290031415689640e+01,-1.754760278885318669e+01
-7.001849307206370554e+01,-1.862607600354860082e+01,1.303341319356402295e+01,-2.220926139503726304e+01,-4.363003937402441323e+01
-7.359564575027725652e+01,-2.080602985072017930e+01,5.603362676749186200e+00,-2.565990963343636722e+01,-3.251863653060078008e+01
-7.048319657559507334e+01,-1.564309357875920803e+01,-2.446516181817061764e+00,-1.423739700937981745e+01,-5.060758997467785747e+01
-6.657564189448692105e+01,-2.574640203143565387e+01,-2.439832638673034459e+00,-3.114155979554830012e+01,-2.249792547983664548e+01
-6.348971377792456394e+01,-2.418730267411946855e+01,1.096650157068205722e+01,-2.515413487707809281e+01,-2.807459713817511116e+01
-6.375083249037859900e+01,-2.517560581310749157e+01,1.233601482114451819e+01,-3.187837673006432837e+01,-1.282894256655216836e+01
-7.501486950749816174e+01,-2.816267616358040371e+01,1.469369347433117667e+01,-2.031192304726511466e+01,-2.225820805187284535e+01
-7.801714499876960929e+01,-1.760334035479384340e+01,-4.326551407623711931e+00,-2.931842163589547567e+01,-1.250692027413916385e+01
-6.165550683345998806e+01,-2.577700915052784225e+01,8.738101897045556399e+00,-1.693321472585443743e+01,-4.163869867323613505e+01
-6.231392447700797987e+01,-2.161174654206647361e+01,-1.192161073693562123e+01,-2.029815030630865635e+01,-3.987359044717935674e+00
-6.762248735584138615e+01,-2.194097886689482380e+01,5.862428751256805182e-01,-1.096748834809366180e+01,-2.364995506418362581e+01
-6.486827031236224173e+01,-1.206578904932712426e+01,-8.871353104448566285e+00,-3.076374022040899803e+01,-1.143951028551412819e+01
-6.616933345057951499e+01,-2.810615555189889392e+01,-1.660108863505702637e+00,-1.429073351637076961e+01,-3.276189421763018572e+01
-5.927644749165909843e+01,-2.900566318753501349e+01,-2.356496948476206388e+00,-2.551837881951866294e+01,-1.497072936490437023e+01
-6.148060886745270892e+01,-1.398452597140193099e+01,3.101296806272459072e+00,-1.947838684925219610e+01,-3.657768645288952314e+01
-5.783144716771840876e+01,-1.487028600630624631e+01,-1.319961534954532034e+01,-3.212223237595499370e+01,8.221961262368758128e+00
-6.847703498769787700e+01,-2.154947934798342146e+01,-5.805384204369524959e+00,-2.574899157556072282e+01,-1.337846725027306327e+01
-6.126346077741624185e+01,-1.639380095752889233e+01,-1.350110530814819754e+01,-2.335873193940606640e+01,-2.618552565411024879e+00
-5.964908639740224316e+01,-1.125916502610546743e+01,-1.184613246288421529e+01,-2.069907245046564626e+01,-2.062336791276774406e+01
-5.419268643463664148e+01,-2.685518416677586373e+01,-1.472040652552691320e+01,-2.368406029554055436e+01,-2.974695961718658133e+00
-5.793438300165851018e+01,-2.410469629764628152e+01,-1.218697837297447961e+01,-1.363402442938898318e+01,-2.637990572323123217e+01
-6.431776380507129431e+01,-1.843060718991254987e+01,1.226979881271468287e+00,-2.615426674014444330e+01,-3.721357780279825000e+00
-6.181065179927544762e+01,-1.881068682035392925e+01,1.495435434025220278e+00,-1.623436408599897973e+01,-2.361536455086687880e+01
-6.928204502097098327e+01,-2.133191786976798809e+01,-1.337474409405209208e+01,-2.549915263118521835e+01,-6.832146413961050158e+00
-5.710434073111245823e+01,-2.948703730908362886e+01,-2.816692379624844200e+00,-1.259169240991445271e+01,-2.183010067926594999e+01
-5.997859179539148045e+01,-3.171560265391113376e+01,-5.743847385642985692e+00,-3.130165740291281296e+01,3.589172290444662572e+00
-5.187536237585044319e+01,-2.455992641326471571e+01,5.349884204766495621e+00,-9.715691351150404387e+00,-2.503750198527855630e+01
-6.170050891716485353e+01,-1.094503339649812190e+01,6.343575631799494019e+00,-2.315433964079550577e+01,-1.087961150862206239e+01
-6.711759603186956724e+01,-1.593826163350069436e+01,-3.546745666518520412e-01,-2.015623210056858028e+01,-2.750205144390881884e+01
-6.030115512156398694e+01,-1.037834794700364682e+01,-2.415823095009828059e+00,-2.998485532560404820e+01,2.367325229878951554e+00
-5.370608042340456478e+01,-1.814874859286554809e+01,-2.599450929659724019e-01,-1.391430186560367588e+01,-1.571248003253446157e+01
-6.319369978773424634e+01,-1.482876591654044951e+01,-8.200166652171715143e+00,-1.655903411778993117e+01,1.080622827862142588e+00
-6.708740761156784060e+01,-1.032651619850873459e+01,4.511648726725444369e+00,-1.411198875015301368e+01,-5.958125436449757117e+00
-6.266967628992941997e+01,-3.705051271682755498e+00,-3.023416954564223769e+00,-1.142265272158942402e+01,1.120227765418043120e+01
-8.145835450153084878e+01,-1.756439615031376533e+01,1.623608663427640053e+01,-1.995095731143826612e+01,-1.386511233339232163e+01
-6.672428649731364203e+01,-2.303909812777929389e+01,9.518410856090303795e+00,-2.536265310596792943e+01,-6.705840323627234589e+00
-7.231537000328306419e+01,-2.216400793520124424e+01,2.275652863522071190e+00,-1.321151475969865174e+01,-2.443081430842500623e+01
-8.367421525917977476e+01,-1.482765121653817531e+01,-5.084344550350505809e-03,-2.562969076424086268e+01,6.696395826078245683e+00
-7.703657137140127986e+01,-2.280949424199461006e+01,3.758577502096962952e+00,-1.236705527908142699e+01,-1.607341798956944245e+01
-7.405146769683669561e+01,-1.796435158626838202e+01,-9.991432212380242817e+00,-2.618568458463646209e+01,-9.753779645058556769e-01
-7.494734912240738822e+01,1.827109358911510384e+01,9.439710369587714922e+00,-2.326622448129125331e+00,-1.657849478751508787e+00
-7.050082243654145486e+01,-2.009069927232175345e+01,5.765872731276222574e+00,-1.343242374075006751e+01,1.672139874537830417e+00
-7.019086624955156140e+01,-2.410891886356685632e+01,5.320191225503730692e+00,-1.054518412134820160e+01,-1.598722054812931148e+01
-7.595726750758406354e+01,-2.126725179086188788e+01,-1.081324910506451964e+01,-1.488094972726106491e+01,-2.884527697439561056e+00
-7.708557777596320193e+01,-1.923398265810073937e+01,8.426264073387055298e-01,-1.161673290188794638e+01,-2.648322546782087628e+01
-6.801392232685543604e+01,-2.835124956394868434e+01,1.630330484827261950e+00,-8.327868174842567583e+00,-1.434825185489494359e+01
-6.090970033065207190e+01,-2.929016093595419790e+01,1.508974509530480512e+00,-5.949566463896829305e+00,-3.122927352525613998e+01
-7.131765582072790721e+01,-1.194245373740109883e+01,-8.061515975522079103e+00,-1.393921228084708197e+01,2.156133220127198769e+00
-6.535001118446035662e+01,-1.154916420467410987e+01,9.698679972685713579e+00,-8.826671237434396744e+00,-1.830805685092016333e+01
-5.898675445536296280e+01,-1.909536486480144646e+01,-2.881419228406336241e+00,-1.645601392485349379e+01,-2.349892664586820779e+00
-6.539250019219309706e+01,-1.356515607781805066e+01,1.288702165359400187e+00,-1.018343035889876447e+01,-1.538400094718783251e+01
-6.426840010638763090e+01,-1.392160589953312666e+01,5.561316927230388618e-01,-2.540146410129867149e+01,9.659414772488261747e+00
-6.840494958032201112e+01,-8.563610996781047646e+00,9.684207228666721790e+00,-2.016848923589360254e+01,-2.407502656193928203e+01
-6.197679979513841886e+01,-1.734400088625820047e+01,8.163533595640648954e+00,-2.031616225239532980e+01,-7.503754022892830555e+00
-8.056018348362538006e+01,-1.576384288336783079e+01,1.108062300428720892e+00,-1.676981612279417533e+01,-2.259078830674397409e+01
-7.995167992492193321e+01,-1.683904164072870913e+01,8.167470270325936088e-01,-2.824123429349306846e+01,-1.013409491336355650e+01
-6.937833117940296290e+01,-1.762236376816468919e+01,1.596857643416981176e+01,-1.150067386872923159e+01,-2.286799448641534127e+01
-7.353232544242413837e+01,-2.713844108284313705e+01,-3.818457948161738669e-01,-7.323912689185879010e+00,-5.542694391979249957e+00
-6.327081101671762298e+01,-1.661521621175658936e+01,-1.007247739174061962e-01,-2.263919836176703004e+00,-2.079211353958208619e+01
-7.122374400122612315e+01,-2.275801255234827281e+01,1.342080032451496940e+01,-1.154952359900936543e+01,2.350042060748841699e+00
-5.671460563863290361e+01,-1.777284161942735352e+01,1.032902771646436157e+01,-3.287759328743075304e+00,-2.267256555378731520e+01
-6.973010534586792630e+01,-1.973091265848091425e+01,1.089709361199683979e+00,-1.224990112657547137e+01,1.445311135477339581e+00
-6.042955009228651164e+01,-1.539854696723287120e+01,7.738253771362589184e+00,-1.087047917261935481e+01,-2.091150168303270007e+01
-6.823656343065360375e+01,-2.547844464576398238e+01,-1.071795147364111322e+01,-1.257520700093843224e+01,1.947065462211193676e+01
-5.137482889468525826e+01,-2.221034302351027634e+01,-9.167722964640164562e+00,-7.645073555398560039e+00,-1.133365983598316618e+01
-6.488187384844235339e+01,-2.933409538651558179e+01,5.129109973992317606e+00,-1.238444025892708211e+01,1.485781470233738233e+01
-5.654558263959778230e+01,-2.573651586250671031e+01,4.866004448231578294e+00,-2.667403346773768558e+00,-2.446971817493717616e+00
-6.643742415151763225e+01,-2.073439480699683202e+01,-2.818776366092921037e+00,-1.573395238256245143e+01,1.517128923537201857e+01
-6.979157634530157850e+01,-2.418997551968623938e+01,2.718029788000755786e+00,-1.513938277574879976e+00,-1.271814538186104926e+01
-7.984765539005748280e+01,-8.220310671191100482e+00,-1.989029862599125620e+00,-1.455867372586816444e+01,2.941087724499045208e+00
-6.793911693731712376e+01,-2.703220294255267220e+01,-4.324041436796321469e-01,-5.996604672505341682e+00,3.703784391843413459e+00
-8.572558881558728672e+01,1.082770056044424445e+00,4.320827584042126190e+00,-1.984842848608270316e+01,5.394199101062395307e+00
-6.441094443397143721e+01,-2.022234405559398951e+01,1.270879559996887176e+00,-1.138292604097356708e+01,-1.006380369823929044e+01
-7.643553855485878046e+01,-1.415308874506355963e+01,-3.167863257065625771e+00,-1.857873747940683273e+01,1.222706516507060925e+01
-6.379450084419133304e+01,-3.107320316181408515e+01,3.762633959990458798e+00,-1.708483672056263947e+00,9.257721831452826677e+00
-6.660973164349719866e+01,-2.553640831984161252e+00,1.507253614679144205e+00,-2.589678274807211800e+00,9.342657569262570183e-01
-7.639904346961996850e+01,-2.407723034536151552e+00,9.717672238353086911e+00,-4.859379508165007078e-03,1.719839501341690946e+00
-6.690004295703487003e+01,-1.305575231952859738e+01,4.666897113069684799e+00,-1.655571034042268863e+01,2.527203381888209321e+01
-7.572229093390747323e+01,-1.567517486910312741e+01,1.228066720694844349e+01,5.264843622158164038e+00,-6.548421073246121438e+00
-5.705779788961923060e+01,-9.360006481877032769e+00,1.051337286143361638e+01,-8.716094086196189750e+00,1.779674917406374846e+01
-7.792914463400465763e+01,-1.833261028133377479e+01,-4.275356568608356111e-01,1.750015743658922984e+00,-9.596086673358870556e+00
-8.222233767985852637e+01,-1.411774069515232100e+01,2.970725412971550128e+00,-8.126809036014902787e+00,2.621269138896186490e+01
-6.526493971146236106e+01,-3.733698206555266630e+00,-1.210453594190480509e+01,7.582083086050367626e+00,-2.513910296948428602e+00
-8.247097444464776572e+01,-1.688103026991724676e+01,-2.951504746908026444e+00,1.884866341517428934e+00,1.400540807225315731e+01
-6.699680942316996379e+01,-4.415807494409387246e+00,6.874140308289286239e+00,4.438408518032392891e+00,-1.954732022790581780e+00
-6.223729301059051267e+01,-6.956069925118370634e+00,-9.053646821196677408e+00,1.259453759562613584e+01,2.875934947123312924e+01
-6.504944477689868165e+01,-3.142507373657587699e+00,-3.025597390177067192e-01,1.144871051039578091e+01,3.298726384815492629e+00
-6.511506573672947695e+01,2.723067335951872447e+00,-5.121412950896858440e+00,3.958732394600020243e-01,1.496867686369857786e+01
-8.633527224385480281e+01,-1.209793983379742066e+01,-1.038937098732062658e+01,1.069910215571726830e+01,1.165473286909730355e+01
-5.740707810834351221e+01,-1.539257714195929339e+01,-1.607943217418913662e+01,2.681393848551458792e-01,2.330523253315633880e+01
-5.999031793485058017e+01,-2.847518034414697041e+01,-7.237632897648354380e+00,1.338638133047320977e+01,2.452332499199970783e+01
-6.558079847100351856e+01,-2.467690475713414955e+01,-8.170219711605207991e+00,1.141045616056223366e+01,1.015588669813124589e+01
-5.540213211358265966e+01,-2.565118504681958100e+01,-1.376040288727782945e+00,1.126347126830359713e+01,-2.647943860169530872e+00
-5.725797613265877573e+01,-2.650902363697642272e+01,-2.147565075827809622e+01,3.637272975635132521e+00,2.477576188808726698e+01
-4.817242393746466433e+01,-2.611405106779923813e+01,-6.625647097107150607e+00,1.974131542835070974e+01,1.376185003423622710e+01
-7.921877551708871579e+01,-2.973028092076718565e+01,3.578662486120299802e-01,8.455010161088305054e+00,2.240217090423231383e+01
-5.635450351159768445e+01,-2.911546879298911605e+01,-9.968182662028121754e+00,1.388507668977722886e+01,-7.215092573705349288e+00
-5.828858263783421734e+01,-4.532562807215842327e+01,4.912844208811211644e+00,3.521761001846752226e+00,1.672482195821307016e+01
-6.698427756617773809e+01,-1.784085195634949272e+01,-7.419380074568422856e+00,1.159080914234593784e+01,-3.857540990843731255e+00
-5.595536162223606169e+01,-2.492615695062583825e+01,3.479257985011796617e+00,2.757458040806257671e+00,1.632196869868700162e+01
-8.521234376167092250e+01,-2.590035533766642573e+01,8.013702058994102151e-01,1.148134337406425942e+01,4.710166444664368512e+00
-4.658742252518546678e+01,-1.959880074309928943e+01,-8.112446957129010983e+00,2.571875927154876340e+00,1.287179313542634596e+01
-6.788311275200580042e+01,-1.692075014920117582e+01,-6.711593433816740450e+00,5.497160613511378635e+00,5.030538153011953284e+00
-5.280632113365272318e+01,-1.829417874784069298e+01,-1.570364043856764980e+00,1.228578367571959618e+01,2.961041051364565746e+01
-6.482124886898095895e+01,-1.368361622658165189e+01,-8.510634063185561260e+00,1.578773877133366987e+01,-5.788189303181444423e+00
-5.040325380006093070e+01,-1.797344529703218541e+01,-1.146327905864213736e+00,8.874055489582937994e+00,4.221701895952379147e+01
-5.989455833711927113e+01,-3.034439964960380109e+01,-5.771565487505365688e+00,2.501518844929331564e+01,-3.859052565549011771e+00
-5.885339941301680966e+01,-2.540662359400519321e+01,-1.182289001393805705e+01,3.623578474047546294e+00,2.832318113348655686e+01
-5.466347016926646774e+01,-3.403109271763663202e+01,-4.930479350266645966e+00,2.659299658574669323e+01,2.398853610258067537e+00
-6.509991704915128707e+01,-1.852394573788414078e+01,-1.876264948770236884e+01,-2.259377095078162867e+00,1.250869447980187665e+01
-6.429952531451674247e+01,-3.480361211977322711e+01,-2.077455451108831674e+00,2.197094711177653892e+01,9.615215751928658960e+00
-6.119069134449448200e+01,-3.384638321149189011e+01,1.803160170465652579e+00,1.982941979666769994e+00,6.726614420247839732e+00
-6.818597226249420373e+01,-2.834062551534738361e+01,-4.628134119014968739e+00,8.027315269306388501e+00,6.934909323444673923e+00
-6.237913279383174370e+01,-2.199973534487847004e+01,2.065020548803060685e-01,-3.384936170144789536e+00,1.756589572959942558e+01
-6.301188124229945231e+01,-2.368072765785087697e+01,-9.729365208189877379e+00,1.373725713638759061e+01,6.428625519078185135e+00
-7.175755854860415184e+01,-4.652987271850382456e+01,-1.074725621091322481e+01,8.963303020627705564e+00,2.116942317517037964e+01
-8.033986113759802095e+01,-2.309107457142351905e+01,-7.336036812160988241e+00,2.025546250902709744e+01,-1.031198128074422904e+00
-6.543673749324001676e+01,-4.255552323264731740e+01,3.148778476497464229e+00,2.526299462307124877e+00,3.280266029488200985e+01
-5.997098418787719964e+01,-2.369997218798772209e+01,-9.099467875098120828e+00,6.274148692431860574e+00,1.100654348527905491e+01
-4.901174958643022705e+01,-3.499124232735606910e+01,-5.446601113014616580e+00,2.316026482805590447e+01,1.602618123764936087e+01
-5.432003638830126135e+01,-3.900059907367047884e+01,-1.687073131943026638e+01,3.178025344383180339e+01,1.090262733933070294e+01
-4.954453133203733017e+01,-4.397465454470038537e+01,-2.678688395298088665e+01,2.203440074670005444e+01,5.243906560095837222e+01
-4.236661998068903756e+01,-2.714907599880854150e+01,-8.900593245092396355e-01,4.310931415775022657e+01,1.911755528411359251e+01
-4.225192378801055781e+01,-3.160158122355886334e+01,-1.422364735611893671e+01,3.480385829835751821e+01,3.275855222877897432e+01
-4.388791476532835389e+01,-4.121842038576600942e+01,-1.527892779719198513e-01,4.129024271961276327e+01,-9.195618294516620495e+00
-4.204957962608509092e+01,-6.281531939367798856e+01,-6.074781532093185277e+00,2.833470198810585217e+01,2.415292927568012615e+01
-3.271707340920374918e+01,-4.639346141791359202e+01,-1.636484058042938061e+00,3.015134191413835651e+01,1.878704064373757809e+00
-3.787938508622496414e+01,-5.236587275966667931e+01,-1.100509326579973646e+01,3.219149659739814950e+01,1.624694407280430752e+01
-3.147344583389938322e+01,-5.154819522398577902e+01,-4.643208819330842729e+00,4.064635317260699310e+01,6.432830993090972171e+00
-4.817703773840753456e+01,-4.278705311468831241e+01,-1.520541221823748224e+01,2.364363188116691461e+01,3.461044653244569247e+01
-2.022854593941416113e+01,-3.791371876501019500e+01,-1.026133624750915629e+01,3.755017779936487443e+01,1.403288495577895389e+01
-3.551546249273954459e+01,-3.473173729526633480e+01,-1.407853708588393360e+01,3.259997364076392046e+01,2.573063466325899640e+01
-4.762849392502078416e+01,-4.592910094521218412e+01,-1.703646991384376008e+01,3.416057346203097467e+01,1.607456328923146316e+01
-1.334023697432295386e+01,-3.036405514145842233e+01,-5.075628417193219555e+00,2.028317622562733291e+01,2.093344612598410137e+01
-5.199378157118852073e+01,-4.620541217719131311e+01,-1.001865106695656671e+01,2.999283009181872472e+01,6.813125565500358860e+00
-2.697186338639312808e+01,-3.884777088802963618e+01,-2.952035386894054980e+01,1.906457383865309296e+01,1.272591318595669208e+01
-3.103487708425280545e+01,-4.210106770615174554e+01,-1.337310446846838019e+01,3.257464296398896408e+01,2.359958280943848763e+01
-2.857235940298174270e+01,-4.796624362815057196e+01,-1.618091428678493671e+01,2.836901906263826945e+01,4.766158153437046963e+01
-3.808969321148755682e+01,-4.033471220055930928e+01,-1.806249114840947101e+01,3.016769747472755014e+01,2.483476007321605650e+01
-2.566670301776388996e+01,-2.787629765262106574e+01,-6.922729388319883270e+00,4.403783801297533529e+01,3.344512814100118447e+01
-2.938113087610915031e+01,-3.264685692285555518e+01,-4.573736485570440991e+00,3.300599798380910954e+01,1.174696440610222048e+01
-4.706467653729287548e+01,-1.926802397355139007e+01,-5.472326195206985489e+00,3.380766011778351299e+01,1.567929969926182210e+01
-2.163707757636683837e+01,-3.141007985216041831e+01,-5.089731855462694909e+00,5.914419716533667071e+01,1.171529683738874894e+01
-5.881057051214224174e+00,-3.902530243458230785e+01,8.408134887312320060e+00,3.857459901300832428e+01,1.764348834372375663e+01
-4.718540225174002956e+01,-2.683073848303894238e+01,2.717741803895698194e+00,4.222435845119898801e+01,2.175462516560135029e+01
-1.580188813523475311e+01,-2.965234996589650862e+01,-1.855581114291266331e+01,3.562294634588041475e+01,3.675556935125494107e+01
-3.323206069178918654e+01,-2.981714399918706704e+01,5.409376970639663718e+00,4.437821500374925421e+01,-1.181807814205807361e+01
-2.489623585477955459e+01,-4.200241171325853173e+01,-8.583074240133562682e+00,5.011947537631384364e+01,1.297389289842172921e+01
-1.378771880104511993e+01,-1.461970631699778345e+01,6.330428088338857506e+00,4.419430586861210486e+01,-3.100168395257355414e+01
-3.324293658002081031e+01,-3.017264309438530390e+01,1.136779405293489731e+01,4.589957340693810295e+01,3.436341671835476230e+00
-2.431067080916507450e+01,-1.771434734028439806e+01,7.272997816118448533e+00,5.857532034803467269e+01,-1.067179100450214690e+01
-2.468199933919088096e+01,-2.553786945215518145e+01,4.416052897648253150e+00,3.544013603965345283e+01,1.235512395649911532e+01
-3.024038909264068309e+01,6.809455597120559922e+00,9.483777588618000465e+00,4.673058223298304625e+01,-1.311135316340424950e+01
-2.244023628336504927e+01,-9.721032759093507281e+00,8.356415489635317329e+00,4.064643651498478505e+01,4.174494694538124939e+00
-2.747007355645292392e+01,-3.779735871635679700e+00,1.602298575855037654e+01,3.269285155293820111e+01,8.926122380683532143e-01
-3.150095883030210331e+01,-1.682306798381541313e+01,1.311372508651076885e+01,4.976868814672364749e+01,7.841653054183939098e-01
-3.741424257616431959e+01,7.721442268607400794e-02,4.127783207056928205e+01,3.521321398026266536e+01,-2.286723077707268814e+01
-6.010082759967530563e+01,3.028934559124528647e+01,6.386839027932230017e+00,2.709765814020033758e+01,3.628687302218238386e+01
-4.815077894029300154e+01,1.289624070024795399e+00,3.601454854443807108e+01,2.937453194336501738e+01,-4.959888875289875543e+00
-3.852073133879808609e+01,-9.504067085957911942e+00,8.825295245381390430e+00,4.957107986045939185e+01,2.185421583873469942e+01
-4.157935453576255469e+01,-5.623808050328393371e+00,2.130861246754842142e+01,3.560927979150609701e+01,-5.835222762806281660e-02
-6.741700687598958908e+00,3.108442688706855961e+01,-2.686521984757452852e+00,5.314882551077706552e+01,1.808930140946731413e+01
-3.102126869058709246e+01,1.565953898028379498e+01,1.940562223457196467e+01,3.756357386211143989e+01,1.206395260295053440e+01
-2.232950029823092208e+01,2.535191382634354085e+01,1.150627894321517886e+01,3.482968668203358931e+01,2.483378556744020571e+01
-1.452267092158135320e+01,4.451372648805481447e+01,5.574560727857585718e+00,3.422309375511942164e+01,3.298452513259120700e+00
-9.237303474181182139e+00,1.488549732065767373e+01,-1.294775110835491283e+01,3.886446338576314474e+01,2.343635327734870799e+01
-3.283298185344479947e+01,4.294386002729369523e+01,1.301687472134596124e+00,3.633537491563241417e+01,-6.583241097140000164e+00
-5.089577092357470178e+01,9.201599758878822755e+00,2.159173175144989543e+01,3.476102199400218495e+01,2.626765166094920545e+01
-2.629111989859778475e+01,2.224550856326004933e+01,-6.228815438205319577e-01,3.445177918543070916e+01,1.327699722080307954e+00
-9.443942823383675744e+00,1.671522888509233695e+00,-9.029480274755369962e+00,3.431510287403829551e+01,2.741615818783006198e+00
-3.564571190982203319e+01,9.283178475054215673e-01,-5.241418242749364076e+00,3.144904801226021718e+01,1.161903919336844115e+00
-8.138091385149877510e+00,-3.123663955007318194e+00,1.580031029713657986e+01,5.218612586131293085e+01,-1.047194986378622872e+01
-3.198373200576668651e+01,3.572729146852748983e+01,-4.238029038152837380e+00,4.373982872492973684e+01,-2.022753016059569120e+01
-2.725353894032607371e+01,3.084262645291750538e+00,1.239467767217329763e+00,4.442601595305202977e+01,1.456311926218847530e+00
-3.405823920772647995e+01,2.721487373555709155e+01,1.305278415796997038e+01,6.750709817380160871e+01,-3.857060934868415814e+01
-1.342226911315012927e+01,4.614020503082100788e+01,2.124680599589583885e+00,7.335078948475440086e+01,1.509483223095532400e+00
-2.343589878356015888e+01,5.240462215971150073e+01,1.315799184359697804e+01,5.077604468116071956e+01,-2.038346877278892322e+01
-9.019202135802691700e+00,3.671842326933334988e+01,-1.015302172547651693e+01,4.768464578220150685e+01,-1.109477943657642562e+01
-2.109590685986210801e+01,3.618160897645085328e+01,-7.483686745162196452e+00,5.848300466392043973e+01,-3.309925990975781218e+01
-2.115650684953650540e+01,4.333013282943930733e+01,1.520642593683110633e+01,6.074690333760060668e+01,-1.264738174659970760e+01
2.288533215029726342e-01,4.472026979526361856e+01,-3.961503635328292638e+00,6.937499157237679981e+01,-3.516984132843375477e+01
-2.466149907552629728e+01,4.550508598901691215e+01,7.973961331084582937e+00,5.285605941223944626e+01,-1.648515673299802842e+01
-2.054957300687588884e+01,3.876480995763387938e+01,-1.526070909439848755e+01,5.002077924537228171e+01,-4.686855057692003612e+01
-3.157795982430954851e+01,2.769111184773533196e+01,4.976931028110836763e+00,3.890234648369148118e+01,-7.564392206128608187e+00
-2.587242878661054135e+01,5.452944384341990514e+01,7.302902855417686467e+00,5.441314383154952594e+01,-3.336178888001668952e+01
-2.899236638363955265e+01,2.657633482671193903e+01,2.164829498902306248e+00,3.019679634466200113e+01,-5.416347939771181785e+00
-3.826375242390339082e+01,2.994199903641104044e+01,-2.429876728964609001e+01,4.220973303062483240e+01,1.852681397308013089e+01
-2.599820557855689884e+01,2.030370242027113648e+01,-6.843633885579382792e+00,5.933051024331718537e+01,-2.471202207909041348e+01
-2.450749843172229347e+01,4.943532547366638852e+01,-4.306161167522301270e+00,3.899788413393383024e+01,-9.907384361520630733e+00
-2.654872422825445710e+01,1.600238292547248875e+01,-3.265744796383524573e+01,5.108956039814779615e+01,-7.721874179876557776e-01
-3.946114761950671568e+00,2.563418094048713769e+01,-1.293125429942011273e+01,3.995832181924480864e+01,-2.122736623422065350e+01
-1.454183674533229720e+01,5.566055519506235072e+01,-3.488355290036962231e+01,4.639675150985728891e+01,-3.414433921816958417e+01
9.444619145731632415e+00,4.864276349197179883e+01,-6.277013221727175685e-01,5.562049242913996494e+01,-3.463402665481136466e+01
-4.458982953972365237e+01,4.149363279841738006e+01,-3.580952082331263853e+01,3.899982666105980655e+01,-4.864857414432075977e+00
-5.200908972537204633e+00,3.192819644262057821e+01,-1.457796157122705338e+01,5.575378843590132760e+01,-3.760083321952372160e+01
-4.501323778482768745e+01,3.134393477970891340e+01,-2.538494161202143218e+01,5.971692480159271099e+01,-1.232127481731608043e+01
-2.621713851321432998e+01,5.455854499826664750e+01,-2.279000405661485118e+01,5.525575188658613257e+01,-4.691313029463490381e+01
-6.958964742656680968e+00,4.892111178389527737e+01,-3.548194240146207079e+01,3.005707457771221058e+01,5.550429993796437422e+00
-2.487586444865883806e+01,5.147114551419092976e+01,-2.824490271552040710e+01,4.864145523708810970e+01,-4.126356775816073963e+01
-5.128658240246361188e+00,5.858221663157261361e+01,-3.524000230757590657e+01,5.279758245418040019e+01,-2.967142520865627020e+00
-2.669188234706656360e+01,4.700882728128483024e+01,-5.671211342021196344e+01,4.185748447869749356e+01,-2.322672285944681292e+01
-3.907388930850651754e+00,3.123356949263008886e+01,-3.428555101893211088e+01,4.827055927768147825e+01,-2.188372295222282826e-01
1.673698737846929774e+01,4.410139602235143030e+01,-2.383377252776296373e+01,5.729843567920913472e+01,-1.005896944168599916e+01
-2.811698813809648101e+01,6.591942101944287913e+01,-2.207221954811023323e+01,5.736108900163802815e+01,-2.619661600352507591e+01
-2.772537395284554762e+01,5.544970473278591783e+01,-4.440804532541841354e+01,5.712967126385310479e+01,-3.064769350415327764e+01
-2.146664907146062973e+01,4.565788785741289502e+01,-5.998588093708666946e+01,5.534073116585840069e+01,-9.075955424609505329e+00
-4.226333664683370017e+01,6.739933038060944170e+01,-4.453751711872822483e+01,1.804222870022642411e+01,-2.285049834455094242e+01
-3.047798551010367873e+01,4.937533140484104877e+01,-4.100248754943757490e+01,5.441401366049675659e+01,-2.977035400559495670e+01
-5.065565351628102775e+01,6.644435919651813549e+01,-2.734496968122137162e+01,1.690254912762342343e+01,7.462182998763342567e-01
-3.753163939039741592e+01,5.592048858922335342e+01,-5.146679393132569658e+01,5.064636827060220270e+01,-3.122136766238205041e+01
1.276330784095567417e+01,4.076755678798874527e+01,-5.144053116132362646e+01,4.870865608558811743e+01,-3.386206775664764024e+01
-1.759106020665268488e+01,2.863728732906494301e+01,-3.516027590847997431e+01,3.464505265503182585e+01,-6.681064169429915545e+00
-1.782005310285373767e+01,7.749149943678490615e+01,-3.374003420791093077e+01,6.970507506717495971e+01,-1.591106570592606850e+01
3.058447780569689201e+01,1.075070060129615435e+01,-4.152570871667357011e+01,5.317506623063163573e+01,1.761185371100177477e+01
1.666158515194604206e+01,4.154652462618090425e+01,-6.108998307130624283e+01,6.403685967209246144e+01,2.526377678165976093e+01
-2.005512399712933558e+01,5.667055032027150219e+01,-3.073113829318701207e+01,6.799693879823155385e+01,-2.090572453416637799e+01
2.220264988470974998e+01,1.814305116378307758e+01,-3.762253132683458290e+01,4.826087753542987713e+01,2.491088551584525845e+01
-6.584322952502597026e+00,3.019961485940164181e+01,-2.123127982188387008e+01,5.109659939217275593e+01,5.536647711575433561e+01
1.826799441285604786e+01,4.302311194393875127e+01,-7.384610256114679316e+01,5.730208107434108911e+01,2.176006064382625382e+01
-9.092920235464209133e-01,5.105091799008312847e+01,-7.268817361542152966e+00,5.630276868824904568e+01,5.376704248895155303e+00
-1.160569506901610382e+01,6.443195853065731171e+01,-2.617091370702384978e+01,5.150268758924914181e+01,1.178979215871574660e+01
1.208642160615363004e+01,7.933880677230574463e+01,-5.297305216517555237e+01,5.945855152669483346e+01,1.081105090711087691e+01
-8.533725545369655663e+00,2.874333280164205107e+01,-4.561190587039705946e+01,5.708670871118457768e+01,4.600879789625620475e+01
-7.738227482488733600e+00,5.507239199011811337e+01,-6.303053782260919036e+01,2.922734908197171677e+01,4.098201410971935843e+01
-4.211737276233352922e+00,5.092316097334717995e+01,-4.946149875756599812e+01,3.160367502691384800e+01,2.606829278784322668e+01
-1.568055549020298400e+01,4.611011208874188583e+01,-4.445517701433428215e+01,4.625612544296572537e+01,5.369764308849029888e+00
1.577021381771995046e+01,2.567744940016015942e+00,-2.921297703243518384e+01,4.159898296340492863e+01,3.729399802677752263e+01
-2.768760442124561649e+01,4.115244844072013564e+01,-6.924691092099345724e+01,-7.789059083243254911e-01,-2.141716028815637163e+00
9.854262363005339864e+00,8.965174157661488508e+00,-3.795236608617997121e+01,1.507298756188371058e+00,4.670866232938477935e+01
-8.038509885821992995e+00,4.372098237639653462e+01,-5.417545409011398050e+01,-9.801240872752241984e+00,4.845889347263271674e+01
2.863189533959111799e+01,3.366362429323390160e+01,-2.760491320358006462e+01,2.784774045776072526e+01,5.644829894300096385e+01
3.874316039722750560e+01,3.995588053640096859e+01,-5.407966906594842982e+01,1.670995262167307871e+01,4.667378617321929823e+01
-8.112207845044418164e+00,4.228245203276136976e+01,-1.081689949806627737e+01,1.259888849226505059e+01,4.718871386208386554e+01
2.938905964776947854e+01,3.505249743563568643e+01,-3.178509160826794400e+01,1.720913699514566852e+00,3.702783618914334340e+01
2.748213703239582983e+01,3.220162660092914564e+01,-1.025719323149008666e+01,1.393159397121926091e+01,4.850306611267925661e+01
2.330499605544019914e+01,3.885487886289216419e+01,-2.467929651077021447e+01,3.872276969028828564e+00,3.918946737171812345e+01
3.301042607598632372e+01,3.988884018079350824e+01,-3.163387881522517731e+01,-1.575750863864587625e+00,1.627636130916788204e+01
5.421651205932767681e+01,7.850020288564353166e+01,-2.361099067228758841e+01,1.145406816784994231e+00,1.707378747060282009e+01
6.458902671314298516e+01,7.184321716430373783e+01,-2.214112317684084275e+01,3.348128684638787433e+01,-4.396435224961068755e+00
6.249218363612981619e+01,6.923625708185855387e+01,-3.750480898235370830e+01,-8.032097848381701155e+00,1.764918598967247121e+01
7.311489031475512945e+01,6.210700124356763041e+01,-2.048289462363742430e+01,5.683540213084568471e+00,-8.547227033714520417e+00
2.428571301982372432e+01,6.725522543210320237e+01,-3.770952323701993691e+01,5.204113777857602763e+00,-1.298918334203809311e+00
5.468309110405688500e+01,4.482680825309324035e+01,-5.007817637844328118e+01,-2.328627647847641979e-01,1.748834512050138201e+01
4.329253671415420968e+01,5.495519739201294129e+01,-5.729648917275602571e+01,-2.969405151309000601e+01,1.284648263722155193e+01
1.014249630045754991e+01,5.864670565122435164e+01,-4.700489975629966466e+01,-2.396492454488280899e+01,5.103885110300763195e+00
2.646251937126032416e+01,4.812300955336274200e+01,-3.278043311028302043e+01,-2.714544595760033019e+01,-1.007658224468350383e+01
5.357846510774222537e+01,5.744894233352354007e+01,-4.587206456661888154e+01,-2.830661253635751962e+01,-3.565964557919727440e+01
4.449912766208056070e+01,8.050439718754319074e+01,-3.044742533523596251e+01,-3.362685045100838011e+01,-1.312786178842029550e+01
4.277876417220741700e+01,6.410120232835032539e+01,-1.976961308806238193e+01,-4.096121930553999135e+01,-9.713459659743431729e+00
4.620622725435413258e+01,4.987277117178716423e+01,-4.319714767022925628e+01,-4.877790391847975116e+01,-1.572147842815954810e+01
7.569877594181403424e+01,3.623345210875897493e+01,-3.298223175455085965e+01,-3.643530359820972109e+01,-2.869527541935723391e+01
6.781814297976275441e+01,6.182024065983285510e+01,-2.730337361762229875e+01,-2.670603968108797233e+01,-4.441911359227919576e+01
6.394386902595510236e+01,6.237189324587127714e+01,-4.426373410080952198e+01,-1.955530577194109298e+01,-3.285587755760585793e+01
3.749656252201565110e+01,6.339148548693807328e+01,-3.798652163491964018e+01,-2.121736019968374265e+01,-2.154684851504374521e+01
4.849878754277709447e+01,3.958153437292929766e+01,-4.447130451645605120e+01,-8.534844594112556138e+00,-6.014671519855097515e+00
4.030297859510192637e+01,4.618786408984213665e+01,-2.926882916178894689e+01,-5.587443703347801716e+00,-8.605680997369358209e-01
7.028821520237953280e+01,3.653949972076134856e+01,-1.866784685888715600e+01,-5.552540699762146481e+00,1.913820522017373094e+01
7.396568165213739121e+01,4.504044660357147478e+01,4.603530818048687578e+00,-1.273954244592796048e+00,-2.588377366658871281e+01
6.462125118525970890e+01,5.387561237701186911e+01,1.653617358191590370e+01,-1.123480587241352957e+01,-5.119889229466252800e+01
8.495778104296248046e+01,5.550716243256687221e+01,6.990578920999742429e+00,-9.465278229761008078e+00,-5.933827920173432346e+01
6.877148478369667828e+01,7.184909746598968638e+01,-1.112990005270978955e+01,-2.522884377369080511e+01,-6.284346996097536220e+01
7.851319969288942957e+01,8.009729860308283378e+01,-3.193302490189953602e+01,-2.494011908324475257e+01,-6.146456882088401841e+01
6.149134294399570422e+01,7.896204796985024643e+01,-3.768348631663427284e+01,-4.452557336132826293e+01,-5.868179808260733665e+01
6.981911107741096600e+01,7.324055141261733581e+01,-5.221897458953955606e+01,-3.948450035282286308e+01,-6.370183643536021378e+01
5.188281680571902399e+01,8.349403425162843462e+01,-5.281986666486115212e+01,-4.144877822256903244e+01,-5.541486864851874827e+01
6.185581318270990892e+01,7.676027873703459647e+01,-5.438805060581702122e+01,-4.574730599846190415e+01,-4.989845694819755550e+01
4.508567035556360736e+01,8.301239723603556797e+01,-5.125696897274294628e+01,-4.436486514747138443e+01,-4.223564837600507360e+01
5.522692234875955819e+01,8.217864766486376027e+01,-5.224333165984982230e+01,-4.770899689343603001e+01,-4.073213847569066814e+01
3.795730408234649644e+01,9.580331490172346776e+01,-5.010367237757670011e+01,-4.827047101482954616e+01,-3.248414262150384957e+01
4.982658859193207945e+01,8.427789204964467729e+01,-5.111164173691724244e+01,-4.954484610509672393e+01,-1.945221768758964132e+01
3.493943080315986549e+01,9.315025215419562699e+01,-6.238280429671463878e+01,-5.217531283777826445e+01,-5.565905847271649165e+00
4.187673792510206994e+01,9.280752630341646636e+01,-5.696220071042728250e+01,-5.298004068455187365e+01,-2.668376896982103563e+00
3.017549896036397783e+01,9.018189884071409779e+01,-5.934808538536973543e+01,-6.533198851898049497e+01,-3.386766847561779148e+00
3.852429473916934910e+01,8.146739116855930263e+01,-6.193216819339487955e+01,-6.726135652233648443e+01,1.024697504893862998e+01
2.981293675873529736e+01,7.673550325452771403e+01,-6.660231048314965108e+01,-7.003576740760456687e+01,1.929182151783854593e+01
3.731489418370808409e+01,7.325777451415254404e+01,-6.082220455653463631e+01,-7.034525014633690887e+01,3.179609479998870469e+01
2.671228075778760669e+01,7.055400790319505688e+01,-5.838190340681719448e+01,-6.535080841348568015e+01,2.546986680003625381e+01
3.832278282048941520e+01,6.962195519690561696e+01,-5.313745475195241141e+01,-6.557932176742362174e+01,3.613371519837913581e+01
2.087469979314864332e+01,7.760821357584131874e+01,-5.118355231609783829e+01,-6.370302624967966665e+01,3.637219309949096413e+01
4.101241190954204541e+01,7.751451953317832988e+01,-4.105693957530574068e+01,-6.699889433168864628e+01,5.268990780638295490e+01
3.202602653214766093e+01,8.117788458222561587e+01,-2.761842032049529649e+01,-6.137543138828993960e+01,4.250062397897052335e+01
3.893730590750823239e+01,6.961631625372970689e+01,-2.394582692504643262e+01,-6.351224242521714558e+01,3.991985917433439823e+01
3.797299781780352390e+01,6.943299883733857314e+01,-2.256226935279737233e+01,-5.540172108483348978e+01,3.122689628043598731e+01
5.679959328929916040e+01,7.854358570879681167e+01,-1.025467163679461535e+01,-4.570229842097256778e+01,3.483145969165276057e+01
4.172808275364113939e+01,8.725408980087082966e+01,3.826910420178316397e+00,-3.571493571480521467e+01,3.727784490448222954e+01
5.959538314023384231e+01,8.219168448054726639e+01,2.219445641003963843e+01,-3.255633387399357304e+01,6.005781458511815174e+01
4.212628380443649689e+01,8.672498575946650590e+01,2.578405018870781973e+01,-2.376895381401257268e+01,6.546579534652906318e+01
5.962822843993716049e+01,7.290771189272088293e+01,3.384033124825518257e+01,-3.213747190570569501e+01,7.796299979921127488e+01
4.514378257244803194e+01,6.315896653721431164e+01,3.971633335085580541e+01,-4.026221734233406124e+01,7.103847984351789080e+01
5.692395969218836882e+01,4.931324482439562473e+01,4.330011158060612786e+01,-4.024097434685982932e+01,6.904588831136831573e+01
4.725013521088920498e+01,5.309948828829611500e+01,4.357521664147755303e+01,-2.594308899615722552e+01,4.229373973746986337e+01
6.392244703452386290e+01,5.960099909459148648e+01,4.546611978980932633e+01,-2.076729240072360838e+01,2.837002729668185097e+01
5.110991884516300843e+01,7.452898355851807821e+01,4.176581318361773754e+01,-2.801314991447338443e+01,5.751321395510005097e+00
6.938855296197145606e+01,5.788638454608594230e+01,5.811904801391556674e+01,-3.093618961086194119e+01,2.216406684860296394e+01
4.410854096089801146e+01,3.588983253017345021e+01,6.612951117869394579e+01,-3.189836389750622203e+01,3.370432208040298860e+01
6.150100495892742458e+01,2.080796334228297439e+01,8.061074346247478672e+01,-1.872093538909140875e+01,4.692329226235615636e+01
5.197027821633493971e+01,1.741353115750434455e+01,7.610688484613068283e+01,-1.417817479459193741e+01,4.253085776145803010e+01
6.758383515959020826e+01,1.176417384468075333e+01,7.659431279884401533e+01,-1.406778342328909837e+01,5.158070151925102920e+01
5.700750871698280520e+01,2.495148503733315692e+01,8.175614397804427824e+01,-1.457468614310391786e+01,3.377917096330211422e+01
3.850168784538956146e+01,3.338961679857824549e+01,7.655749270302077036e+01,-1.313567789212854819e+01,1.893274034976926501e+01
7.234563782952704969e+01,2.648651043971962693e+01,9.024181910817652863e+01,-1.720231068685605891e+01,2.731702501266149596e+01
6.485790171743124688e+01,4.178959921380325682e+01,7.852100757919841101e+01,-1.303910579625298993e+01,1.868086441277856125e+01
7.800511691019926275e+01,4.622226810228522709e+01,7.783689841679237986e+01,-1.040180353982619366e+01,1.346830455306150576e+01
9.431692941659348151e+01,3.120595935449245673e+01,8.411266041195020193e+01,-9.979082616112997073e+00,2.120150022068622775e+01
7.989461193471097999e+01,3.700829116070095637e+01,7.490725481660267349e+01,-4.325290565351715522e+00,1.221425280170564065e+01
9.550383340363403306e+01,2.292413693506539119e+01,7.925716059237504396e+01,-5.227242000323983007e+00,2.328444502853215425e+01
8.692005226267305318e+01,2.689402369057768283e+01,8.369077433698839741e+01,-4.436375319330535305e+00,1.659664389490083281e+01
1.032797578252184962e+02,1.524977966320035527e+01,9.027223050413164174e+01,-4.026922366358363092e+00,2.728744794518367200e+01
9.282149317958160850e+01,2.427752615838819850e+01,8.606127822380943826e+01,-8.686253636757844676e-01,2.148039646479467635e+01
1.111129578265361317e+02,8.840003863362126069e+00,9.434755376575844821e+01,1.690512249212178242e+00,3.094975872273517226e+01
1.008552451436914907e+02,1.595593036312903301e+01,9.540166827470333999e+01,5.253156673426420120e+00,1.446360144669920622e+01
1.098391050231475674e+02,1.080616093633933161e+01,9.783287120273760706e+01,4.518068341573739488e+00,2.468762440077336251e+01
9.573817138282626615e+01,2.235423270364303860e+01,9.441861925842911774e+01,8.979541789619998937e+00,9.244181868964130189e+00
1.124621332374122176e+02,1.858644351574616138e+01,9.712137917574685275e+01,1.047064502257881990e+01,1.732086749330595055e+01
9.746241880869399665e+01,3.866059273068035651e+01,9.143771954405879399e+01,1.850163626051565657e+01,3.735790022516083830e+00
1.094396194315578441e+02,3.752019534816478341e+01,8.585661110730580958e+01,1.676231516540817168e+01,9.430681327700309424e+00
9.283184782616385178e+01,4.621676160359874785e+01,8.098079032995629234e+01,2.311746645961725477e+01,1.008936845915176406e+00
1.121815068362146803e+02,3.042124099311977758e+01,8.643461815880456811e+01,1.426584189892082755e+01,3.094219112240376823e+00
9.498265072329314762e+01,3.647996616702775441e+01,7.962886844067530490e+01,1.827211477486386215e+01,-4.133685358403618615e+00
1.090980434262288128e+02,3.691849061879503324e+01,7.648980492394760233e+01,1.630438174068173396e+01,-8.157829263768625605e-01
9.413302628897238833e+01,3.791885121063208430e+01,7.134198342387175273e+01,2.218298190545799997e+01,-1.441433428499102476e+01
1.143961034799474561e+02,1.956120593492313020e+01,7.482807285034927247e+01,1.176678417212924543e+01,-7.582705700215218059e+00
9.789190327500320166e+01,2.256820737829392698e+01,7.255027271085096174e+01,1.565211538057316254e+01,-1.842546391666979844e+01
1.163610266167460878e+02,1.414257776160045310e+01,7.213408090673493689e+01,1.347949385788350263e+01,-1.524963043932514850e+01
9.869745879922869847e+01,2.390264581812839140e+01,6.094482091352487885e+01,1.922552190537191308e+01,-2.139834222629499294e+01
1.225184253775284873e+02,4.064569607318201605e+00,6.701182361641987484e+01,1.170716591489798475e+01,-1.730256904572015486e+01
1.015024492773566038e+02,8.947567806932218204e+00,6.129019226747798399e+01,1.416040318843986690e+01,-2.494978504590053348e+01
1.226097859293288082e+02,4.271035299572671917e+00,5.962349272978828196e+01,1.535561419841004849e+01,-1.994113735072956217e+01
1.088963949938785021e+02,1.166801033002863441e+01,5.656474197215321453e+01,1.438168993400512718e+01,-2.324049783389403601e+01
1.200843920732681767e+02,-2.988642548150555633e+00,5.641669313383813034e+01,9.128556955286002861e+00,-1.635291819719551043e+01
1.091597492965252343e+02,5.134549054659629519e+00,5.814219626121867179e+01,1.135868422202881156e+01,-2.862064780024343591e+01
1.294025858251569048e+02,-7.740633393635128812e+00,5.466663791937454420e+01,6.736998940054497176e+00,-1.932969858770356097e+01
1.139348538672890356e+02,3.422107786442673216e+00,5.508513629821619872e+01,1.136309273849726331e+01,-2.756074557227745103e+01
1.294801884867322883e+02,-8.244224251760305933e+00,5.417499311297120812e+01,6.147331613644331227e+00,-1.792995066356722234e+01
1.215481542795929641e+02,-2.607157354193333720e+00,5.697532206091198503e+01,1.178865984648586895e+01,-2.968476330377756867e+01
1.343503846306832088e+02,-8.326413514108246261e+00,5.035069297838419544e+01,9.070930024859308105e+00,-1.509150981450341433e+01
1.194195855189189075e+02,-5.404164530535862099e+00,5.375708962100787858e+01,8.347475648773542645e+00,-2.633696571171623191e+01
1.361108862723511379e+02,-1.075230947220550703e+01,4.070799793382835219e+01,7.058727080453974345e+00,-1.369794650764207766e+01
1.244908872495898748e+02,-7.116647017939450315e+00,4.647704623854178863e+01,8.552540365736414074e+00,-2.471170801554675123e+01
1.422715803896344369e+02,-1.569393039627352771e+01,4.048859183976985321e+01,8.121544253916155753e+00,-1.316029218587542715e+01
1.243327653291817683e+02,-7.875416631832487191e+00,4.116483647529343415e+01,1.004583310659430673e+01,-2.262780836003531704e+01
1.463274730655406586e+02,-2.312831749729810937e+01,3.363180154214845174e+01,5.153195792848279666e+00,-1.496130221261939930e+01
1.284000923965669472e+02,-1.446713160424060796e+01,3.701161558540633223e+01,6.839450077439106046e+00,-2.413424104791713631e+01
1.505303128353379805e+02,-2.747884873106574943e+01,2.564571874305866217e+01,3.465138890140504913e+00,-1.566774144738284846e+01
1.322254772668516409e+02,-2.238474181117956263e+01,2.986701583242368585e+01,5.832637050030381687e+00,-2.489836963349564414e+01
1.514712914281103906e+02,-3.150512465864348144e+01,2.272117560003688652e+01,6.662402839115666886e+00,-1.696431092458468370e+01
1.374242130896868161e+02,-2.373731868512104271e+01,2.742145475532106502e+01,8.250210123140240270e+00,-2.659936904455957674e+01
1.489789316698173138e+02,-3.534273453741069915e+01,1.617023171564992978e+01,2.037748105269625576e+00,-1.696175326657131777e+01
1.379750633629268464e+02,-2.652676460393881896e+01,1.911293815204872359e+01,5.292995294230649961e+00,-2.576073651328876579e+01
1.440774197849605116e+02,-4.225365928520303527e+01,8.771211907591899504e+00,2.166034102140578899e+00,-1.440085031657121917e+01
1.399069347021306839e+02,-3.710485943075062920e+01,1.552148618667408186e+01,1.855478436635054518e+00,-2.664901158921079016e+01
1.468002247987896851e+02,-4.797068685864179116e+01,-3.222977666756305926e-01,3.996158248352701392e+00,-1.637493485486418621e+01
1.288819034951901301e+02,-3.466525238820079835e+01,2.420358991835598328e+00,4.226240106872223734e+00,-2.157534280136917104e+01
1.452930260226767416e+02,-5.168014709246624960e+01,-1.558288325883236070e+00,1.772830105771453280e+00,-1.596968175798955514e+01
1.326748807284002680e+02,-4.784658285520534804e+01,2.925896537902399341e+00,1.718530398951199745e+00,-2.385243040516549229e+01
1.415141994231312310e+02,-5.642681866758629639e+01,-6.423565899943303847e+00,-1.037144726816453089e+00,-1.316649229744268190e+01
1.350492269043655824e+02,-5.455279271052029344e+01,-8.108056336965463018e+00,-4.639050866592675515e-01,-2.145695039457151765e+01
1.427051430433535586e+02,-6.176736468089647758e+01,-2.337681720364374272e+01,-2.463455564447502688e+00,-6.685812966472028940e+00
1.370925578354216157e+02,-5.588085831489288324e+01,-1.448043322599713534e+01,-6.207823617322291376e+00,-1.766123033133512976e+01
1.423888638710917576e+02,-6.717903510972436720e+01,-3.020927455665596639e+01,-9.643825716877874044e-02,-4.660714175779602897e+00
1.339743722534031178e+02,-5.534781039790541257e+01,-2.855541921941353323e+01,-9.388156333025948763e-01,-1.253665062207934255e+01
1.405024859731321669e+02,-6.788092851169041353e+01,-4.176679529617182851e+01,-5.047722969896295098e+00,-3.166378188600061705e+00
1.390246615882549861e+02,-6.098610697105416989e+01,-3.866926077209202361e+01,-5.150947134539293870e+00,-1.443659574671872470e+01
1.385054013361066438e+02,-6.965329764552717506e+01,-5.505418662837408306e+01,-6.346056713841639052e+00,3.311989425544064058e+00
1.374705104181624336e+02,-6.212196784992059406e+01,-5.383072899111427034e+01,-6.789846699841414868e+00,-1.374498930075883152e+01
1.436833962336357331e+02,-7.459727338915988071e+01,-7.121395001659708157e+01,-8.422294621940258352e+00,5.984749120839978342e-01
1.246904699631035669e+02,-5.960372518287442034e+01,-6.329614670915105279e+01,-1.339694090023440864e+01,-7.250084469406162135e+00
1.336044159060475636e+02,-7.174841424031058068e+01,-7.300893718291651169e+01,-1.229493619365567980e+01,5.165208573804854097e+00
1.237827284048660061e+02,-6.181849069540190555e+01,-6.867735325618166087e+01,-1.425981866642948681e+01,-5.838675224251399953e+00
1.270839975352854907e+02,-6.924992409105870195e+01,-8.144367499427114865e+01,-1.382491008386269549e+01,5.196520203413950156e+00
1.181578165635977342e+02,-5.993875607968760733e+01,-7.387391754877404537e+01,-1.803284524379708031e+01,-4.593063688895266061e+00
1.242122786694165484e+02,-6.607136604451933692e+01,-8.476024615153164632e+01,-1.780031138559940018e+01,3.978339047479762414e+00
1.086999994513377459e+02,-5.679448396722197145e+01,-7.506626342061603907e+01,-2.045751013323517142e+01,-3.864638874807676316e+00
1.160198498728190231e+02,-6.612156770142864559e+01,-8.501369153200350581e+01,-1.590697484571150255e+01,7.236806470885198905e+00
1.182304250806721058e+02,-6.290774920836185657e+01,-7.426005996297702438e+01,-2.051181761217832644e+01,-2.261878616715460755e+00
1.191581743278654955e+02,-6.692671754973260079e+01,-8.052666201728548856e+01,-1.439046852534404586e+01,5.611450041091529783e+00
1.196543634947545769e+02,-6.354161685563573769e+01,-7.458795084927149333e+01,-1.547246637267810421e+01,-5.291060374876343175e+00
1.271684600061801547e+02,-7.162653810627392659e+01,-8.320056697927060441e+01,-1.534416351675719170e+01,7.272452943447130558e+00
1.209704081784712173e+02,-6.154187947919533741e+01,-7.456564800425041994e+01,-1.612169450348458355e+01,-5.644952597761541124e-01
1.273053231116870307e+02,-7.029427723076700829e+01,-8.144045555442005480e+01,-1.315278292329637999e+01,6.540776076337485812e+00
1.247164468105344781e+02,-6.167552644034024212e+01,-6.973664384612433764e+01,-1.167136122266394871e+01,-1.897617957732793181e+00
1.352623334134241588e+02,-7.138244391912645881e+01,-7.505977791938448718e+01,-1.366027408944255583e+01,1.125656614936175259e+01
1.285273839888246528e+02,-6.028916095140069586e+01,-6.389437764199620773e+01,-1.071209287054352366e+01,1.750707852800156950e+00
1.331695787021184287e+02,-6.806059201408602632e+01,-6.775866766484310233e+01,-1.175430875579893630e+01,1.025270386247323806e+01
1.318987658841238044e+02,-6.028298067163213148e+01,-5.287089353818083026e+01,-1.113044938462672917e+01,-4.120977469827361017e-02
1.359263330098831659e+02,-6.723272718827287520e+01,-5.563308261425708423e+01,-1.160973770239361613e+01,1.156179135833856542e+01
1.321984671997125815e+02,-6.189179591146559289e+01,-4.475623729374346027e+01,-9.885785212826807111e+00,4.664452683384809006e+00
1.461580259320473942e+02,-7.085355958231851048e+01,-4.369532661059157874e+01,-6.020577617825761507e+00,1.429233736878010497e+01
1.360875648274618186e+02,-5.992292260044253993e+01,-2.922973137699863599e+01,-6.120945916960780941e+00,3.607523078030371533e+00
1.459456987637812233e+02,-6.743671491866824397e+01,-2.598294362108612177e+01,-3.207126034049728958e+00,1.212595077934330057e+01
1.444510952217054012e+02,-6.210927242721927399e+01,-1.121738783181809396e+01,1.809492097732113003e-01,2.382813057338228457e+00
1.480859694497070222e+02,-6.497169807082347859e+01,-1.122125897335559230e+01,-1.339285253532987774e+00,1.386150964085464565e+01
1.468224663750977186e+02,-5.851669037586056987e+01,5.230458634914064042e+00,2.431422448679303017e+00,4.834371822964437015e+00
1.474018895854660798e+02,-6.056920837054763496e+01,2.405943648157707226e+00,3.006617719655362730e+00,1.330595389616129864e+01
1.448686817122564889e+02,-5.584915229805400116e+01,1.493686502463322441e+01,5.634850765956791463e+00,2.902057097516874240e+00
1.478289413502166383e+02,-5.747394982089567605e+01,1.022244899029906762e+01,4.581211322968463229e+00,1.442771593969152377e+01
1.322068005171135781e+02,-5.000152452737003017e+01,1.847988946934772869e+01,4.950720174850926192e+00,5.605782438956308233e+00
1.444583280878606217e+02,-5.916864540207165390e+01,1.514463028237653042e+01,3.565465088198374044e+00,1.305989194656513952e+01
1.329792744268393960e+02,-4.826774771477197845e+01,2.554908652945930925e+01,3.182135376142253058e+00,4.759001499985634709e+00
1.466419127288230015e+02,-5.487764841277996197e+01,2.260566010912247847e+01,4.889652101687533836e+00,1.675864695113401126e+01
1.330877998498820602e+02,-4.718778003280897337e+01,2.696763807239886646e+01,2.427124822259062675e+00,7.039822080911112501e+00
1.395413946268069765e+02,-4.925081996367956094e+01,2.084662951112062146e+01,6.012379497264275230e+00,1.892841471127105635e+01
1.415037108124313932e+02,-4.665050745957719158e+01,3.200700401181496346e+01,6.188683377162144339e+00,6.481548094800599458e+00
