9.834005423872744345e+00,2.432132947129087341e+01,1.426884509912420107e+01,-2.142775477217478652e+01,-7.360949906185766167e+00
6.043299016723072903e+00,2.496046620527669191e+01,1.444917268006293298e+01,-1.763973485896113047e+01,-1.590621567388446511e+00
2.162369250382707442e+00,2.749006256193077746e+01,1.490983026899079356e+01,-5.084253119314880109e+00,3.154032514514440777e+00
1.191333924578928816e+01,3.212771461371193027e+01,1.659624857623919070e+01,-1.523489423194214254e+01,2.481728213749712086e+00
1.801324051064227660e+00,3.112593806526363593e+01,2.199928456283846501e+01,-2.315714197211691072e+01,-7.782176280533808388e+00
1.087094433153749762e+01,3.178709397908150436e+01,2.053187101468145670e+01,-1.914692596427791216e+01,-7.134839929103781841e+00
8.112527761877535326e+00,3.117051731452015417e+01,2.481352248158791340e+01,-1.890070495650924087e+01,-1.428143147561860893e+01
1.066807173149248911e+01,3.289298980733731526e+01,2.315494959255523000e+01,-1.396159998835405069e+01,-1.082320909248532814e+01
1.108070056459346908e+01,3.544970079539879748e+01,2.818541503123811864e+01,-9.872061686287747051e+00,-7.492655546419456414e+00
1.036288214551096409e+01,4.304905436837017163e+01,2.982992175364762133e+01,-9.815365713656831304e+00,-7.142347505131146912e-01
6.730185412010482260e+00,4.282976897694209129e+01,3.257745047996327514e+01,-8.885959529405095259e-01,4.432098837913416745e+00
1.992664034322812583e+00,4.989460699812109823e+01,3.168365817221606306e+01,2.049466366693970976e+00,1.158725032061358817e+01
-6.820530852634838936e+00,4.096753388872433277e+01,2.889192040422239316e+01,-5.795708508409095572e+00,1.072106244106212536e+01
5.352761282681073318e-01,4.703292307346955425e+01,3.325512502137600279e+01,-1.174700744091973270e+01,1.214575693734664341e+01
4.287262751336462507e+00,4.459593653701848837e+01,3.281556954911433621e+01,-9.725418349026478282e+00,1.110673264034262964e+01
4.073565455430011029e-01,4.293890903650773794e+01,2.818311155722462402e+01,-9.568281555808249905e+00,9.792082290083678586e+00
1.193624557994088775e+01,3.891469040613691988e+01,2.547656098826155358e+01,-1.885557659507941519e+00,1.091336381565306546e+01
7.529229845584931802e+00,2.466480687277995543e+01,2.021444451648518381e+01,7.473825935362842898e+00,7.032250637064709764e+00
1.245988836547794776e+01,2.830809995676131763e+01,2.782414186161903658e+01,3.393415550483784404e+00,8.954794200326327669e+00
1.720543452667168793e+01,3.048364538901526544e+01,2.852394203155406061e+01,-2.777663333264795975e-01,2.616249295426988475e+00
2.088811266132569600e+01,3.698685987630872063e+01,2.661445868160960870e+01,-1.530082536307942753e+01,7.980862770422480601e+00
1.939095253575484890e+01,4.373574767990410095e+01,3.085546366066716573e+01,-2.223777356705264197e+01,4.262528170683757445e+00
2.358605952941882933e+01,5.392048056715845661e+01,3.619220428623180652e+01,-2.744218506564783766e+01,3.108781168084641777e+00
1.886849845910245094e+01,5.585365148792676138e+01,4.132128119861494753e+01,-2.039027186537197522e+01,1.770719576121932981e+00
1.865612457012409564e+01,5.678037213745466971e+01,4.145395902101176233e+01,-2.013096252450389656e+01,-1.789118423234743904e+00
1.315994453187895452e+01,4.588313622532572822e+01,3.650489818731188763e+01,-1.699673783269036420e+01,-5.477594026141064276e+00
3.092999808547508422e+01,4.375453521885737018e+01,2.622391054622417883e+01,-1.423671315661231951e+01,1.088401452563019234e-01
2.232591800162719764e+01,4.866639836029276012e+01,2.942118109511378776e+01,-1.122215306311495908e+01,2.248098996490034196e+00
1.479912478536311760e+01,4.583464526396659267e+01,2.687528923681504267e+01,-1.344448229609767864e+01,-3.625627596258568897e+00
2.502126432041627524e+01,4.363967344259679493e+01,2.979224630979847888e+01,-1.215754462191877749e+01,-6.196185453902808504e+00
2.318212907944913326e+01,4.794237486300436046e+01,3.163916874682563218e+01,-1.479315257112854098e+01,-3.590333235951376878e+00
1.048650802584174180e+01,4.391753100824480072e+01,3.182942355844880922e+01,-1.889941076647060214e+01,-9.093633656638738572e+00
1.487225363581450743e+01,4.301317881109040542e+01,2.618833640898810700e+01,-2.196725968715608435e+00,-1.062281139251549078e+01
1.716180112283669956e+01,4.761584903832705606e+01,3.162810495928569310e+01,-4.719085530572319498e-01,-5.083936335454294131e+00
1.914692505542090828e+01,4.261460196524595290e+01,2.145619276364603323e+01,9.086288039083605383e+00,-3.519032938859239401e+00
1.997080996184190482e+01,3.811153366772856543e+01,1.788642412304725582e+01,5.988375176164118407e+00,-5.295707006497768710e+00
2.077582951229185682e+01,4.600099115649667425e+01,1.338417766922055918e+01,-7.305775373431391273e+00,-8.115178941572503746e+00
2.048800711013121756e+01,5.061894633692905643e+01,1.724621763046388523e+01,-1.651041707597914687e+00,-1.013786757995868371e+00
2.081260399023155827e+01,4.380004580901780287e+01,2.615388002930006195e+01,1.191321843022055571e+00,-7.275604734403187557e+00
2.035834610759221874e+01,3.310279764792110058e+01,2.420383566634617978e+01,-1.670145482650322144e+00,-6.946551954944317764e+00
3.223205181113639295e+00,4.268803589040981450e+01,1.530162696703903258e+01,-8.072625535423600951e+00,-6.802835432682081240e+00
-2.008209019127904948e+00,4.574798997752377261e+01,2.045713425608518676e+01,2.513508670023981928e+00,-7.759355159489505382e+00
1.016077015091305213e+01,3.594248875405412491e+01,1.756641941216488334e+01,6.569114979818095890e+00,-1.651352324048459774e+00
1.565379413227744765e+00,3.306329418659845487e+01,1.588420741950471360e+01,2.522259041470915975e+01,-5.467459209433770617e+00
1.943171735599892758e+00,3.324140413465310218e+01,1.485677509266459495e+01,1.891607863867240624e+01,-1.092411552947966236e+01
4.468056337874976691e+00,1.820088000165812758e+01,1.722876147209954922e+01,3.405390220311371507e+01,-8.540283700244330589e+00
-2.133339226897588592e+00,3.316633547832184803e+01,5.548603045605305262e+00,1.813310699548988580e+01,-7.328324936892903096e+00
-7.151238299020248768e+00,3.479046621041352694e+01,9.214693438508946954e+00,2.194329420177248480e+01,-6.772933069198095346e+00
-1.045810387315912804e+00,2.996228190856242790e+01,1.283081668986250179e+01,2.379040306035972563e+01,-1.670773471171040248e+00
-6.482599825769015389e+00,3.851613604076538167e+01,2.040448798977201506e+01,1.783227724972399386e+01,-5.225827989312386457e+00
-1.103023096775618761e+01,2.612367787321032964e+01,2.537801678016277762e+00,3.315636315812863444e+01,-1.356209152325112477e+01
-7.754543572985519440e+00,2.469541794453644101e+01,6.369772711740602666e+00,2.455941967830568373e+01,-2.993468602038910742e+00
-8.153459178009070385e+00,2.766199827941663969e+01,9.626599483916773892e+00,3.194339439279019643e+01,1.423613984348442330e+00
-8.370730112236945075e+00,2.071788269592151366e+01,7.734010146083480031e+00,2.963593810748005097e+01,-4.543645893085122900e+00
-6.381257435951575019e+00,2.582042088391097323e+01,4.962043807269349571e+00,3.798383852562850649e+01,-1.484132823283162317e+00
-1.577665701222534089e+01,1.665049864605183672e+01,1.004412474989527126e+01,3.028144411872108321e+01,-7.996364457677268334e+00
-5.953664497630981600e+00,3.558109938781923631e+01,4.991410168951239790e+00,4.144308487794202733e+01,-7.977926491086022587e+00
-1.078460285777186733e+01,2.661386882788984565e+01,7.801380839393025290e+00,4.398896995397710441e+01,-6.349100793541281318e-01
-6.833738522535309556e+00,2.805872878330296061e+01,2.925986395523592076e+00,4.175660005273107345e+01,-2.318399097859227709e+00
-1.006539016651428575e+01,2.796385088755197046e+01,7.073991056795504662e+00,4.181878824393001537e+01,-5.120136245070495029e+00
-1.442173233900078344e+01,1.522122551505735011e+01,-6.500434570608168094e+00,4.111583140579304541e+01,-5.745064021210458449e+00
-1.978021036096004792e+01,1.909310152359079993e+01,1.013076786892210368e+00,2.936215256949834540e+01,-5.770497217700198078e+00
-9.420515944514001205e+00,1.948058857338699923e+01,3.731506794877203603e+00,4.315786660495324867e+01,-7.198272732407412278e+00
-9.522703495619449399e+00,1.467219037449871877e+01,2.672053214836878077e+00,3.985327954815270601e+01,-3.328014403168177537e+00
-1.873653027606438570e+01,1.471606706304901557e+01,-6.466630981345539375e+00,2.980666989654941545e+01,-1.992303708797823480e+00
-1.788737845784348224e+01,1.042657595500034162e+01,4.774000809162483705e+00,3.741828570849468605e+01,-3.171361037827199691e+00
-1.488898655457678721e+01,1.584299653487667214e+01,-2.233385548496910733e+00,4.107453143113728800e+01,-3.020754842065443757e+00
-2.106393139054778274e+01,1.177315042898918662e+01,-1.393417692602193725e+00,3.366295595083658299e+01,-7.758113755763176300e-01
-1.329005425276982066e+01,1.508621578486470050e+01,4.169522057571203311e-01,3.993851113317296608e+01,-1.282889636694803936e+00
-1.715907655186127556e+01,6.061322993041926566e+00,-7.771350091459726883e+00,4.189226674302784659e+01,-1.673697066615537077e+00
-1.772633348307172341e+01,-4.354778325218956248e+00,-3.284596206698839449e+00,3.577752303798822453e+01,-5.930663907031759940e+00
-1.721952568422257457e+01,1.395177307371854081e+00,-2.831264104945196980e-01,3.472482275469628377e+01,-4.481766773090852141e+00
-1.335399487952033937e+01,1.466852907050543831e+00,2.980242493363395084e+00,3.659669658645234591e+01,-5.827257235766440502e+00
-1.113412518778755711e+01,-9.534988460975087676e+00,1.983991940795032827e+00,3.810588967181212183e+01,-9.837280182641199744e+00
-1.594468886670615504e+01,-5.286694242654256470e+00,-2.097457763306680434e-01,4.145109073357486551e+01,-9.789376492747516423e+00
-2.066599859059763489e+01,-7.011146995697542295e+00,6.336091734329277081e+00,3.756429241959200738e+01,-9.194885054215014009e+00
-2.739975858812830722e+01,-1.466136725195009660e+01,9.418777468845616063e-01,3.128852040787073108e+01,-3.128920275404716733e+00
-2.178250261420092926e+01,-1.059402274131250365e+01,9.787822567250215045e-01,3.688520947752313361e+01,-1.108799806471751737e+01
-1.412626143752990870e+01,-6.536000835644707685e+00,2.759136406103054995e+00,4.168002216555146333e+01,-1.003324127115255315e+01
-2.415322419091611295e+01,-1.372038918403757712e+01,2.225207165521853714e+00,3.974471336555100720e+01,-1.629046459345813602e+01
-1.505459428950336687e+01,-1.213599686875986094e+01,-1.509108065945985677e+00,4.066660840956456724e+01,-9.511774607545444127e+00
-1.764898290147606374e+01,-1.398849913145078361e+01,3.424950280981131634e-01,3.845962703829415830e+01,-1.345846470869249245e+01
-4.442372169995897124e+00,-1.548222358289852174e+01,-4.748843868227420328e-02,3.720973173152284375e+01,-5.369205511288968502e+00
-2.277604336097783033e+01,-1.186622208650345911e+01,1.291189589578772434e+01,1.736405211860933306e+01,-1.208105157343433689e+01
-7.373716987229320452e+00,-1.866968453089755542e+01,8.905475667134240325e+00,3.246964979390926231e+01,-8.182740706570390543e+00
-1.463408772385582246e+01,-1.120043356792016809e+01,1.276394855017685614e+01,2.272853959595796880e+01,-1.255417857629720757e+01
-9.189922113119276759e+00,-9.102616526649274675e+00,1.559824048543642938e+01,1.750027836468343878e+01,-1.556444048714250705e+01
-1.049851567588117263e+01,-1.623322962364615663e+01,1.838511017961394245e+01,1.438986207188141542e+01,-1.532693835680935202e+01
-1.129729788807655488e+01,-1.736127311905694981e+01,1.298169801631270204e+01,1.546522897781028938e+01,-6.559796449340104196e+00
-1.753083354252036230e+01,-1.805243338032756739e+01,4.008525225241744039e+00,1.283319000104338770e+01,-3.223806653887137941e+00
-9.538359501052303457e+00,-1.594937255906677365e+01,1.247127271821852190e+01,1.990927539059236295e+01,-4.281541528153338660e+00
-1.357685197436039282e+01,-1.704821735660280524e+01,7.736343014193515444e+00,1.738299452265921374e+01,-6.382054965629540888e+00
-1.696736798599708251e+01,-1.495249482324423340e+01,1.959519224777971758e+01,1.453451143228100051e+01,-1.037819901665357492e+01
-1.123682513784406645e+01,-2.568270433223608507e+01,1.013892001479760552e+01,1.638721806867702568e+01,-8.676639194257752763e+00
-1.218315861010327872e+01,-2.523617456794421088e+01,1.738744427156837347e+01,1.193800736347318470e+01,-4.458604787002833802e+00
-9.826222899380683273e+00,-2.200539160929042382e+01,1.496007379932100179e+01,8.460802620968351562e+00,-1.234143509480895240e+01
-1.703300529554180187e+01,-3.059796893743920521e+01,2.195020206612366920e+01,4.413501779990887108e+00,-1.403864810525438500e+01
-1.413171475299906987e+01,-3.429856995322838742e+01,2.082906148988368145e+01,-7.801880752712400113e-01,-1.374819237695064444e+01
-1.121330248670194507e+01,-3.760719076536762628e+01,1.947186332678780118e+01,1.163000401688526919e+00,-1.266149476902869253e+01
-1.383260729863315497e+01,-3.029296987976607625e+01,2.087914058547844220e+01,-8.812028336183974631e+00,-1.179056936044508674e+01
-1.003723132361274573e+01,-2.686817895257471989e+01,2.725467788740475683e+01,-4.170961908659879924e+00,-1.028288483921945407e+01
-5.378439279988125321e+00,-2.756373601981758270e+01,2.311397601535106006e+01,-8.182586003988005174e+00,-8.185408603759814383e+00
-1.829406937079073714e+01,-2.890197161135611381e+01,2.929488068901306264e+01,-4.267905792450420677e+00,-2.355045692903698029e+00
-1.206488600723747417e+01,-1.893206998514799722e+01,1.981411084837247216e+01,-2.707025890900118803e+00,-5.307612998904521540e+00
-1.318718536955728560e+01,-2.299140183809216964e+01,1.891013974693161970e+01,1.078792151756488948e+01,-6.432015897363420720e+00
-1.816459795843181269e+01,-2.113670861722960481e+01,2.005476619575091846e+01,1.533204999602550345e+01,-1.159259377822624337e+01
-1.567553286647688360e+01,-2.266747820802515889e+01,2.146823712219459779e+01,1.825100906229213038e+01,-1.550834531067797784e+01
-1.491521135250126484e+01,-2.431898549210813698e+01,2.143676208812262374e+01,7.747859359010805136e+00,-1.635873885248822290e+01
-1.545232106093309632e+01,-2.520034885367901722e+01,2.461200553092191612e+01,2.038735142324199501e+00,-1.719643173906820977e+01
-1.470078401032695581e+01,-2.572870502801988479e+01,2.777677949284926484e+01,-5.071210419759403010e+00,-1.573108942815761857e+01
-9.568136322231719504e+00,-2.206175911004244128e+01,3.243526059184001298e+01,-1.007958740476236414e+01,-2.034610234414539676e+01
-1.169610240135101797e+01,-2.201067442131219920e+01,3.221939868607292112e+01,-4.143416277901257772e+00,-1.451277631297742765e+01
-1.821703687248866643e+01,-2.796931064729992755e+01,4.089938951058587691e+01,-1.880404697967981154e+00,-1.020468138992706741e+01
-1.914249040602240726e+01,-2.633148726539396023e+01,3.276297168975642649e+01,-2.222790249235599980e-01,-1.017339411119936265e+01
-2.535788053727485902e+01,-2.615084591094551669e+01,3.101340818300572622e+01,-1.954503908769402942e+00,-2.921888586075167549e+00
-2.210015841901248024e+01,-2.683460015303765545e+01,2.923166727773499218e+01,-3.173398324008805726e+00,-7.242516070730347977e+00
-2.221060141320594283e+01,-2.127685571556386890e+01,3.290409715312858197e+01,-1.758022427453989955e+00,-1.110646341873341747e+01
-1.790099020958913201e+01,-2.233499894549419906e+01,3.335337895310960477e+01,-2.898688601579848978e+00,-1.132935259839755382e+01
-1.338759653986580211e+01,-2.254839555609605029e+01,3.872649538119503632e+01,6.623427258952527819e-01,-1.006041923787871362e+01
-1.475877262703195214e+01,-2.477042098875491405e+01,3.486578810222957969e+01,-1.466004428662871817e+01,-5.503106208053249127e+00
-1.760197273959829900e+01,-3.093654883568944314e+01,3.753549094115935247e+01,-9.595110654108143677e+00,-5.870627821363938459e+00
-1.797616898734382929e+01,-2.658246762507090821e+01,3.720849997159108824e+01,-9.634100134088958711e+00,-7.430430479107664965e+00
-2.631853823763530542e+01,-2.600703526280005207e+01,3.361189250350688695e+01,-1.082656749469993507e+01,-8.881270277186061435e+00
-2.143350619509147847e+01,-2.358182278859808534e+01,3.403324109149686194e+01,-1.540856284225446160e+01,-8.324171719016883131e+00
-2.081882518951680083e+01,-2.371240481042955395e+01,3.280080940333240136e+01,-4.997573934506094773e+00,-5.241747101039614165e+00
-2.261610975354752284e+01,-2.716745020275875433e+01,2.971423967323449489e+01,-3.945789987676213695e+00,-6.644132017409727808e+00
-1.334573016965234338e+01,-2.648377646813375463e+01,2.649092188178585516e+01,3.845905629863435315e+00,-9.236342188296543299e+00
-1.798922173374844746e+01,-2.737804141720971174e+01,2.928210428429010648e+01,-6.368539821987030614e+00,-9.787604364405508406e+00
-1.102146784380014743e+01,-2.447881194082464518e+01,3.079065764205948241e+01,-3.596694323719247244e+00,-6.599697303258908576e+00
-1.746127405573384195e+01,-2.890085566821482388e+01,2.110860479826908431e+01,-9.797545657147219700e+00,-7.018542005642464332e+00
-2.081760119023568834e+01,-2.728681688380272163e+01,3.074800180448026055e+01,-1.055075755162503448e+01,-7.399281884799448150e+00
-2.444244708538027666e+01,-2.156324397034250850e+01,2.877258720505757239e+01,-1.111155185651268695e+01,-3.872401882076658808e+00
-2.098615958156509009e+01,-2.880432054172457157e+01,2.983542362459588659e+01,4.219119469714286197e+00,-4.445087309728954494e+00
-1.937803742704169707e+01,-2.611497401506657212e+01,2.488863350040622535e+01,-2.575252335424733197e+00,-2.661010365026035274e-01
-1.831736208591100024e+01,-2.461693080606629991e+01,2.378075851116981099e+01,2.082375921935479823e+00,-6.729633957313462034e+00
-2.000038385179908929e+01,-2.605939275811679323e+01,2.025660333885207365e+01,-4.507192318418851151e+00,-8.871019010879402700e+00
-1.491861813533490455e+01,-2.674203416488958851e+01,2.624279125548724068e+01,-3.135976279367958419e+00,-1.604552526974283744e+00
-1.940069144384632338e+01,-2.009687240716980838e+01,2.799060188262939874e+01,-9.826036787195121747e+00,-6.571120982178570991e-01
-1.412114617066880129e+01,-2.307594140079812561e+01,2.656928726678552977e+01,-5.163915073383347654e+00,-7.000836426780275623e+00
-1.988474941977195343e+01,-1.987145160319774106e+01,1.675192563226284648e+01,-1.034684928302002582e+01,-2.153333902567032609e+00
-2.112248684298030454e+01,-2.283936309069435566e+01,2.045958965872635460e+01,-4.365608130625940220e+00,-2.400935937149899502e+00
-1.022084358447150976e+01,-2.505791659395271154e+01,1.083926371386816889e+01,1.208964769668035899e+00,-5.407411459772184514e+00
-1.021092008016586306e+01,-2.354249314982993013e+01,1.572056225760693771e+01,5.589755601173429511e-02,-1.274617941590048353e+01
-8.794421189947598805e+00,-2.447411664198761372e+01,1.160642003534641020e+01,-2.937793144946913682e+00,-8.436448707490058041e+00
-1.286445356061367207e+01,-2.046240827986942179e+01,1.748135927780805332e+01,-7.905324818380727869e+00,-3.305436909399750434e+00
-1.276891315234355062e+01,-1.497660345837854656e+01,1.864916633728980599e+01,-3.988647162904865873e+00,3.811553367292965788e+00
-1.809818778806594963e+01,-2.083375906397993305e+01,1.973044025582962036e+01,-6.609574662646486409e+00,-4.812053180319561640e+00
-1.217433761202815035e+01,-2.659582848386084564e+01,9.676282255971672797e+00,-4.007398500115290751e+00,-1.066629466171882035e+00
-1.269192989676634475e+01,-1.813662893238080187e+01,9.100424293584699953e+00,-6.869703455918431345e+00,3.375661326026288656e+00
-9.117451922102453921e+00,-1.881990781983200023e+01,1.344730678613812991e+01,-2.718549433355627265e+00,-3.601373026734553839e+00
-4.948378131879166197e+00,-1.217883499432345396e+01,9.716708948452588146e+00,4.553997396601477732e+00,-6.507961628466943260e+00
-1.829701593483640210e+01,-1.533860568307295580e+01,5.022914092687948973e+00,-7.759449136406762371e+00,-9.611732581370230344e-01
-1.729954560631080085e+01,-1.254503137519611045e+01,4.289538779812067659e+00,-2.957227653923186317e+00,-1.072393499742744505e-01
-1.526091219148064582e+01,-2.005252553704949037e+00,2.092291943897758522e+00,-3.668267496407377593e+00,1.574785102146065263e+00
-2.354672758775655694e+01,-1.071950737612268334e+01,4.746055688967612873e+00,1.604255267207669089e+00,-3.377717028015227108e+00
-1.480416737378394210e+01,-8.896733250499925916e+00,-2.861382373903482268e+00,5.460282447883296975e+00,-6.272127130317294075e+00
-1.247020068169762652e+01,-9.978947931472264443e+00,3.031836723439527148e+00,-6.212137495352641814e+00,-8.852668859929705647e+00
-7.681041690964201862e+00,-5.830189288199703057e+00,2.494801742635931241e+00,-1.051689427564048707e+01,-5.346508318492379175e+00
-1.719810405682619958e+01,-4.414082278294920947e+00,4.364294315198029572e+00,-6.922271337716544792e+00,-6.242906388468528966e+00
-1.974798786845357412e+01,-1.226663954442775983e-01,6.908209518477053557e+00,-9.725672114262474466e+00,-1.695083444713522791e+00
-2.224354618561647357e+01,-5.268259009490934730e+00,1.873359006023438633e+00,2.339102411663927850e+00,-6.484400807304705694e+00
-1.603587906800822793e+01,-6.854079960826779505e+00,-3.828247311548388598e+00,5.691384312976241588e+00,-2.210300189546449801e+00
-1.131513105701128730e+01,-6.982610516314887050e+00,-1.990510316231066112e-01,4.636987645022843552e+00,-6.998441157403539670e+00
-1.878909761196246819e+01,-1.324331236476319695e+01,3.286215001160286420e+00,-9.357175713207488421e-01,-7.435787982042675104e+00
-1.431720776588437261e+01,-7.606560146096382091e+00,1.755552053860771178e+00,3.094874940923686424e+00,-9.801599594590298281e+00
-1.902129180925141938e+01,-7.337728722757847599e+00,-6.282574282615992267e+00,-3.540810439882077887e+00,-1.222343504390470770e+01
-1.714180469846363764e+01,-3.760953715210060722e+00,-4.424399635962113386e+00,1.584579357112081865e+00,-5.301778888271750034e+00
-1.881262511257717307e+01,-3.695409832354755508e+00,-9.013338572640719804e+00,-2.185609517441063354e-01,-1.545199894221850379e+01
-2.055463672683138654e+01,-1.072751745191409611e+01,-8.664525010013971240e+00,-2.832316019127867346e-03,-1.249239681701221016e+01
-1.699544811521538179e+01,-6.177870295681615609e+00,-1.142310133793806237e+01,-2.746561815028110143e+00,-1.527885434059090919e+01
-1.041858549452581784e+01,-4.408050130989787263e+00,-7.005865452774457935e+00,-2.507744950322051913e+00,-1.708190667849745026e+01
-1.251291996236834336e+01,-1.536675220343515669e+00,-8.159446314252257082e+00,-7.241920907489491022e+00,-1.374780679141860240e+01
-2.020109726535496719e+01,2.784819133007365721e+00,-7.481503230454500830e+00,-9.970566980946113489e+00,-1.071495445638624311e+01
-1.343438908713921975e+01,-6.719156599539399810e-02,-1.472541418470935248e+01,2.242298336747936549e+00,-1.116615146194863151e+01
-1.906694415712647483e+01,1.780327420906601787e+00,-1.137405496959090279e+01,-2.319513288051505917e+00,-1.486311307521973113e+01
-1.667288170750300935e+01,-9.775253425992852518e-01,-1.102562757824928497e+01,-3.017413795414210398e+00,-1.815090289301958748e+01
-1.373137931061691397e+01,-7.399669097213372737e-01,-1.001355829224167060e+01,-4.646931090378582319e+00,-1.483943257428013851e+01
-8.206484417822565547e+00,-5.494272938339297419e-01,-1.191206465998413933e+01,-4.352904796391124265e+00,-1.193860032068447374e+01
-4.466106420828308998e+00,4.002778157905067857e+00,-1.092393322149322010e+01,-2.838627332874077425e+00,-1.403795290264547546e+01
-1.327016890479233702e+01,3.187889677362742979e+00,-1.220164844202938426e+01,-6.929205261653510917e+00,-1.536187182802024687e+01
-1.631839624508429054e+01,8.851031336290690277e+00,-8.712485364356282957e+00,-7.881263688417964985e+00,-1.040674986938698332e+01
-1.253679575586865091e+01,3.311048910329231099e+00,-1.408459943427410188e+01,-4.665305055846273863e-01,-9.191069243108781706e+00
-7.743021523731143496e+00,2.230532806337703899e+00,-1.466335889865109365e+01,-1.754610537287091931e+00,-1.505022892566541692e+01
-3.883153277612431786e+00,1.182020406107109789e+00,-1.983900493095691786e+01,-6.460679963633414680e+00,-1.281234778054956536e+01
-4.915145775728551492e+00,6.120087082772942999e+00,-1.194423551219690260e+01,-2.575003129504089383e+00,-1.205649020197676080e+01
-1.169375854948537885e+01,1.746552579710242625e+01,-1.532460997791700663e+01,-6.741296878842460316e+00,-6.919762029072318299e+00
-1.696165274092832931e+01,1.248320738729789880e+01,-2.037090160518879856e+01,-2.600129544168064299e+00,-7.229213461274735408e+00
-2.074549470983838972e+01,5.299799531970299071e+00,-1.842624671983178430e+01,-7.186015279956087909e+00,-7.724802346684248811e+00
-1.132795072527477487e+01,1.035131263167312099e+01,-1.856784400324561446e+01,1.149844534547513231e+00,-6.448533904754497392e+00
-8.824463356062041797e+00,1.587661521040912227e+01,-1.910886027428058753e+01,3.513021012667805199e+00,-3.037949935603372342e+00
-1.317128583873632230e+01,1.498779524517158990e+01,-1.849283017340787794e+01,4.365553485896556118e+00,-7.280976191459869185e+00
-1.973617876567834983e+01,8.968463579231148231e+00,-2.525155403524841802e+01,-2.525435541592515154e+00,3.684561125197411080e+00
-1.310376093383733220e+01,1.129415082514772983e+01,-2.476038358420431607e+01,1.057154258888094134e+01,-6.030166804661553082e-01
-7.864105435510749587e+00,1.941326556913682566e+01,-2.192825338206050745e+01,-2.523982694467687526e+00,4.725562884722577905e+00
-1.272281047940243148e+01,1.387447630536450482e+01,-2.213933687379103432e+01,3.838240392203569051e+00,5.991681221065012330e+00
-1.380692619032202906e+01,1.978022722061840000e+01,-2.241122424148813863e+01,3.871537940740642725e+00,1.588982480417463528e+01
-1.245187348961578344e+01,1.747859744561536033e+01,-2.282171768340484164e+01,1.235361256791287943e+01,1.413533430540058156e+01
-7.189603692617717812e+00,1.062889073397806428e+01,-2.108538911983994169e+01,2.397409293400838237e+01,5.119074134544521648e+00
-1.491657959003729239e+01,1.437636522090455671e+01,-3.198760686502925665e+01,1.865712029249981185e+01,1.383469684111319609e+01
-1.683496454354604666e+01,2.015538560571911120e+01,-2.780280054374166454e+01,1.280304520969854387e+01,1.631343362727263369e+01
-9.104645978625480751e+00,2.305085792039067982e+01,-2.601793276854518311e+01,2.064157175503531860e+01,1.628047368428104136e+01
-9.934078972751320791e+00,2.049607001532293182e+01,-2.747313871117835760e+01,2.392841526851372080e+01,1.172106019042360003e+01
-7.937089009324424183e+00,1.881291066716380556e+01,-2.376769011702712220e+01,2.788480365407276906e+01,9.439176973442263474e+00
-2.015694656609232638e+01,1.113349743724017316e+01,-2.893207885507606036e+01,2.413580662916701769e+01,1.403064804185648384e+01
-1.373859966178244107e+01,1.569814619471818595e+01,-2.389595631614552573e+01,3.009754983817216711e+01,1.042542176784050412e+01
-7.453794318052652912e+00,1.981053573930167389e+01,-2.548979473090090053e+01,2.809530301139185227e+01,1.624348376698879903e+01
-8.055366455728982800e+00,1.751960827728222014e+01,-2.929289878756146237e+01,1.826351051732080322e+01,1.108122423805814982e+01
-7.737411206982685030e+00,1.778317025923238504e+01,-2.846333694754844146e+01,1.243801229757491278e+01,1.591912666077527660e+01
-1.641732457848904758e+01,1.730551500342329874e+01,-2.910646355672566088e+01,3.326155730199109151e+00,7.989291551834465821e+00
-9.500833003786105735e+00,7.647482056456462729e+00,-3.270957717572660783e+01,-3.773799849718475485e-01,-7.165274900523003865e+00
-1.497121998753244476e+01,1.031196620798267816e+01,-2.806146473027500576e+01,-4.707535652519035274e+00,-3.601440583215517854e+00
-1.190766434987219391e+01,8.375628739269131984e+00,-2.411869664679394276e+01,3.933385613999604846e-01,-1.002837254457968008e+01
-1.478395608001953399e+01,1.235233698738885089e+01,-2.530645468642480367e+01,-6.323843868934306833e+00,-1.225686906210198401e+01
-1.407701053730939478e+01,1.248913818740763126e+01,-2.736261647834916744e+01,-1.249631958114894736e+01,-1.127743564133895404e+01
-1.856003628178873299e+01,1.359416883504864160e+01,-2.578074799327556121e+01,-1.035103686451093097e+01,-7.036624189045962652e+00
-7.436044410723972042e+00,1.300301193418012424e+01,-2.280421614301112498e+01,-6.101845239332299720e+00,-1.571045049088459677e+01
-1.391868254058559451e+01,9.601459063603080324e+00,-1.733600553863568194e+01,-8.733900875975367128e+00,-1.600975262100105212e+01
-1.934399439737688553e+01,1.435119313334434388e+01,-1.943488287865184816e+01,-1.823241480007219550e+01,-8.423734140148093630e+00
-1.739244217191911446e+01,7.452568572561134808e+00,-1.727303151371247125e+01,-5.370386359222635519e+00,-1.154382415560701958e+01
-2.003576493802565750e+01,3.969089282687015441e+00,-1.723437096105242006e+01,-1.069609258143352726e+01,-7.932486550496238742e+00
-1.387345474654374122e+01,8.190416369200006486e+00,-1.108834763518480493e+01,-4.846789671819816014e+00,-1.434327278513353754e+01
-1.053787369490589398e+01,1.628553778068482227e+00,-1.728749230574133833e+01,-1.534521867678401463e+01,-1.672122982384206935e+01
-1.220701072769072049e+01,1.167959506924265334e+01,-1.930656005124763652e+01,-1.222830911042350266e+01,-1.639360414260142917e+01
-9.257118997633638102e+00,7.781553822477876636e+00,-1.255989591155615770e+01,-2.544825825660133489e+01,-1.090019497457252129e+01
-1.824053555756141165e+01,4.836966762809961295e+00,-9.307952394815901087e+00,-1.882923706369550487e+01,-1.350245024145881878e+01
-1.828191847837835837e+01,3.936398518709743222e+00,-1.430641585032574348e+01,-1.603627366352228378e+01,-1.002720665002445877e+01
-1.030469971461513801e+01,-3.609443171331531364e+00,-1.618796550639368448e+01,-8.106231736544106781e+00,-1.758345734188608489e+01
-7.145268104533792020e+00,2.317937365386968374e-02,-2.174264053178320566e+01,-1.310556168330349358e+01,-1.204718811316210214e+01
-1.408073526850514234e+01,8.162246253936645601e+00,-1.937192851864288556e+01,-1.239288086636835295e+01,-1.183413678676844505e+01
-1.174032025348527952e+01,9.076599907401392997e+00,-1.815143130781500957e+01,-1.339582267151007500e+01,-1.452545246941540569e+01
-8.035868680518591489e+00,1.506508392137291175e+01,-1.183025471974200826e+01,-1.691970407199744741e+01,-1.230327236451452855e+01
-1.653908504123996437e+01,8.915283711696222468e+00,-1.184117520933062018e+01,-2.588242119438640287e+01,-1.565071489625647061e+01
-1.674417157560617042e+01,5.156322813588017695e+00,-1.017390608500440230e+01,-1.904906619604922113e+01,-1.180042831026605832e+01
-1.594047928938273984e+01,7.263877706728205652e+00,-2.051953846277820404e+01,-1.848501398393118578e+01,-1.082841912681946361e+01
-1.836072897902137768e+01,5.525699285649292136e+00,-1.806896549980011102e+01,-1.197601706370113916e+01,-1.561362298823966199e+01
-1.348666298882213255e+01,1.305598338412804615e+01,-1.532126195409110458e+01,-1.347780141988764058e+01,-1.614370603361441425e+01
-1.636168124175890526e+01,8.639394899244772219e+00,-8.816518309553087462e+00,-8.936959799473344290e+00,-1.313633128268690164e+01
-1.640234841944461763e+01,6.765059924850588935e+00,-1.500977381858240101e+01,-9.597357164565570642e+00,-1.453562078431278692e+01
-1.186077359509896922e+01,8.001836156995077332e+00,-1.279206411681107269e+01,-7.683932783048685877e+00,-1.357832557620689862e+01
-1.911294784233479760e+01,4.678624928237095304e+00,-1.799873385682939997e+01,-1.082555511636743084e+01,-8.860637644992561235e+00
-1.803464150913032427e+01,5.518547097787430467e+00,-1.658649225700940733e+01,-1.438991998972881525e+01,-1.020813413597322850e+01
-9.019647731513762423e+00,5.559255681603451293e+00,-1.925627611003413264e+01,-1.879131310487683848e+01,-1.468170881151142204e+01
-1.360462320786012391e+01,2.536805715365372027e+00,-2.001637278501878470e+01,-9.304715074463354441e+00,-9.255475506481147363e+00
-1.221465548292087355e+01,1.697030452602864781e+00,-1.658632762695846452e+01,-1.769578077352905865e+01,-1.094270756715094350e+01
-1.712588531561486249e+01,-4.914079923820790619e+00,-2.335685871553980419e+01,-5.193367355490824622e+00,-1.139811000731601887e+01
-1.670670765893671117e+01,4.358352179948357552e+00,-2.309686637707815748e+01,-6.935049164563667823e+00,-8.896275578147001539e+00
-2.177393960137683848e+01,7.696262668207300095e+00,-1.873620736579280077e+01,-7.456264693792854281e+00,-1.153645275704863238e+01
-1.359272425125817030e+01,2.647895093445715275e+00,-1.786814000436282512e+01,-1.269149992503777113e+01,-1.196274716058130494e+01
-1.130789872868165347e+01,4.234990491838364512e+00,-1.654146458096658279e+01,-8.174263699731492139e+00,-1.714974639805395995e+01
-1.430943219073700945e+01,8.993540811516052003e+00,-1.640561522867618649e+01,-1.803949063801773889e+01,-9.647587515835329697e+00
-1.818042651184378045e+01,6.206207353976251895e+00,-1.956422104091323177e+01,-1.294437663778711922e+01,-1.374087803666693119e+01
-2.167168341215294802e+01,8.961066841861664578e-01,-1.774866359661255544e+01,-1.645794787141121773e+01,-5.058128322584762415e+00
-9.211532272815658118e+00,2.975163650956617278e+00,-1.138020591075615862e+01,-1.441766161035987004e+01,-1.288248094264831067e+01
-1.948951050536238938e+01,-1.130046153919773477e+00,-1.394897085004315684e+01,-1.194566212703432129e+01,-9.472475592091295082e-01
-1.809040535796258453e+01,3.988338662801538259e+00,-1.866825973731055299e+01,-1.331130079167603419e+01,-6.999990191029301201e+00
-1.375002875683443193e+01,7.815822682342776773e+00,-1.929757915748331598e+01,-1.145956942297600101e+01,-2.750376998744077817e+00
-1.416940354229132559e+01,6.040725720383154140e+00,-1.118903114665094733e+01,-1.242980699198043482e+01,-7.939696254987240742e+00
-2.095044149341096329e+01,1.037592773039561211e-01,-2.136553726394837938e+01,-1.903783181364264365e+01,-5.312074562754503404e+00
-1.169082476784835301e+01,5.592398418264593829e+00,-1.547046213349900690e+01,-2.057935024070555841e+00,-7.881500631868768814e+00
-1.695524743088201092e+01,8.771150608103791768e+00,-1.713694358939535078e+01,-2.067422541702429584e+01,-1.138009346432204438e+01
-1.351455100980167856e+01,3.946626220559478870e+00,-1.535760680626425589e+01,-1.079001674763570939e+01,-8.556665610428654034e+00
-1.117224077443496633e+01,1.326584540571868231e+01,-1.768686855141431025e+01,-1.682428612778761234e+01,-2.521266120404385802e+00
-1.198611249909852816e+01,1.041912401211535943e+01,-1.655766939413172523e+01,-1.635026561712890469e+01,-7.494717230979416556e+00
-1.172539862403140809e+01,9.443017897602700828e+00,-1.141733017797370664e+01,-2.031679406718420111e+01,-7.434920291084949895e+00
-1.306908765399490946e+01,1.120392176499399817e+01,-1.729583467720207324e+01,-1.018014184963702284e+01,-9.746755796845507636e-01
-1.859971097517020766e+01,1.181790438714365976e+01,-1.379275508217391888e+01,-1.102389131208837370e+01,-4.703253106875870060e+00
-1.444726829480715580e+01,1.250744730898389001e+01,-1.687759137179604352e+01,-1.086256953377945678e+01,-8.652286874864561383e+00
-1.107385261084101735e+01,1.220840437207106000e+01,-1.229186700574654267e+01,-1.428354178593742496e+01,-2.838784443589762230e+00
-1.407868811840279832e+01,1.179578758679735273e+01,-6.247305442712463908e+00,-9.293498065894979732e+00,6.819617081768127864e-01
-1.426423886106183403e+01,1.279616017968900898e+01,-1.379429610044595123e+01,-1.084248261600545149e+01,-6.227211105593157825e+00
-1.430269012919118587e+01,9.971161686824855153e+00,-1.225127169609121403e+01,-7.012617446984951819e+00,-6.346052802520097735e+00
-1.023420714092960537e+01,5.460084930413636073e+00,-1.551970205513644352e+01,-7.951026285951850348e+00,2.493557138837922127e-01
-1.452946053522762071e+01,5.013590775226778540e+00,-6.593089240212874458e+00,-9.066131190420961161e+00,-2.948259063089504473e+00
-6.711831588417644490e+00,6.352290989508674990e+00,-1.373796089607551529e+01,-1.233598868583389319e+01,-5.939746675383004160e+00
-3.079114293820382375e+00,6.875068880113119896e+00,-4.599643384676168623e+00,-6.935833880957852138e+00,-6.670349690203601689e+00
-1.263798352302713823e+01,3.970618469662245964e+00,-9.996105265024690212e+00,-1.135316070486634032e+01,-5.111948059475313499e+00
-1.054619828508518253e+01,5.280487547352809230e+00,-4.931001555269206804e+00,-5.841620313810381049e+00,7.117860536200073529e-01
-1.462711220065702911e+01,-3.711191570384141158e+00,-8.267941901698087293e+00,-2.998878987405368957e-01,-7.416042838783289071e+00
-1.204103257221218648e+01,1.782894597862671127e+00,-1.556213875328621832e+01,-8.682159432140306166e+00,-7.693113455641629628e+00
-5.330586884885240906e+00,-4.121278236052102195e-01,-7.994752848596112571e+00,-6.969103859357763220e+00,-7.337038267516673429e-01
-1.050538828424781812e+01,-3.460046280911044825e+00,-6.684443307900010289e+00,-1.187361520489854882e+01,-8.797945316934141502e+00
-1.634963977958912906e+01,1.063864381251518276e+00,-2.871264299393295083e+00,-1.742701404578670221e+01,-3.719327965734695152e+00
-1.382220445186149504e+01,-7.533580959550301159e-02,-5.046165840129074098e+00,-3.351579407659982746e+00,-2.022519446314301028e+00
-1.328609551821344681e+01,1.195935810311027803e+00,-1.004286949143503804e+01,-9.810871050704323082e+00,-7.717275406183989883e-01
-6.019050897023115354e+00,2.651328814200065942e+00,-8.646243220892568360e+00,-6.854414397832044870e+00,-5.230903370113902717e+00
-1.941567448324213530e+01,4.191799455989300149e+00,-4.321870229400023966e+00,-9.257640767565384010e+00,-8.297829549876205579e-01
-1.650211176020704684e+01,-4.723324526707974869e+00,-7.859485033515426267e+00,-1.148246532501270423e+01,-2.489798674866210426e+00
-1.478562298310091983e+01,1.774969259615964745e+00,-6.154518120400567227e+00,-1.397621901912625475e+01,-4.455159956279560518e+00
-1.296597753251577956e+01,-1.189005741946589811e+00,-6.626056602354173819e+00,2.008093091998273128e+00,-1.103989371223059734e+00
-1.164853698679046268e+01,-4.049410465470210774e+00,-7.739373684366854356e+00,-5.536256867907074941e+00,-8.317655452902723567e+00
-8.479862074361717461e+00,2.408862683135607696e+00,-6.201342655376712365e+00,-4.726375049183937804e+00,-5.786740558805086865e-01
2.761550779028720370e+00,-5.078233824989835554e+00,-1.759963560936881066e+01,-3.601779581591692203e+00,-1.192534606103123807e+01
-1.651819994033655803e+01,7.565207773588741524e+00,-9.468436189437698047e+00,-7.981699822070064343e+00,-1.042237484600149244e+01
-1.578783294871172194e+00,3.294829592309092448e+00,-1.314661318604380114e+01,-8.607404660254010409e+00,-6.534884213923712437e+00
-6.508000614922067939e+00,7.112269746261415948e-01,-1.609448950678686430e+01,-1.379141804108158453e+01,-2.321475281706923077e+00
-2.205538689474964542e+01,-8.877233346652165125e+00,-7.627957834797857828e+00,-1.515413468829992816e+01,-3.449979681283181776e+00
-1.647958987816504361e+01,-3.703709643120079331e+00,-3.142033895388599163e+01,-6.502547968927378186e+00,4.146145987222703333e+00
-1.126557259587353954e+01,-6.529783198509601094e-01,-1.904548451009676668e+01,2.673948049083043621e+00,-5.739148818086511561e+00
-1.453468403738710180e+01,1.815881065816778772e+00,-1.579820795452411453e+01,-1.101265575474558212e+01,6.662383004126729569e-01
-1.551612533842975594e+01,1.049739385357261412e+00,-8.517007368680541646e+00,-1.015919499397960557e+01,-3.628870411137589791e+00
-1.257747409422530893e+01,-5.679284926503190611e+00,-1.639361347355190901e+01,-4.105988792010241362e+00,-7.433956287444319633e-02
-6.418591425319609911e+00,-1.003746079570052352e+01,-1.624070397324652859e+01,3.366160569694508720e+00,4.372386537038400744e-01
-8.668304023155384286e+00,3.420269465682753474e+00,-1.697993734282738032e+01,-7.730032126483668442e+00,1.941770488416346474e+00
-1.443550573750139066e+01,-2.043900117076999923e+00,-6.528502290627442584e+00,-5.924890472185253998e+00,-7.713582555708208055e+00
-1.446045500615351465e+01,-1.250023904949918929e+01,-1.903670817395757808e+01,-1.091613257543900373e+00,-5.445562336334358378e+00
-9.638998147042954656e+00,-7.147091788438667770e+00,-1.528630005863033148e+01,7.526400708390529326e-02,-2.806965655349086930e+00
-6.771647916099422737e+00,-2.706752962031433007e+00,-1.282139118705486069e+01,-1.151287817882039732e+01,-3.699245435208098343e-01
-1.165593998250357366e+01,-7.196726080006453641e-01,-1.087238447854443457e+01,-8.697470433900202025e+00,4.824732505133252358e-01
-1.081683009516209104e+01,1.242362543189947655e+00,-1.444778757814008685e+01,-6.426926859910722989e+00,1.684849680781140391e+00
-1.121460664096478688e+01,7.545857417331430561e+00,-9.023457500755222682e+00,-1.437713495491776960e+01,1.723805895953272493e+00
-8.454814956884382227e+00,-2.945420809379867277e-02,-1.620805610703565236e+01,-1.255202263053723932e+01,-5.443104971627295008e+00
-7.188122989531816387e+00,-2.653950666849723472e+00,-1.144377853960584268e+01,-1.394380729104653938e+01,-5.713163138123852569e+00
-1.866751878825709809e+00,5.995079564106939873e-01,-1.848612522369835176e+01,-7.673289574785099987e+00,-2.440548116114055865e+00
-1.433897361003460702e+01,-6.433347870392509549e+00,-1.727255766121229641e+01,-4.236739463731781008e+00,2.871261832072636189e+00
-1.156213166450622687e+01,-2.124829218784731744e+00,-1.734789070307179770e+01,-1.231750589001396179e+01,3.762327771479467842e+00
-1.005433842922000132e+01,-4.124765998759636787e+00,-8.450177201582958375e+00,-1.692787658415043239e+01,1.026756085943391739e+01
-4.456749141299710004e+00,-4.390253210562227171e-01,-9.359751040895476493e+00,-1.251163761668172469e+01,3.126542936155903174e+00
-3.307174246913424653e+00,-2.605415476946172149e+00,-1.665305449881093125e+01,-1.652576866315345949e+00,1.910823148535838900e+00
-1.234343742852962400e+01,-5.877888709662896005e+00,-1.795712816340691376e+01,-3.401407688644048299e+00,9.636541374048958275e+00
-1.713849490486628824e+01,-1.936943714099096781e+01,-2.822621742666056477e+00,1.240499777785930124e+00,9.142204255424092096e+00
-1.231600227888700694e+01,-2.566524885836401815e+00,-7.140797546880045310e+00,-5.671969777867460039e+00,6.241779481177752942e+00
-1.421379928425574590e+01,3.343955330082954980e+00,-2.655922098085350846e+00,-8.099453495668448966e+00,8.023719132562458611e+00
-1.323824167662097295e+01,-9.578105666819253017e+00,-4.835941201413372248e+00,-9.849577557204366229e+00,1.044698424740365006e+01
-1.739928427947369016e+01,-1.326547226908464161e+01,-1.730265090115498783e+00,-3.128397612086700974e+00,9.563769077450405831e+00
-1.076245359790450706e+01,-7.210897658149828970e+00,-5.268202057084741874e+00,-1.186099925332706917e+01,8.818590770862643424e+00
-9.133233810694289190e+00,-6.562477900214878979e+00,7.743317971720085069e-01,2.544659061861141991e-01,9.325927256224673556e+00
-5.881273898458965199e+00,-8.526271813892238427e+00,-7.029815926405231785e+00,3.512600281201096131e+00,6.512593896710749952e+00
-1.508579572679541947e+01,-1.090211429945775023e+01,-5.198491546102327332e-01,3.558262617110687032e+00,6.845432179045052301e+00
-1.872006087242605332e+01,-2.874903020379493412e-01,-9.927201277974942784e+00,3.034102373040997724e-01,1.231613936627832651e+01
-8.170180215668375823e+00,-7.797403842112429206e-01,1.543577347990603865e+00,-1.017971666997451230e+01,1.190811583856280498e+00
6.792646479861291553e+00,-6.128078071551897210e+00,-8.274591629628749168e-01,-4.876835094024340123e+00,1.940753637799353282e+00
-8.439620619473537033e+00,-5.073314083925305695e+00,-6.612705981575893510e+00,-6.219072355952182996e+00,1.178862496349470490e+01
-1.395022938789858458e+01,-5.969676334117961503e+00,-2.370985789820933221e+00,5.004901860334818764e+00,1.570709449265765301e+01
-1.082751035852940724e+01,-9.448787218357347584e+00,-4.312422400862193861e+00,1.777304755101994260e+00,1.183931611306305420e+01
-6.805105171000405129e+00,-8.370443625048002545e+00,-8.905796064447784488e+00,-1.029698655074763280e+01,1.010581855272788943e+01
-8.101989262087403887e+00,-1.214846757511318875e+00,1.165697304256638978e+00,1.415193647346739247e+00,7.142008335148542386e+00
-7.009614372081682809e+00,-5.014793182220596002e+00,-3.256227323027760079e+00,4.288504883620485764e+00,1.010062158432111623e+01
-2.143979925209360005e+01,-1.094243803518232561e+01,-4.469648324353212132e+00,-1.285436482166001593e+00,1.277742776841104622e+01
-8.745076650941751240e+00,-2.181001187643995642e+00,-3.913925863295090402e+00,6.530517624877142380e-01,1.833106890213209894e+01
-9.267472871395664669e+00,-4.622569500888821237e-01,6.365058194022327420e+00,8.690001377136798988e-01,1.132173795975946362e+01
-4.373676169761334442e+00,-3.044542424723442053e-01,-8.958221893412333658e-01,-6.240002513606452972e+00,3.264536829818134755e+00
-1.588546167629245254e+01,-2.869793245656961922e+00,3.263766607591418900e+00,-1.355055591277998239e+01,7.172359295451614436e+00
-6.494262087821124574e+00,2.314753345430197395e+00,2.163014538700428258e+00,-1.052048689859674901e+01,1.912043814841643652e+01
-1.590086344180081568e+01,-1.001340270061019844e+01,1.908440854700570233e+00,-3.283181047777642192e+00,6.440505599434088957e+00
-8.749409046271631851e+00,-2.233473391754453807e+00,-6.175716131572288603e+00,-7.477415915242672462e+00,1.034070041271592721e+01
-2.115917908662057201e+01,-7.568708734181982756e+00,-5.098666027193049510e-01,-2.385646433919283549e+00,1.873823646620681771e+01
-1.091941375570304729e+01,3.260797530748718920e+00,2.947543565532031895e+00,-4.449868906929630441e+00,2.391683634902651434e+01
-1.333602201957308786e+01,-5.076709438820497411e+00,2.101792325584491472e+00,-1.076012580157955512e+01,8.666194228612324579e+00
-1.641829318388985826e+01,-1.961814808623100648e+00,-1.852759503127269891e+00,-3.648624730373350111e+00,1.605227864567333995e+01
-1.113178847203321453e+01,2.122351715901521496e-01,2.373891886137601048e+00,5.068762848392235121e+00,1.702088452924149564e+01
-1.244584636220123741e+01,3.167356338086505740e+00,-1.891557229970767251e+00,-2.342576749705761685e+00,1.465771378432073213e+01
-1.128761049308480935e+01,2.787103673200929776e+00,-4.112781739378259971e+00,4.389794866849502597e+00,1.838107920988907651e+01
-1.170340163278173584e+01,2.711543599260082260e+00,7.156081253899925221e-01,1.274740944124619446e+01,2.204833277987474105e+01
-1.302486006769121651e+01,2.660049711141639239e+00,-1.003159244150205964e+01,-6.004412868721700214e+00,2.711295886165586921e+01
-1.060891030946044111e+01,2.138884146191357249e+00,-6.096364902584957335e+00,-2.915930889279354510e+00,2.330829872145501724e+01
-1.869019684568412742e+01,8.516128267110561367e+00,-1.009729970134592136e+01,-2.337971257163075300e+00,3.192360650540275913e+01
-1.531271990156464824e+01,7.922953607118642161e+00,-4.371721153811457539e-01,9.591957401379303860e+00,3.176248678568532569e+01
-1.214391574207715685e+01,9.105110561465773245e+00,-1.670381506869168531e+00,2.862058833696345256e-03,3.251751202412436470e+01
-1.069681070530183575e+01,4.116695645619913968e+00,2.325345329807771755e+00,-8.319262200643366967e+00,2.149298161106746718e+01
-1.606638978284560082e+01,3.593369777675323729e+00,2.208529315133745285e+00,-3.598411394566288113e+00,2.730680457034949526e+01
-1.127703924023309412e+01,3.210430536959005821e+00,8.948197072535811758e-01,-1.949053672463380682e+00,2.586110029589709569e+01
-1.310173916248780479e+01,9.522771154821532136e+00,2.219954008033559134e+00,-7.220144686853363858e+00,2.326870387616701663e+01
-6.567200968519360416e+00,1.204265158873619956e+00,6.370047532741440754e+00,5.173095255966263295e+00,2.908291482383856064e+01
-9.352700092430623613e+00,3.230416030648005865e+00,-5.125175510969190107e+00,-1.802616985757029555e+00,2.259871633015040615e+01
-1.197491566451720857e+01,-7.566580075144235806e-02,-6.301008407365680242e+00,-6.067449060899656743e+00,1.330187990393719843e+01
-1.562372066814224247e+01,5.583893590410245800e+00,-6.226023294137898567e+00,-1.237482590195866194e+01,2.245088582209124795e+01
-2.263214218636210262e+01,2.339201720039563170e+00,-4.082873542441369352e+00,-6.509492263934673062e+00,1.500515284265037508e+01
-2.261404722849558979e+01,-2.947909240530472097e+00,-1.841995597592367861e+00,-3.902426945291229909e+00,2.059913796212279991e+01
-1.734290380372524609e+01,4.975251536039584366e+00,7.687058999808370485e-01,-9.012357368110173184e+00,2.090963275350442885e+01
-8.814144316484348707e+00,4.901796630081857842e+00,-7.628405834114737161e+00,-1.293481506401419878e+01,2.548217909298091044e+01
-1.531090130846885522e+01,-2.306876917930306803e+00,-2.069537651894159502e+00,-9.382339252648965733e-01,2.881775567585676967e+01
-7.482325767910026570e+00,8.254170312356935213e+00,-4.494094725270712409e+00,-3.942530022750191598e+00,2.909911534446596448e+01
-1.656122157320569599e+01,-4.357831003585829421e+00,-1.298810251408541117e+00,-1.191834083684730317e+01,2.138391792176236450e+01
-1.189925595549659754e+01,-6.952497024684063831e+00,-5.920480013138282871e+00,1.556031423970297922e+00,2.712911126157156971e+01
-1.832357399202824411e+01,-7.469353430777919911e+00,-2.882042490298797777e+00,8.120011656612717843e+00,3.648883137325008619e+01
-3.829668735569163651e+00,-9.344701425383483695e-02,-6.561334275101863511e+00,1.354118982180947839e+00,3.341256306664622144e+01
-1.592671094473649163e+01,-4.256164365703092756e+00,1.061691505354107390e+00,-6.004545908778520236e+00,2.454579878858874764e+01
-1.362606474396046430e+01,-4.364200118040967524e+00,-5.278046636518062940e+00,2.110693952023970699e+00,2.562814341493456993e+01
-1.423297216311448921e+01,-3.825203327766401706e+00,-4.810643411674584424e-01,-1.387033816995408175e+00,3.150699210949228046e+01
-2.890416372142802892e+00,-3.618013640822263177e+00,-5.646033848246185372e+00,-5.137905413644093144e+00,3.331778501016548688e+01
8.624618082252334617e+00,-7.571958677009466676e+00,2.438457735477478572e+00,9.408982917309030469e+00,3.094615331408104808e+01
2.784718641330989009e+00,-5.077758531204501491e-02,8.719775683633601560e+00,1.504191218022779442e+00,3.539949083376520633e+01
-4.268270219884597871e+00,-2.603971870215425088e+00,1.735589302369070452e+01,4.474445179404633599e+00,3.542952857643883391e+01
-2.971144334577575652e+00,-1.237317039269412444e-01,1.445698773627470679e+01,7.195817446323101052e+00,3.306942828805262735e+01
-6.900801819288669314e+00,-3.741633477382942718e+00,1.736145347430760211e+01,1.125723851341888171e+01,2.832235089948609286e+01
-9.230418172810720634e+00,3.499358901613016659e+00,1.132156960805257562e+01,7.839348593575309998e+00,3.317433927533021887e+01
-1.602571618239473805e+00,2.542393576680311185e+00,1.102672890887383161e+01,6.115491189735882571e+00,3.087691808778609115e+01
2.198217498982940388e+00,3.449833410542176626e+00,7.043551693193594865e+00,-6.883552413669868031e+00,3.145404189028576880e+01
5.803061850084278106e+00,-3.678015127595306577e-01,9.175601788961538219e+00,-1.058690954533170547e+01,2.684486128327181831e+01
9.978086684797945694e+00,3.785125346991500273e+00,6.165828113643843089e+00,-1.366555277243058519e+01,2.991466064628028221e+01
1.417697035974341624e+01,1.361978266481975730e-01,5.167020832733422608e+00,-1.484241993586123343e+01,2.963596507435578786e+01
1.802178114793900932e+01,-4.014830176485249424e+00,7.402904205446262154e+00,-6.454505643294599082e+00,2.347676748786278011e+01
1.776108959887689664e+01,-5.437073129107151681e-01,3.582030575919556981e+00,-7.420501943275814583e+00,2.476829954610191109e+01
1.769415159763313028e+01,-4.924532063257400338e+00,4.715694941725925737e+00,7.363825132003340990e-01,2.495859388939018331e+01
1.405740726801622920e+01,-3.759196713212947571e+00,-9.067143996432831532e-01,-6.837066478385224855e+00,3.348803014029530800e+01
8.784520487800925537e+00,-7.201955756262567121e+00,1.598077403074089631e-01,-3.019040104428896143e+00,3.500198678416366249e+01
8.780197657351257234e+00,-1.086267913128613927e+01,-3.940291312425640236e+00,-3.621769938299460811e+00,2.833328323778654223e+01
5.144251051648327078e+00,-1.962259606846127014e+01,4.083361037098846014e-01,-3.617496935988329554e+00,2.520167236715735370e+01
9.936466396981977311e+00,-1.735891341375999275e+01,1.157882818785223034e+00,8.128857506048925430e-02,2.925387672081577151e+01
4.211671381262260816e+00,-2.100887438122493478e+01,2.966366155751682943e+00,3.295616693808115727e+00,2.507497903866843458e+01
4.930054756254782511e+00,-2.139215292279855873e+01,4.356748852924929416e+00,3.894864581212581278e+00,2.780078868641214029e+01
-2.466166361427359455e+00,-2.286461713749866220e+01,4.539397415188392237e+00,8.057746363434949544e+00,3.220907909844294181e+01
-6.829250156355323398e+00,-2.298743991552309751e+01,3.308407890191845446e+00,-1.400003678530591600e+00,3.254078609887788787e+01
-4.883245225725275418e+00,-2.389449716326167916e+01,1.995186557149826179e+00,-3.645576673301558768e-01,2.713350894734218244e+01
3.199273175058894747e+00,-1.963801372010964030e+01,-4.242653335284746419e+00,6.801584872205896914e+00,3.857188820520506312e+01
5.661778662559910913e+00,-2.512311927000216372e+01,-2.257608835808686099e+00,1.200935232106753903e+00,2.579546482055058476e+01
1.318590011063880851e+01,-2.398787007415294070e+01,-6.842343814756806530e+00,4.387778232097544473e-01,2.542496387357336118e+01
1.559200846631785176e+01,-2.724987549921941365e+01,-3.208882604344061917e+00,-3.720678648032730518e+00,1.702461633205521707e+01
2.117312992710906983e+01,-2.903031366039041217e+01,-6.362384330524265330e+00,-2.857196563960839431e+00,1.777468558281139011e+01
2.172322798747364203e+01,-2.943561353039339679e+01,-3.368299696371750862e+00,1.949328183967521166e+00,1.594529919443005994e+01
2.445602569150716477e+01,-2.935167002220449461e+01,-3.303911007898184149e+00,-4.810189846100736411e+00,1.558887030635548854e+01
2.335489717038770152e+01,-3.153606676735855530e+01,1.505963555867994685e+00,-6.605767876099093883e+00,7.702355528477013102e+00
2.474695260386143403e+01,-2.854904723251153342e+01,8.125279518661026046e-01,-6.382116462477857688e+00,8.178645214301187849e+00
2.440844280075853234e+01,-2.968573308484435458e+01,2.229871679080015934e+00,-8.072811421926315845e+00,6.830116053175871116e+00
3.020248975859195539e+01,-2.591676391071474228e+01,-2.152677111232220941e+00,-6.153110722541935473e+00,8.789072387742733028e+00
3.282790078946584345e+01,-2.841167134648441817e+01,1.794584656595169081e+00,-5.758475459783873873e+00,3.022431112360704830e+00
3.164845346395376779e+01,-2.597338004575546577e+01,6.658767349607809249e-01,-5.117202469875315352e+00,4.559822829748024553e+00
2.928948362546036321e+01,-2.578433463432775241e+01,2.461379009635564330e+00,-6.265832585278695355e+00,1.866158890257061831e+00
3.300469091264681509e+01,-2.282120056859885793e+01,2.108856290823510615e-01,-5.064550474076416009e+00,7.408274006429612868e+00
3.512637593054248697e+01,-2.280449010035002289e+01,2.325096853887052006e+00,-2.885742378366230376e+00,9.413426539857432385e-01
3.150072155324416201e+01,-1.706088953955113396e+01,-1.393193453247794533e+00,-1.487943485916231712e+00,1.253098805142510841e+01
3.441653555017316535e+01,-2.198663435887446127e+01,3.322084399314823688e+00,-6.759579783848654877e-01,1.968888462694765140e+00
3.186833906420396545e+01,-2.014915156593123768e+01,1.495301981930714730e+00,-3.518705532053330920e+00,4.459347440085217329e+00
3.438587465028818002e+01,-2.055764383542647877e+01,5.553461779402426579e+00,-6.499733160850158509e-01,-2.406530713956147149e+00
3.187284278645191549e+01,-2.131371401958514866e+01,3.825938011584337328e+00,-7.976497593952607268e+00,-1.626361682012055221e+00
3.395432488750117273e+01,-2.003133966314547720e+01,5.791741015334586962e+00,-4.363832240855828992e+00,-1.760813018427578092e+00
3.642396081585150824e+01,-2.067930096252791117e+01,5.393847291804299005e+00,-5.753105827177400045e+00,-1.867541291198705711e+00
3.245864126010440032e+01,-2.003389984993437167e+01,7.983986056910908680e+00,-9.173445343975247468e+00,-1.677068075336429542e+00
3.354746040094519799e+01,-1.574076630023770385e+01,5.222179961976694429e+00,-8.529561164613413737e+00,3.761990414542887962e+00
3.708574449241081794e+01,-1.565210249742217385e+01,7.955334814341664895e+00,-3.256192805555339298e+00,-2.219190542107717601e+00
3.915767817957141261e+01,-1.298644836275806824e+01,3.616474081259064555e+00,-4.819979803172157240e+00,4.019663431717319213e+00
3.835651293870959222e+01,-1.229456593476746029e+01,6.824003196967630025e+00,-6.650564951759540655e+00,-4.835527770289139715e-01
4.292588815695010851e+01,-9.139580165895488051e+00,2.766882092563283102e+00,-4.087583211882937384e+00,4.147575131540263804e+00
4.100271394442651740e+01,-1.035327273280854321e+01,2.637804675722603243e+00,-4.088931625305758821e+00,6.365038931994216220e+00
4.150030857758078895e+01,-3.646880506220302909e+00,1.477239190797403345e-01,-1.693183815356354982e-01,1.260378431015345235e+01
4.091988858540401708e+01,-6.283960158887463621e+00,-1.348800990997296445e+00,1.086381030633133626e+00,1.138336009826407569e+01
4.337553926249159275e+01,-4.636379192693382834e+00,-2.377055206878111449e+00,-7.129987804872124357e-01,9.579859997337111466e+00
3.579420087890804325e+01,-3.305173181997393961e+00,-1.295765076011743622e+00,4.173539902309894245e+00,1.313227486006030098e+01
4.180570103995786724e+01,-1.647159119212256106e+00,-4.858048626260524472e+00,1.245788456974898706e+00,1.354247718040504189e+01
3.607828685719385220e+01,2.214022330779711334e-01,-5.516808753172115942e+00,5.943907679279651468e+00,1.285000763546058344e+01
4.954720159250388178e+01,-1.607974143843490467e+00,-6.797492067702534335e+00,8.071024549594755015e+00,9.242748466923101702e+00
4.874688439804125295e+01,-2.843716495607135464e+00,-6.547701966962548248e+00,9.704258432410552970e+00,7.477586492342759072e+00
4.695088979140195562e+01,-7.523197545378795148e+00,-5.408143595412117755e+00,3.807139319879606493e-02,4.437594493154753961e-01
5.388222575799310476e+01,-9.089007517788083135e+00,-3.032531073976536984e+00,8.964783898375765503e+00,-7.678522679748219559e+00
4.153240999266606082e+01,-3.728038832606234365e+00,-4.515967734322273941e+00,5.225352143151318351e+00,-2.686006908995698383e-01
5.143123156764470849e+01,-6.412140985252604786e+00,-7.223173990364294639e+00,1.002168462092795487e+01,-2.014307953651592431e+00
5.191169203303427082e+01,-5.717044276732835328e+00,-6.877102722738011487e+00,5.895239173719470926e+00,-5.150722582400809380e+00
5.409176170510951920e+01,-7.143214364056971633e+00,-5.527315227700992928e+00,1.453891788893340298e+01,-7.834346629936114859e+00
5.335005659455504912e+01,-5.135142739349640273e+00,-8.327987494512143485e+00,1.029661120563113741e+01,-2.943702653764131316e+00
5.063100746066569968e+01,-4.590904136528500601e+00,-1.100538604234540863e+01,1.323450626301576172e+01,-9.116744320874156093e-01
4.897741891468233177e+01,-5.976116509508953456e+00,-9.465194139432332676e+00,7.332789664979133093e+00,-2.979772143821214581e+00
4.777833810191557973e+01,-7.318854504509157088e+00,-8.470615219093037496e+00,7.071057114029510871e+00,-6.161060568064698373e+00
5.181262606426123085e+01,-5.836736650556261452e+00,-1.126732937479883567e+01,9.286650109589697166e+00,-5.781868289513155013e+00
5.375157759476476116e+01,-6.960391030003727053e+00,-1.122733249560009305e+01,1.355871068517969924e+01,-8.842357336142377733e+00
5.356081952502810850e+01,-5.754465425384567290e+00,-1.212077472286875945e+01,8.843188108134892644e+00,-6.271970341799940840e+00
5.302762467157438664e+01,-8.289790167399592846e+00,-9.325500063892555147e+00,6.154622452564894708e+00,-1.194611236522999675e+01
5.652936383345239335e+01,-6.840245007178985759e+00,-1.051078633932773165e+01,6.930897237210610129e+00,-1.056002642434836680e+01
5.430539993473026072e+01,-7.456168351931121485e+00,-1.045960990797848389e+01,7.500347552193145972e+00,-1.086870538658189744e+01
5.802681041176327881e+01,-5.424779744716270002e+00,-1.197167269285809788e+01,1.283412093418091082e+01,-6.172107132983217781e+00
4.362081519666988072e+01,-6.273230132768254030e+00,-8.090229830711011871e+00,6.236803867614660213e+00,-1.150595435646512321e+01
5.437941252808609960e+01,-7.626044040151453984e+00,-1.296722956606595645e+01,4.688895945420917144e+00,-1.276925897881962690e+01
5.214658341415228904e+01,-1.041319967723601714e+01,-1.138656513396468561e+01,4.751393629559549581e+00,-1.334457310686557285e+01
5.836390078509947443e+01,-6.142212497556474915e+00,-1.458286057579980799e+01,9.177633797087803913e+00,-1.071239933697906999e+01
4.965961758798763981e+01,-7.686730513665413156e+00,-9.334848128606402895e+00,7.240839300205704987e+00,-1.412049428763973680e+01
4.886976954761574632e+01,-6.306335950824096592e+00,-1.133579547583021707e+01,2.798113762939272497e+00,-1.265904754980314628e+01
4.773195797639479565e+01,-5.345720094234126307e+00,-1.160406568869828803e+01,2.235786452119082890e-01,-1.178196580861447451e+01
4.859378121877442425e+01,-5.538315864937755961e+00,-1.325872958454875494e+01,-1.490679457477677605e+00,-1.151802716402395887e+01
4.695947343471357982e+01,-3.636431209643615325e+00,-9.192547689931814148e+00,-3.843585826814487350e-01,-7.473229357902941850e+00
4.819446801431857352e+01,-4.539180262176119030e+00,-9.504518405432813566e+00,-2.948227633004854020e-01,-1.198613821089889342e+01
5.793094307192697556e+01,-4.824146341431504226e+00,-9.072262689760089316e+00,4.152692511045747992e+00,-1.413043005228133531e+01
4.853107654584944441e+01,-1.392443708869848029e+00,-9.519600756773963113e+00,4.157926254291728796e+00,-5.561829822339462659e+00
5.149231573136594875e+01,-5.293484594404603172e+00,-8.418147677958327080e+00,-4.601742572386438468e+00,-1.216149081631923856e+01
5.266846592636751012e+01,-4.730165042993506042e+00,-9.698633470539691714e+00,-1.850567296757183344e+00,-9.242353513545426225e+00
5.040373320758261855e+01,-4.561419368517697137e+00,-6.426581458554698756e+00,-1.634631163833200063e+00,-1.031658224191869166e+01
5.088671899264861764e+01,-3.524234631140003238e+00,-9.188441905236585328e+00,-1.062604230776960756e+00,-6.907730565181299021e+00
4.692069292062343067e+01,-2.653748412343483132e+00,-5.849805634938057608e+00,-1.604931640420645067e+00,-7.654406077894426730e+00
4.773676864548050247e+01,-4.532002935734297466e+00,-7.552499607346021548e+00,-2.908586674101345526e+00,-6.330656934121933865e+00
4.572090107704482875e+01,-6.296226469005354431e+00,-4.808806227054467364e+00,-4.490535024916797013e+00,-9.669668569833056893e+00
4.572618204931109176e+01,-5.329744816794252493e+00,-5.919756980342312680e+00,-5.626860490852296337e+00,-8.443135440179537099e+00
4.982870547168655406e+01,-6.595619106788126018e+00,-4.224416939012971994e+00,1.347993764655213589e+00,-8.603503311190360492e+00
4.788621102505872784e+01,-7.597258692843211314e+00,-4.238928684379994039e+00,2.577083420405051895e-01,-1.098881268484198337e+01
4.628440965264453411e+01,-7.560848522912908543e+00,-4.579280587452077000e+00,2.870395659371083763e+00,-1.027838350110219778e+01
4.798124618733768187e+01,-4.968189437096128813e+00,-8.550381726628078383e+00,2.718382033830446520e+00,-6.403020338328617278e+00
4.360988475103630435e+01,-9.812611987074802755e+00,-6.257424668475302099e+00,-3.191199834250822986e-01,-5.467169275348365609e+00
4.434973047255081724e+01,-8.534756166819665424e+00,-8.289006972540096996e+00,-2.107864693473146644e+00,-7.139069720321624679e+00
4.683931905373826510e+01,-1.074538304827973256e+01,-3.770146799886375355e+00,3.383703725215029490e+00,-8.130075706156134174e+00
3.982454944653938611e+01,-1.050567249848188922e+01,-7.469421486217159512e+00,-4.278979247976393729e+00,-5.186170957681975224e+00
4.428721282649024005e+01,-1.107040875730502449e+01,-5.781502685758832527e+00,5.091522303383364978e+00,-7.402511248598957039e+00
4.631587978735595357e+01,-9.660259927254191581e+00,-7.549386471585835423e+00,5.290957189230924840e+00,-6.749180598328124780e+00
4.483021010707401643e+01,-1.234541569606629530e+01,-4.088951385971571817e+00,3.595279653168213407e+00,-6.224673875433202497e+00
3.803767674456924652e+01,-1.049709847723029910e+01,-7.875981991887120337e+00,-2.756074239396807180e+00,-5.466400869843754506e+00
3.797262721281654052e+01,-1.061703308495775566e+01,-7.427417235011176899e+00,-8.124125873118130947e-01,-1.237960677999191850e+00
4.132706521509266651e+01,-9.307806769625480925e+00,-9.922804631659051466e+00,3.143887666398821779e+00,-6.864531423822497480e-01
4.330360675231460732e+01,-1.082703931081218940e+01,-6.113937495706361247e+00,6.537944899409849242e+00,-2.239106728325501727e+00
4.363366426984011781e+01,-9.716325103057767976e+00,-9.792991026243868191e+00,4.956327261320931932e+00,-2.617972815245311224e+00
3.619432426585017026e+01,-1.281618872846257950e+01,-5.430598313205161176e+00,-1.013301339063680029e+00,-1.937059006418889728e+00
