-1.735808077640682612e+01,1.710631838361448587e+01,4.963972487748889506e+01,4.401919725763857372e+01,4.562142062586155333e+01
-3.490034072709890012e+01,5.321712007522783239e+01,4.706776401872153315e+01,3.367382928086627203e+01,2.271356034241978605e+01
-3.053924393845974095e+01,3.184115678051227860e+01,4.138707106829054538e+01,4.377216715872867070e+01,4.996418382252002033e+01
-1.563211794423288126e+01,1.176625575310689875e+01,3.998901803963403978e+01,4.784692172403576649e+01,8.859304749877995278e+01
-1.219996533016472107e+01,6.803377957457432679e+00,4.881109891743172113e+01,4.387376190725921532e+01,9.940065910005864680e+01
-1.319180824758103121e+01,-6.096842857747020616e+00,5.799754562403175839e+01,5.239538127705731085e+01,1.185970659933746560e+02
-2.205664214321953764e+01,2.123459178399625724e+00,5.246707466610982351e+01,5.954590508183989073e+01,1.025095018597835548e+02
-3.660331193126020821e+01,1.463123354027744760e+01,4.795793799728098605e+01,5.717698886288412297e+01,7.922991973740158755e+01
-4.759864540070296357e+01,2.552695491070699774e+01,6.676141503309681013e+01,3.377428979200008996e+01,7.834230971498620022e+01
-5.002191955117559985e+01,2.647195041836614848e+01,6.400091689912269999e+01,5.127918608755189211e+01,1.079303569891774686e+02
-3.356066012653786856e+01,1.541291832893275071e+01,7.791305602366875860e+01,5.826310271510613603e+01,1.419630295908288247e+02
-3.002733309255540917e+01,2.032325949755701089e+01,8.122687459263934784e+01,6.260857413684495754e+01,1.282685760905435473e+02
-1.847336801770173054e+01,1.987044541691270538e+01,8.368720961908779543e+01,7.729306429035115400e+01,1.186929594608220242e+02
-1.482292756187019300e+01,2.270879926816826355e+01,9.463213152078712653e+01,8.078696810467802436e+01,9.113822410104188521e+01
-8.132038951906890578e-02,1.665934867616789106e+01,9.379810894497180129e+01,7.757640183783310306e+01,8.452344369050130979e+01
-2.339637874090259029e+00,2.079798106744642894e+01,9.332201318926925637e+01,5.840856755315836324e+01,5.042022628762109093e+01
-1.071691083895911412e+01,1.242994060267503897e+01,9.075616892883435582e+01,4.643584972430320335e+01,4.686394712965200426e+01
-1.576786726458345989e+01,9.153027370050150324e+00,8.183462248884899282e+01,3.004542437198715987e+01,2.594676757495952302e+01
-1.444329133680433763e+01,2.732359019687870205e+00,8.184370079806892306e+01,1.619446868060446221e+01,3.178526096533063594e+01
6.400489739458111726e-01,7.957924745339539641e+00,8.999143785008995167e+01,1.538403762791471863e+01,2.592620110229614738e+01
-9.053208030868150402e+00,1.126811938890179299e+01,9.023742800209211623e+01,2.255535857181079962e+01,3.921357430457830162e+01
-3.238317626690199802e+01,1.359592987961506516e+01,8.494313748480534798e+01,4.465384617442825288e+01,1.964365675901760966e+01
-2.872478445178773399e+01,7.214815626272596205e+00,5.541701810480648760e+01,2.271223613441034672e+01,2.329429100799148600e+01
-3.016588481168970048e+01,1.960643418260478654e+01,5.405995628821363397e+01,2.949197053672257240e+01,1.051047761288035609e+01
-2.797066452489495703e+01,2.033447459035286187e+01,5.194014251116168879e+01,7.798585186538936398e+01,1.651016600729566619e+01
-4.638467945046890151e+01,3.566505625437272187e+01,4.967166254064915165e+01,6.442113894508132432e+01,-1.752251969661269015e+01
-2.931367033074688422e+01,2.298397568617343367e+01,5.389495650451475228e+01,2.418069105682032216e+01,8.145512400436048794e-02
-2.854566124295848439e+01,3.444561698802534266e+01,7.131961974445989938e+01,2.766059946363983002e+01,8.227939539891480081e+00
-6.090010845737268141e+01,5.075104198788739751e+01,7.974958762337726625e+01,1.693417708453510784e+01,-6.993268411912854532e+00
-4.963718590492510430e+01,4.994978847666669708e+01,7.360426575587932518e+01,3.534264902077210024e+01,-2.403480322118280910e+01
-4.874362403326358617e+01,6.498764579496513250e+01,6.498197453232657494e+01,3.168702711305479269e+01,-4.934771346764134137e+01
-5.206996617762133894e+01,6.016027335009319188e+01,8.098038622650663854e+01,1.680328073820030710e+01,-6.149251372721631981e+01
-4.809367306623274629e+01,6.617320522152745355e+01,8.195745859871418304e+01,-7.099949977750648955e+00,-6.014820546581851346e+01
-5.427254912875634574e+01,8.601239273173128197e+01,8.040751741597439661e+01,-1.598449743467307060e+00,-6.329470693590213415e+01
-6.622144026396523486e+01,5.851404929443350511e+01,7.892864426832555580e+01,-2.033059162806531983e+00,-6.456303680618997021e+01
-3.352264386295744458e+01,8.728480725000498808e+01,7.994590744919571534e+01,-8.565747783257398495e+00,-6.496936308412719541e+01
-6.487053107473902003e+01,7.160875457782709930e+01,7.583243882219707643e+01,-1.106085906094568827e+01,-7.863020186919378318e+01
-6.589935499338818659e+01,6.970074730618172509e+01,8.020772190044147010e+01,-1.269512084703712063e+01,-4.972458678474889382e+01
-4.878251126678996030e+01,6.957981385083493819e+01,8.219715220292017932e+01,-1.125303004209808666e+00,-6.499592065543781416e+01
-3.848162402154555650e+01,7.499344311462358803e+01,7.275650096039720438e+01,-2.159488686025377646e+01,-6.312003367955590249e+01
-3.906657146606232089e+01,7.338569039205609101e+01,8.083103949751381379e+01,-3.382661396911357699e+00,-5.625469422565638666e+01
-3.610102266774849511e+01,8.909321914219545135e+01,6.805836502774400287e+01,-3.356462608276223847e+01,-3.214104381817181633e+01
-5.432838282579809430e+01,7.429350985570967225e+01,8.407623425816102269e+01,-2.160958616055420478e+01,-1.262502120891763902e+01
-4.977133619449384128e+01,7.134916916905484641e+01,7.322835499364687450e+01,-3.032350166736882713e+01,-3.302083410420019050e+01
-4.500402643646369683e+01,6.490087566119525775e+01,6.086845520793268349e+01,-3.003003262844037025e+01,-5.673659376389346676e+01
-5.558826875516584920e+01,7.940115043960449270e+01,4.826292349183122354e+01,-3.822201786729667106e+01,-4.931464806756562069e+01
-4.237989672447902478e+01,7.127663484798365801e+01,5.507990339664294765e+01,-5.137090618505196460e+01,-1.503360158059191498e+01
-6.661625622060709873e+01,5.620099738252042698e+01,6.003282454172565963e+01,-3.565378419693039547e+01,-2.545177490466918613e+01
-4.854713890754447192e+01,6.915101748122692982e+01,6.839919119619069932e+01,-4.850950747557867260e+01,-2.504168082372771664e+01
-6.408368691858098032e+01,7.848124365130094304e+01,4.670634788376684554e+01,-3.501838929446108040e+01,-2.469181443814763099e+01
-6.299798081451464071e+01,6.262837138553670968e+01,3.282773853021382138e+01,-2.554940157383404653e+01,-2.653638172886336477e+01
-4.437673421427638942e+01,7.455600833392837501e+01,6.212567979826160069e+01,-2.345984575528924054e+01,-2.913670242078486794e+01
-4.892731767257384234e+01,7.205748249272743067e+01,5.127142738516334930e+01,-2.846206091351395884e+01,-1.103298847998695464e+01
-5.135540005903111904e+01,6.545979881113890997e+01,4.872518887547894195e+01,-3.138410000667136757e+01,-4.003980165357507559e+01
-5.138415427911569822e+01,5.428448274765200665e+01,4.841676923812647715e+01,-3.137190711149831657e+01,-6.052601306975054385e+00
-5.310211239252362958e+01,7.399886096930671897e+01,4.828387606083514072e+01,-3.611017696531408205e+01,-4.704043235536445877e+00
-5.800488020553298441e+01,5.637785673025172173e+01,6.055661437866840657e+01,-4.220975051996518346e+01,4.587366095089711493e+00
-6.343665282869513788e+01,6.298303920019936442e+01,4.974698777232026714e+01,-4.236810906067065474e+01,5.681720971617397531e+00
-7.943296516199698942e+01,6.080077984443957462e+01,4.529283458797649331e+01,-4.693611677916749869e+01,1.102547632647402054e+01
-7.264487730550808919e+01,6.383111504188566698e+01,3.170483467814957024e+01,-6.471847043960634949e+01,1.254433561836201783e+01
-5.526383416261542436e+01,6.485184011670291682e+01,3.936995327178909321e+01,-5.055546110183447439e+01,9.434063653528315996e+00
-7.187407805642814651e+01,6.212326973539880726e+01,4.166232676316654704e+01,-5.286450970334510657e+01,9.160425826469346333e+00
-6.944222143056070706e+01,6.477932112854742286e+01,4.446077926848619910e+01,-5.750103388616891209e+01,2.249898022326109626e+01
-7.559549845495159559e+01,6.355905544491375281e+01,3.491622233226076588e+01,-2.718446671791483737e+01,7.819503362848871042e+00
-6.803697791963489294e+01,7.071020148552015883e+01,4.178838447933350153e+01,-2.185121094654348539e+01,7.159357950561689776e+00
-8.061213762490343981e+01,7.916870606752857498e+01,1.349536171367973658e+01,-2.256718194216315965e+01,2.871045276915501709e+00
-6.723837703546216460e+01,7.119533723498824429e+01,2.958278660714976382e+01,-3.447108293487316644e+01,1.619960203307795155e+01
-5.798580469412774363e+01,6.024507095303020776e+01,3.598584803544355282e+01,-2.779949118043234790e+01,1.860244715123607406e+01
-5.836821962082811410e+01,6.792988456266789399e+01,3.232539379551664638e+01,-1.153356919543619341e+01,1.040941755813843805e+01
-5.848861443023269402e+01,6.581216666593029174e+01,3.773660413261213620e+01,-2.690352286250029934e+01,1.738516746436784288e+01
-4.007079803323768630e+01,6.150525866591357982e+01,5.311054835862426415e+01,-4.190058062944547146e+01,1.642066073302284224e+01
-6.441406166356655660e+01,5.866283005430754116e+01,4.658934230511325580e+01,-1.916510718169317329e+01,4.209065128003493861e+00
-5.704354237086485568e+01,6.420105528397544958e+01,4.764528353593993870e+01,-1.212722076228971346e+01,5.010588694547231547e+00
-6.648397433070444151e+01,6.649849971174734264e+01,4.106249188703123565e+01,-4.510495194841816158e+01,1.923797916476617686e+01
-5.684372443590402213e+01,5.615010627186953940e+01,3.464864614982528224e+01,-3.253193099010039901e+01,2.429229634512775604e+01
-6.399002423148700558e+01,4.208843055552559775e+01,4.087904106450289277e+01,-2.547228282926607790e+01,2.608893648949021582e+01
-5.135611275007699561e+01,4.612351356879737807e+01,4.531908336694275619e+01,-1.911750966491013770e+01,3.265093947390013085e+01
-6.483993352079286865e+01,4.338511983868291111e+01,5.069075477619699654e+01,-2.908545685137346126e+01,3.687369655297906945e+01
-6.643769465705798893e+01,5.685906381355493977e+01,4.864568213580930944e+01,-5.303948103740139430e+01,2.388447438487190411e+01
-8.522429809603174533e+01,6.223660801354704120e+01,2.971089731680999435e+01,-4.800923520674366785e+01,1.936927218676918017e+01
-7.517521116515617052e+01,6.868206416187203445e+01,3.873288860891474883e+01,-3.363921789713174348e+01,5.489289454283316161e+00
-7.441944996535669077e+01,4.942660715279125583e+01,3.334146931233304656e+01,-4.255630065383119387e+01,-4.077431522173623257e+00
-6.990992542154799594e+01,5.496421593594040189e+01,3.718179093282070369e+01,-2.632549342652279378e+01,-1.531321903593223155e+01
-7.845282700473440229e+01,6.420755147123422546e+01,3.140378152660251132e+01,-3.043394253717866960e+01,-2.827650719211990626e+00
-6.744991176311671666e+01,4.432392439440143761e+01,3.552341595745047442e+01,-2.403238821786976587e+01,2.635268140955458804e+00
-7.736366462868312510e+01,3.783800132415848338e+01,4.067943722022535269e+01,-1.549382308229395377e+01,1.566688009693197614e+01
-7.997741797056411883e+01,3.906552609554018574e+01,4.070711137335383967e+01,-2.493535230735393782e+01,1.640972923322712518e+01
-8.001400611313965783e+01,4.100675662669052457e+01,3.735672128402596570e+01,-1.427910762917364451e+01,7.960071688316157079e+00
-8.084909041806704977e+01,3.738384032402981916e+01,3.675977081262351476e+01,-9.653536604793188758e+00,1.443795450449148987e+01
-8.469120560778515028e+01,2.967456095383136727e+01,4.772569592140780514e+01,2.008609486224562701e+00,9.756675835336078961e+00
-1.025018110892750229e+02,2.343757103162578659e+01,3.005775392518827971e+01,-2.082766034345973072e-01,2.986966857183997348e+00
-9.178250447017687463e+01,1.197648977669298631e+01,3.128135713701017551e+01,2.187219938250304097e+01,-4.613627634752996087e+00
-8.146486468982739382e+01,9.526676425721493757e+00,3.952075595855652779e+01,4.793798856389024365e+01,8.331540609596730818e+00
-9.543024178895207399e+01,2.669428109565118135e+01,3.555801196128619068e+01,2.873782917378124679e+01,-7.424033949041874081e+00
-9.117791220770595828e+01,2.583030974869904739e+01,2.670467869850410025e+01,3.704046837025156691e+01,5.230895591818686796e+00
-7.236972627440717076e+01,2.606126176452692533e+01,2.333580750530267878e+01,2.523094301495241254e+01,2.128829325943034334e+01
-7.635905731385392414e+01,2.653454759814284358e+01,3.141860634551645504e+01,2.623612692603089513e+01,1.416140659722271522e+01
-7.841081780585686545e+01,1.991105089423678010e+01,4.842309960480760367e+01,1.371313823356378236e+01,6.854324128941707173e+00
-8.085706135129562711e+01,3.802114371275021654e+01,4.442262009570868031e+01,7.731922676977925235e+00,-1.813556874761575699e+01
-8.480310448384341271e+01,3.695239265177523436e+01,5.364461753387431031e+01,-8.599936592778472999e+00,-2.407794943964645284e+01
-7.466403904920608170e+01,4.658879253509569907e+01,4.882261685202403356e+01,1.160944258687216069e+00,-2.241077160139517943e+01
-7.271395137001177034e+01,4.527297721793493679e+01,1.704841589897778320e+01,1.656340851875485143e+01,-1.717230622264535711e+01
-7.042545682898587245e+01,3.094086756056028875e+01,-5.699140388308428840e+00,3.587374500067424066e+01,-1.221839106720586798e+01
-7.119538333320498680e+01,3.871523657817789399e+01,-1.630624875500663507e+01,2.803720418057049812e+01,-2.136871839522630268e+01
-8.252611042048027912e+01,3.082854550231085966e+01,-2.219844700757449019e+01,1.710536989885378389e+01,-3.063458395602616591e+01
-5.717102322981013174e+01,4.125289047547154553e+01,-2.053795976223059583e+01,3.016342762482868167e+01,-2.771620635776828578e+01
-5.402610232001716639e+01,5.435550138247852914e+01,-3.015472759066510733e+01,2.723148437144108058e+01,-3.353043916946744929e+01
-6.183462996220174546e+01,6.041983788577359604e+01,-2.978758578421315306e+01,1.382626280316078926e+01,-4.024544246570446404e+01
-6.598453445617607827e+01,6.936298746472137111e+01,-3.083214168574396297e+01,3.230281826898308672e+00,-2.254423136856623344e+01
-6.226004617776551697e+01,7.138470491021467978e+01,-2.903620252954561209e+01,-1.217680393066976130e+01,-2.343044276035197981e+01
-5.406596591458826140e+01,5.773982837127735479e+01,-3.198631728448977896e+01,-6.015189538493110000e+00,-1.424282790353832517e+01
-4.783406949476376724e+01,6.304562086281077171e+01,-3.540117926342453814e+01,-4.900128156687634018e+00,-2.735596874847924553e+01
-5.401418406686564566e+01,5.972373814869679620e+01,-4.490530374879438114e+01,-1.725243989222878227e+01,-1.778119961992204878e+01
-6.176584786655866566e+01,6.186327222470303155e+01,-4.735475794636113989e+01,-9.747157105160082491e-01,-1.897591642335540740e+01
-6.642427165929301225e+01,5.480246645370905867e+01,-4.741624782153297701e+01,-2.536633913825269815e+00,-9.413605643694070935e+00
-7.158880189149518003e+01,5.088212798215107568e+01,-5.560192089975883079e+01,1.663136992747940468e+01,-1.592344517840335705e+01
-6.762346473122356372e+01,3.824629227286681044e+01,-5.707134659162350943e+01,-3.281999607353861315e+00,-1.906638136439712028e+01
-7.456727145380315847e+01,2.663909913776392813e+01,-5.115595468524697509e+01,1.611773035983955538e+01,1.413059698142749676e+00
-6.861725782765699932e+01,2.601979153993040939e+01,-4.238787993954706934e+01,2.445783818667149845e+01,-5.467463156326714646e+00
-7.340536518642763042e+01,1.013420678801415065e+01,-4.340147327987984482e+01,3.660408135073118530e+01,3.248540069094516980e+00
-6.676003347739732874e+01,3.482502143703646080e+00,-3.163023336852016598e+01,2.780129292804443963e+01,-1.551972531844009628e+00
-6.614261328847916843e+01,9.426918353541630324e+00,-4.070569123866010131e+01,3.849307668417405637e+01,8.171988625731788858e+00
-6.307398457863881447e+01,-7.079060144314999192e+00,-4.206818843950188125e+01,3.512588033643205421e+01,4.342038795531900419e+00
-7.418816816882031162e+01,4.526287826472464637e+00,-3.805306669767679750e+01,3.274512655401706240e+01,-2.261721721778279459e+00
-6.401409591406201116e+01,1.377959183095772744e+01,-3.812999538523701659e+01,2.427790137557113326e+01,-8.793761056069186566e+00
-6.979046422491168755e+01,-6.479904732835937153e-01,-3.541373622539362742e+01,3.810234727194447402e+01,-4.942548352049981553e+00
-6.100950566556663546e+01,-3.960097585220836991e-02,-4.065161572284892344e+01,3.831742398716960452e+01,-1.105185290258148889e+01
-6.850942363320331197e+01,-3.154088443400865360e-02,-4.617017133015484376e+01,3.330571701384426575e+01,-1.258482213848002118e+01
-6.079366233002416209e+01,4.159345573767236459e+00,-4.193237639263330152e+01,3.961878760157605939e+01,-1.640271389389691237e+01
-5.921772596626066587e+01,-6.248706567675395007e+00,-4.546783006139835237e+01,4.187550442437887455e+01,-1.998035731188383224e+01
-6.402194539108602100e+01,-7.150149200224243273e+00,-4.261291736882125036e+01,3.848939543742640979e+01,-1.384042381933394772e+01
-6.445041724768414326e+01,-1.139695269895119623e+01,-4.285305513229400987e+01,5.934830506068254863e+01,-1.824837249343621792e+01
-4.913861359569327902e+01,-1.556427438553833653e+01,-3.746648159005894030e+01,5.984434696478892590e+01,-2.007381924420256425e+01
-5.421255709499092035e+01,-2.521673073237696272e+01,-2.708926128552175427e+01,5.463633763680991962e+01,2.997935925450935235e-01
-5.362983052486487168e+01,-1.806826740816574173e+01,-3.203540297329006137e+01,5.658854727091878090e+01,-2.151338755319687124e+01
-4.587666108286526878e+01,-1.594177892943714170e+01,-2.330525148272232272e+01,5.771296216319657901e+01,-2.172297289933419506e+01
-4.753578280785142596e+01,-1.162869544237040920e+01,-2.598849819167908493e+01,5.716697945927316482e+01,-2.744847315563151113e+01
-6.225596841025736694e+01,-1.834913546631159420e+01,-2.876548805439523093e+01,4.268491692544819927e+01,-2.398102682108834927e+01
-6.501746804715766359e+01,-1.731881850406158208e+01,-2.640061644380082484e+01,5.791025627916030771e+01,-1.204744389286449113e+01
-4.723447261741607406e+01,-3.009006008984758296e+01,-2.282370570275383059e+01,6.360258170284492252e+01,-5.640059428718967816e+00
-4.196307110607977364e+01,-2.169833776584142271e+01,-2.183544698337469470e+01,5.207462541392786193e+01,-1.487764681857188576e+00
-4.782795775039174657e+01,-2.448166048736714728e+01,-1.958643278331158299e+01,6.454320100534377502e+01,4.288592692299935116e+00
-4.743167570922781806e+01,-1.704094573967296000e+01,-1.978627153341016509e+01,6.374245756017423048e+01,-1.618654851128717453e+01
-6.345140134408882915e+01,-1.534949119266115991e+00,-1.123479892817314330e+01,4.442121470007599981e+01,-2.007805875521717098e+01
-6.030886959966568384e+01,-8.568417495009038376e+00,-1.757256454065754170e+01,5.616424892502753607e+01,-2.198165170341411212e+01
-5.357328098947632355e+01,-9.228307898335298631e+00,-1.917504954010504292e+01,6.495022547417204350e+01,-1.175339035326826043e+01
-6.169595015013558736e+01,-2.219228991102431436e+01,-2.636436658318393356e+01,6.415952715446809407e+01,-1.461204401284150300e+01
-7.244936752580126438e+01,-1.330670002171603139e+00,-1.907735632145094229e+01,6.406860848468204495e+01,-2.801164011774725893e+01
-6.761005273681161043e+01,-1.181505189949182011e+01,-2.793332337625799866e+01,7.377231138058141369e+01,-2.469823591283000752e+01
-6.891067687668693509e+01,-1.311199414995236801e+01,-2.598295507572236929e+01,7.422916916800149068e+01,-4.564470547377561083e+00
-6.568489962229745061e+01,-1.637037096905408262e+01,-2.786218586116225993e+01,6.276624413461210139e+01,-7.804522226368189486e+00
-7.190587240311916162e+01,-6.431720944331593692e+00,-3.186397045730255329e+01,5.720530053994480113e+01,-2.219674621668839265e+01
-6.815367170075151648e+01,-7.689568099919934063e+00,-3.327796025556288129e+01,4.985293415443840104e+01,-1.716660299372401255e+01
-6.211272974163303218e+01,-2.001183502369823941e+01,-4.302494156082592980e+01,5.117686723033564533e+01,-1.439156328422940589e+01
-6.814800220804782782e+01,-1.997157933810424524e+01,-3.407456393264817507e+01,5.330606727108652620e+01,-1.434239453127085007e+01
-6.576688475486068342e+01,-1.122532710517048038e+01,-3.640205832553944987e+01,4.105862284443161769e+01,-7.699708448823344042e+00
-7.089757473559795642e+01,-9.075404498820708099e+00,-4.010725389338254132e+01,5.821522763700603775e+01,-8.313456969827369036e+00
-6.180829564054511849e+01,-5.676596311796874517e+00,-3.777136343274757024e+01,4.955207027164971123e+01,-1.020742604553746169e+01
-5.973736885631952021e+01,-1.124460038929487560e+01,-4.519413216629357066e+01,5.100976342699198085e+01,-1.799868681952479221e+01
-6.465991059355091863e+01,-1.332258486292377953e+01,-4.765331562107293450e+01,4.402571508164277958e+01,-2.158475965590942014e+00
-6.755277549118990521e+01,-9.838934351812092416e+00,-4.979824836539624044e+01,5.133436652869883687e+01,-9.368546538910537791e+00
-5.521766915825661926e+01,-1.140568139471764830e+01,-5.154211935515971987e+01,3.768875833861343239e+01,4.626410532875916637e+00
-6.662067313519145273e+01,-4.838445778619429483e+00,-5.692243324111910852e+01,3.843668043799524980e+01,-4.420242037684637637e+00
-6.750743266597783077e+01,-3.868371405150108799e+00,-5.020642398653989602e+01,3.495181799244593890e+01,4.843503700433943848e+00
-6.344624146244444063e+01,-2.269981273534454669e+00,-4.385494564239957072e+01,2.566881218746024373e+01,-1.214764874718941678e+00
-6.697562029625659363e+01,-1.303724371566304896e+01,-4.367947201053944184e+01,3.275774881840968789e+01,1.029656487905683271e+01
-7.430684102925803813e+01,2.091367431513538211e+00,-5.133576665900421432e+01,3.295714416165278493e+01,3.956286985723976857e-01
-6.631344425220454752e+01,6.914866383875598821e+00,-5.573291625554796269e+01,2.938976666697510254e+01,-9.171145969501527162e+00
-7.823552811646496252e+01,9.334717245566415134e-01,-5.718869299407320028e+01,2.844255253635610359e+01,1.086439939978266489e+00
-6.708502067218935849e+01,-1.413882380880176814e+00,-5.155845864305573656e+01,2.017747074993971523e+01,-5.038679111131821875e-02
-7.384566774990207705e+01,-1.380914129316121830e+01,-4.653256342233511589e+01,2.924078215996934915e+01,1.583333028643317064e+01
-6.396732949023073900e+01,-9.707537312624500814e+00,-4.395568376058163551e+01,3.610746828264048958e+01,-2.373915288632085563e+00
-6.886575124927649938e+01,-8.519773734665216480e+00,-5.100598695429311391e+01,2.004687988385772712e+01,2.126439330312571929e+00
-7.634987337688616549e+01,-9.029821569899512568e+00,-5.363683536211033243e+01,2.807892812513882674e+01,-7.315656842765310586e+00
-7.231023348669231154e+01,-6.111203039281500438e+00,-5.038346475549959536e+01,3.104236267768480673e+01,7.252493904025688387e+00
-7.217538389608782268e+01,4.793100691136726321e-01,-4.674769045019952074e+01,4.053671563296710900e+01,-1.644940075775719990e+01
-7.778933230031931600e+01,-7.192931733063900879e+00,-4.723104669532573752e+01,3.353573631618283457e+01,-9.827559310662540293e-01
-6.751635702003083850e+01,-7.226735260618361245e+00,-4.713880728572716095e+01,3.546582643078848918e+01,-1.229159816405308803e+01
-7.563706330106474240e+01,-2.072916197061253740e+00,-5.640414119324086073e+01,2.656524181105757165e+01,-3.191747349809451073e+00
-6.733000631243380951e+01,-3.110681407106829610e+00,-5.615689922617133334e+01,2.546569373036370365e+01,-9.889569718879325677e+00
-7.115475248902018279e+01,-7.280465090908463388e+00,-6.393332301954672658e+01,2.237033344953852065e+01,7.124424922132419624e+00
-6.011432033538870456e+01,-9.692617484745985834e+00,-5.584924234633305673e+01,1.903670090096765222e+01,4.746815944761678452e+00
-6.803070970493190828e+01,-1.328998532734047444e+01,-6.299794978338945128e+01,9.477805090462020132e+00,8.413707241871700049e+00
-6.426998311049388235e+01,-1.527357406851513311e+01,-5.423376128293078580e+01,9.416228508472720193e+00,-2.392050764864741996e+00
-5.841592468932603310e+01,-2.352408931743373088e+01,-4.538177917230704139e+01,1.552437961289223090e+01,3.173319995769270374e+00
-6.139296945291369667e+01,-2.385669011607487988e+01,-4.686525310958553092e+01,1.321777696103784372e+01,2.439215810824376440e+00
-6.090822438506344838e+01,-2.460588632932687148e+01,-5.561691730845232229e+01,1.023442730445075810e+01,3.639139979798945657e+00
-6.152405760654588107e+01,-2.138820078120057744e+01,-4.899832026889841785e+01,6.612823634888129298e+00,6.955413537654179024e+00
-5.850448773463412522e+01,-1.790596951338546816e+01,-3.920654998563712468e+01,2.574778968391950418e+00,1.518025175186955344e+01
-6.278954157614283815e+01,-5.942757435499514962e+00,-4.435461226173638494e+01,7.108864927823847779e+01,1.346082356827703208e+01
-5.411124182253448112e+01,-3.773840660957350224e+01,-3.511564350546429836e+01,-1.045584678324272154e+01,6.574427943617688008e+00
-4.588683909111613701e+01,-3.164086256261829533e+01,-3.775580725197058740e+01,-8.413183962540582428e+00,1.011305403394754165e+01
-3.824899847844258716e+01,-3.686396965623173827e+01,-3.703501978695206986e+01,-1.758869905135818357e+01,1.526599502513164097e+01
-5.127989672674002009e+01,-3.872865167111554996e+01,-3.707250851240587508e+01,-2.746144609095240696e+01,2.169232144203431245e-01
-3.776478811334309427e+01,-3.855214389296024535e+01,-2.515554237644066404e+01,-2.797139786589962540e+01,1.528882741526183509e+01
-3.814635830997147536e+01,-2.705252652659603285e+01,-3.770134031624934323e+01,-2.937046783988385101e+01,7.203164229355876635e+00
-3.822763300186194613e+01,-3.472070489305849605e+01,-3.609221974567297764e+01,-2.229082919943083496e+01,1.194940946796298853e+01
-3.499933856432573975e+01,-3.079672660799329975e+01,-2.827210958988101908e+01,-2.936036085730793488e+01,2.240760832886855347e+00
-2.909847408216103659e+01,-3.848291133745394887e+01,-2.412290445613129464e+01,-3.795622638965847528e+01,5.113693946930125023e+00
-4.254445478256774038e+01,-3.616308373596667991e+01,-2.933264421584236459e+01,-3.177071649860747371e+01,9.260556639016261471e+00
-2.998426037702179769e+01,-4.495097005485424546e+01,-2.939938830402068604e+01,-4.405893960188314651e+01,1.207806979562532845e+01
-2.912259470864202626e+01,-4.520290638444482312e+01,-2.659467858512428506e+01,-3.972758799822132403e+01,9.779363885893284092e+00
-2.747074085192160453e+01,-4.599610108012603860e+01,-1.667086619060779995e+01,-3.392484492687669473e+01,9.262300206193165408e+00
-2.841364742031784374e+01,-4.382783092000171621e+01,-1.721527708073937291e+01,-4.102670863030160575e+01,1.158973129068076036e+00
-2.893200293967355563e+01,-4.660182952966007974e+01,-2.532767432232373039e+01,-4.054813424390209775e+01,2.202523428755948842e+01
-3.584233471215269873e+01,-3.603284881187205002e+01,-2.621114293171907761e+01,-3.094152541442021587e+01,1.529992575115243092e+01
-2.822041964208320053e+01,-5.413279250796868780e+01,-2.689072052085466069e+01,-4.749923292692930943e+01,1.526992462436114018e+01
-2.371769536627248343e+01,-5.532674526345171984e+01,-1.709213075404488791e+01,-4.959515389139516373e+01,1.569903985370032373e+01
-2.623338743390839412e+01,-5.721977837915843423e+01,-1.341124672562452425e+01,-3.908490158153895067e+01,1.547260881217948025e+01
-2.482225371566436678e+01,-4.206214998126804971e+01,-2.467419004526572124e+01,-2.136531839253705911e+01,-2.173618908763868401e-03
-3.823773459955055642e+01,-5.960059499743627498e+01,-2.798563373530785725e+01,-3.735773850392481421e+01,1.044547506091144307e+01
-2.861273464235109287e+01,-4.717511293179260434e+01,-2.931422636054509923e+01,-2.870369775382092570e+01,-6.155967672615219044e-01
-3.569862109266097860e+01,-5.978666827613363211e+01,-1.945127285850595555e+01,-4.348343278212858820e+01,1.915722939246126133e+00
-4.029602391837497777e+01,-4.116455453648353568e+01,-2.865687379618237074e+01,-4.715338163510281788e+01,-9.271705920317730332e+00
-5.287018476145848211e+01,-4.033932067765664442e+01,-2.588080432064092307e+01,-4.652077573757001971e+01,1.216156282516275944e+00
-5.608638037493589223e+01,-2.954841854718073080e+01,-3.006807338603297097e+01,-3.936026602349970460e+01,-1.472834166847799686e+01
-5.512995501989036740e+01,-2.578804343043773173e+01,-3.615218714136722866e+01,-3.124578814729067844e+01,-1.162928513113173601e+01
-6.270345936220519434e+01,-1.148993844332249381e+01,-3.217993199293195516e+01,-3.806288391558521766e+01,-2.525116683385173033e+01
-7.368215529095425609e+01,-5.726321718429749019e+00,-2.904455349561582977e+01,-3.910009740047647853e+01,-4.175765443702791657e+01
-6.925896237099746600e+01,-4.200011804570512375e+00,-2.886721852024756529e+01,-4.806014695291221273e+01,-4.010643249688980916e+01
-5.624120068914153592e+01,5.720099298083528794e+00,-2.678847992659434851e+01,-4.758420737072337658e+01,-4.485473807211231190e+01
-6.429600869323058987e+01,2.228223113382567178e+00,-1.922027470296645646e+01,-5.020066938380987409e+01,-3.142044482721948384e+01
-5.887288811270785516e+01,2.147266216476047873e+00,-1.826248919163404238e+01,-4.891015314662919877e+01,-3.787983090443938750e+01
-5.263640061243062007e+01,-2.295536808394456063e+00,-1.242176556217932948e+01,-3.998928841168376636e+01,-3.705921508326944291e+01
-5.930658553294830426e+01,5.648938309909046218e+00,-2.663121847742726445e+01,-3.673285619216702713e+01,-4.732566367738034074e+01
-6.126372479788891212e+01,-4.883179165883099415e+00,-3.524027413564861888e+01,-4.770986322054040585e+01,-3.704632353954968238e+01
-7.698240704604009466e+01,-1.677541225941710223e+01,-3.593980659828505253e+01,-4.950120979164174173e+01,-1.425490541721759463e+01
-8.277136681207745994e+01,1.155294576191153944e+00,-2.773991763182206682e+01,-1.700328132160236905e+01,-3.253788188860864494e+01
-6.926088510158822942e+01,-5.312367544398506336e-01,-3.476638601139920581e+01,-2.282056125176805494e+01,-2.889249170633491914e+01
-6.351609649886710685e+01,2.345527843135286972e+01,-2.159025439298355309e+01,-4.361712591825560281e+01,-5.037765307985144858e+01
-6.019662743418136586e+01,1.014664897132179533e+01,-1.916591086760919893e+01,-4.745500976165710227e+01,-4.438598019433798925e+01
-6.641673435756017341e+01,1.479291010266396178e+01,-2.123979648802621512e+01,-5.100948904625983715e+01,-2.641399739915269507e+01
-6.848722384479398784e+01,7.578659808818906107e+00,-3.599852746207875498e+01,-4.074727689925507690e+01,-2.443853932333556145e+01
-5.464083452821652287e+01,-8.810175124871539865e+00,-2.927266831829270899e+01,-2.948288365459183780e+01,-1.055329493347091940e+01
-5.352306599462432501e+01,-2.212563434992674516e+01,-3.868873944915956287e+01,-2.880992616277233154e+01,-8.246282914264265074e+00
-5.991920832834109234e+01,-3.495499752669866922e+01,-4.640381520569338392e+01,-3.564547051292498026e+01,1.325890832101227446e+01
-4.299168948900967280e+01,-3.724272279164816979e+01,-3.887007028001583109e+01,-3.025378970375361476e+01,1.394954706436507230e+01
-6.061295163947652753e+01,-3.610249483179957508e+01,-3.362779171251935395e+01,-3.992566341176571143e+01,2.210414370793383654e+01
-6.028377884204033421e+01,-2.779970057039193776e+01,-3.810187639612433230e+01,-1.926009288694447363e+01,3.030332912677319079e+00
-5.945658020978471114e+01,-4.498754663932476916e+01,-4.854138549686530979e+01,-3.421907652361138474e+01,1.404474094932713690e+01
-5.427151506607771836e+01,-3.448225770462589423e+01,-4.603447752869676179e+01,-2.760611032721115521e+01,1.830525316891563037e+01
-6.015755324134409676e+01,-4.125116966472751301e+01,-4.080043506653942131e+01,-1.216565530462447420e+01,1.873559973658632316e+01
-4.430980084883159975e+01,-2.572912340859219782e+01,-4.182233766951647169e+01,-3.040522453877294495e+01,7.257074526131615855e+00
-4.981636817649669524e+01,-5.064782400781133731e+01,-3.663449666914566905e+01,-1.983864758711903775e+01,3.171788368683834491e+01
-4.574365066277377423e+01,-3.770472474147886288e+01,-3.686480710883030554e+01,-1.003171247864017523e+01,2.464223345096965900e+01
-5.374208364866368726e+01,-4.487156979540539226e+01,-3.934883967260729065e+01,-1.090720331362392237e+01,2.721526395979644875e+01
-3.657384417644117747e+01,-4.417961781086666662e+01,-3.746678479478391210e+01,-1.775103646365760568e+01,5.718191621979121564e+00
-3.954397443281892066e+01,-4.829120808501071593e+01,-2.309902777379435790e+01,-3.618740412073340451e+01,3.473539372959346849e+01
-3.503640301449638628e+01,-4.456764566601794542e+01,-3.589386524444245907e+01,-3.023039630299305358e+01,2.756420610012082761e+01
-4.717716989957503415e+01,-5.885275000277485447e+01,-3.122757586488128112e+01,-9.178020007038790951e+00,2.208290380488265114e+01
-4.547621548304869776e+01,-3.965644858847417709e+01,-3.521314299985947827e+01,-1.956331064201181036e+01,2.071711531530794304e+01
-2.737276450669965655e+01,-5.794194999855864836e+01,-1.679083964149821995e+01,-8.720087696797440557e+00,3.528728314893962192e+01
-3.881106323856145934e+01,-4.504127824430517535e+01,-2.670632736297171661e+01,-3.336487374251206006e+01,3.287475769246813684e+01
-3.354843274915030804e+01,-5.105275326588581919e+01,-1.318430513660101688e+01,-2.965643581171372389e+01,4.700306557060888935e+01
-3.261566966747405871e+01,-5.064653622594835269e+01,-1.596397354900775412e+01,-3.289472925113535950e+01,3.082884128286556447e+01
-2.316799169857275587e+01,-4.371055247405506350e+01,-1.508453098285021277e+01,-2.469658919260568553e+01,4.239297869486659209e+01
-4.002368786738995254e+01,-4.543269844935809942e+01,-2.227638063322163831e+01,-3.157626535016967040e+01,3.147454772015689883e+01
-2.044973486351830871e+01,-5.465295429956425721e+01,-1.554324974936342052e+01,-4.624601502798151387e+01,3.993320350141043917e+01
-2.802822644697405252e+01,-4.416394606414910129e+01,-1.874847278310583221e+01,-4.092714214733032208e+01,2.834358592184774750e+01
-2.243726293472390765e+01,-5.729746977419897291e+01,-1.338923233956185932e+01,-2.835834853446778681e+01,3.175136274991917062e+01
-2.248404371602115859e+01,-4.634363212337838434e+01,-2.530404111538607026e+01,-3.912219045395971051e+01,2.533209639727189710e+01
-2.477233723436332369e+01,-6.319598110336000474e+01,-1.553891208990682138e+01,-1.560835615011245459e+01,3.202353632664775063e+01
-3.038369726033590723e+01,-5.652241242554675438e+01,-1.949422188005828005e+00,-2.732513077389174327e+01,3.200389958907556576e+01
-1.473421241652870073e+01,-6.895111251724615897e+01,-8.655637306540789666e+00,-3.020271843129722100e+01,2.945328037379779929e+01
-2.523070829937563175e+01,-6.599204963356081066e+01,-4.538224236857635319e+00,-1.794919028363059255e+01,2.819488997355825788e+01
-1.691852306070048328e+00,-6.679191856653415016e+01,9.929424830017865133e+00,-5.712342613676032244e+00,2.816544224663800478e+01
-1.138525411947530941e+01,-6.782004449715851990e+01,2.823523770516082887e-02,-2.229579962328454101e+01,2.714394237684587097e+01
-1.506320073394586956e+01,-7.707161989692320958e+01,1.056517458101673945e+01,-2.898149755649334836e+01,2.604034984767994487e+01
-1.999223706222904084e+01,-6.364395656642504662e+01,1.687899980723492632e+01,-1.995310199878358759e+01,3.171591543206197628e+01
-6.664761852892275407e+00,-7.253763150113698543e+01,6.522437671959568029e+00,-3.983939897157365095e+01,3.710904229813630906e+01
-1.866962245604886306e+01,-6.089654795189603931e+01,9.116791832465509060e+00,-2.417459620378277663e+01,2.197249050947769078e+01
-7.687445944646404961e+00,-5.796306978973724711e+01,1.502106129913329191e+01,-2.977556761558121323e+01,2.645085686756104337e+01
-9.973692120538938610e+00,-6.618910876463448290e+01,1.320233152332019699e+01,-3.095093726761153619e+01,1.303626379517258727e+01
-1.608918092959337898e+01,-6.533431473916070331e+01,2.054821529639043476e+01,-3.609296694647272119e+01,2.705216419405904560e+01
-1.724212711947341825e+00,-5.964619849943935037e+01,1.603764869472724897e+01,-4.094597979270319854e+01,1.513412643106519972e+01
-2.170687708864051402e+01,-6.506333924083399722e+01,1.356856322368732215e+01,-3.562056282785669481e+01,1.697420611797797108e+01
-1.309855768443404500e+01,-5.058584905524230635e+01,1.290672047613425200e+01,-4.033526665063138239e+01,2.468390901417171790e+01
-5.767661094749800377e+00,-5.524033738916813263e+01,1.772614287793133769e+01,-3.123417065472959564e+01,3.258070996148293119e+01
-1.440723783511682221e+01,-5.285307886828822888e+01,1.610177585230652753e+01,-3.896822808512658298e+01,2.331644146324476097e+01
-3.097351150141829823e+00,-5.479135138119908532e+01,5.099220060342214644e+00,-2.722201401752652217e+01,1.438048541599943597e+01
-1.338060655439740643e+01,-5.094747825757498561e+01,2.894424230550198374e+00,-2.056334021161337589e+01,1.330069251349078741e+01
-1.247585990230712838e+01,-5.040423929759280242e+01,3.154467663377610087e+00,-4.411194612390085013e+01,2.870318661982409481e+01
-7.071534952117874084e+00,-4.978568392486538130e+01,-6.589893136141945718e+00,-3.387991281124138965e+01,1.232090787459633496e+01
-1.064512189306074275e+00,-6.490310443397490303e+01,1.075982882509439964e+00,-3.467328947701584241e+01,2.905187737380229152e+01
-3.541094104624519900e+00,-5.972781526172572342e+01,1.141998956259763354e+01,-2.394992145512169657e+01,2.124089664910918174e+01
1.483299709999320815e+00,-6.191979538461306731e+01,2.091547319931347815e+01,-4.479291835830947122e+01,3.223079908288438133e+01
-9.781762160897152114e+00,-5.752304306464305483e+01,5.255954615675271668e+00,-2.099770067532324802e+01,1.230050030506472991e+00
-9.784658755636952421e+00,-6.505587093994921588e+01,7.619465367175574322e+00,-2.741992049484484184e+01,8.679355779276885841e+00
-1.597166011455230716e+01,-5.938820000393939580e+01,-4.095355282788789353e+00,-3.634480924952252678e+01,8.943768694604179004e+00
8.190690149793137920e+00,-6.902570823031419422e+01,2.311014649135779919e+00,-2.758573768670824933e+01,1.149224996234433860e+01
-1.281851775091389634e+01,-5.144472793028752733e+01,-5.757731868469170955e+00,-1.458715046014688355e+01,-7.115127739230082682e+00
-1.022511128344690334e+01,-6.257869503698674407e+01,-2.205684557162008730e+00,-2.289349666788347548e+01,1.060591669283600602e+01
-7.166838014433470683e+00,-6.201990070183087056e+01,-1.384256121453568689e+00,-1.280866644533052678e+01,-1.100281177223606299e+01
-4.681284796028153394e+00,-6.415592332309442725e+01,-3.566548542554158097e+00,-2.493393926007102834e+01,-1.245111956091803584e+00
7.221883210325370506e+00,-5.781088789831165542e+01,-4.247270286341210621e+00,-2.468554034152025878e+01,2.755052949321019184e+00
-5.304231717551035175e+00,-5.901504744342234687e+01,-8.044696222816549280e+00,-9.140107072437549718e+00,5.129384568984585613e+00
-4.024060269674950341e+00,-5.785790574328586899e+01,-9.138133727587218758e+00,-5.303240231739455801e+00,4.136806852302841619e+00
-9.309063310270441205e-01,-5.530913571240981241e+01,-7.161042862610446313e+00,-1.097855270844907238e+01,5.537525523584465148e+00
-2.609783010181619733e+00,-6.418492575989705529e+01,9.183178770338559005e+00,1.199118312637762029e+00,-4.585760604624133485e+00
6.606011364826208654e-01,-6.387129578468255175e+01,-1.193315399928333909e+00,-1.851440079252692072e+01,-1.386839908013306477e+01
1.369258537942890541e+01,-5.413843647507120949e+01,-2.433593730411767631e+00,-2.448661250639197107e+01,1.444992979611422923e+00
1.530402783454144355e+01,-5.727406989679066385e+01,1.544497902346688711e+00,-1.855968836131816957e+01,1.338832324437596455e+01
3.082374818955718521e+00,-7.015858142101272676e+01,2.958802579059552684e+00,-2.509623911826843212e+01,-1.958524118068418751e+00
2.601996166965803159e+00,-8.087328123341512764e+01,-3.577574784711401445e+00,-2.026126747419778340e+01,6.722174876686622946e-01
9.625597657188931677e+00,-6.472689494337657834e+01,6.075869140484908115e+00,-2.063406186525803676e+01,-8.741473993741186277e+00
5.682851000641268691e+00,-6.722591684459531791e+01,1.062098654877808457e+01,-6.819910581050113052e+00,-8.811333754459090173e+00
1.235798979318660251e+01,-6.546296275797323005e+01,1.480113980042151134e+01,2.259109737795379047e+00,-3.446662490112180621e-01
5.384648208969883498e+00,-8.077614984538382714e+01,7.951953961078726429e+00,-1.345619629812263618e+01,-8.799092675782701489e-01
5.489126696837012709e+00,-6.831574600696548316e+01,1.293166100348486935e+01,-1.308730409687891516e+01,-1.420789897306481642e+01
9.061114965993299464e+00,-7.271941747184729365e+01,1.619133149996282484e+01,-1.953834247637068033e+00,-1.283404795221224859e+01
-4.135866368464342635e+00,-7.109583652724816716e+01,9.132378977388901475e+00,-1.341456300920770417e+01,-1.943135878243865733e+01
8.588072225840170049e+00,-6.450394965870700048e+01,1.879639855995320730e+01,-2.313142949114443425e+01,4.572907699473130805e+00
2.095782718144900136e-01,-6.626967478013111190e+01,1.903987540669467649e+01,-2.078477722914303172e+01,-1.895360494169717969e+00
1.372351340935837172e+01,-7.800322059770461181e+01,2.594600049163899413e+01,-2.191049406841069214e+01,1.237210520508654632e+01
-2.118444025708523526e+00,-6.732496109029800380e+01,8.639111223330031564e+00,6.427489108133210394e+00,-1.244622348858733396e+01
2.858790304798093818e+00,-7.196234860926213628e+01,1.267014644925969691e+01,-9.647125942003350829e+00,-5.488956442273090985e+00
-5.909010913915338392e+00,-6.141739143203376727e+01,7.935959083917569323e+00,-5.781895658590705978e+00,-9.087986377389322357e+00
8.924256698225798701e+00,-6.546846581623942996e+01,1.098954115802522224e+01,-1.534718322790424772e+01,-2.244028490110807489e-02
1.291863955774287831e+01,-5.946183501036161800e+01,6.083482945596419000e+00,8.061087816752859680e+00,-2.033827834435908954e+01
2.157222351856242071e+01,-7.456803172872113805e+01,-6.890249120220472978e-01,-1.878558995272625509e+01,-7.033237000473091527e+00
2.502566888119715571e+01,-4.037817503680120979e+01,5.777643838198951443e+00,1.277176634044754167e+01,-5.738030758717551194e+00
3.038866105546249585e+01,-5.472748851683275717e+01,6.457111383283463901e+00,-5.625467607797834724e+00,-1.536779072396297252e+01
8.727440543005686280e+00,-4.742581616922094412e+01,-1.018782310996998852e+01,-5.824259926577747493e+00,-1.069064782460813134e+01
2.193484576310515166e+01,-5.274890199544274338e+01,-3.998060859953391777e+00,-1.461224987355852711e+01,1.261693876260820346e+01
3.896819263638774800e+01,-3.664923585796684335e+01,-7.393848186461147165e+00,-1.156757482264799020e+00,8.070919972323814306e+00
2.740463449169226706e+01,-3.421575304319901534e+01,-6.414931552854498120e-01,-5.265004405012799538e+00,9.158110211303041481e+00
1.757511801443279609e+01,-3.041297311335133458e+01,-2.127842842880726337e+00,-8.552112341635330850e+00,9.674532855574064172e+00
3.085581297797532585e+01,-5.434660526446462114e+01,2.574114059065075732e+00,-1.797117061358541790e+01,1.020013022616769227e+01
3.135839372472873521e+01,-3.749635066649490511e+01,3.068972095904412889e+00,-3.776526971221831896e+00,-5.895660123411336606e+00
4.105264015889976292e+01,-4.103611621496781936e+01,1.758279184244638671e+01,-4.467801369949679469e+00,3.990735476844990970e+00
3.484954383094357411e+01,-2.387372209124566069e+01,2.040613380642174945e+01,-2.471961265661357210e+00,-1.646567330985490329e+01
4.708044738224690917e+01,-3.539726099472556342e+01,3.065134054737537639e+01,-2.157850663906906163e+01,-1.274248975802846751e+01
4.592190948598862121e+01,-2.114597449533466289e+01,2.155852791741627783e+01,-1.828750020703500212e+01,-6.870992566707586846e+00
4.721919791462327254e+01,-3.481493918480917671e+01,1.708498219141031882e+01,-1.433430869743320102e+01,1.957642222216727035e+01
4.542643064097836003e+01,-2.908264539696182638e+01,1.240889203909577176e+01,-1.041363559809633799e+01,1.007840323730114385e+01
4.538614807626494496e+01,-4.354630571261403560e+01,1.726674422767741746e+01,-2.394673663948978870e+01,1.485768728786726633e+01
3.807385110539360795e+01,-3.776605717813950491e+01,9.964370692344431291e+00,1.714163180607883197e+00,-4.488481426667743968e+00
4.849550548599953714e+01,-4.831881758636603763e+01,1.256857081291120437e+01,6.394342422000424131e-01,4.347096803156738964e+00
5.150635431391959429e+01,-4.156893035134900316e+01,-2.059265461393030294e-01,9.748649321427272696e+00,-6.546038179103063293e+00
5.628680780692549490e+01,-4.158743179932343992e+01,-3.660345088237019873e+00,9.053456504330135601e+00,2.686084130800681091e+00
5.546511532601241612e+01,-2.967567274619652196e+01,-7.399064541761931402e+00,1.639403021966784735e+01,-1.354757032916654858e+01
6.193539176235874066e+01,-4.104131259565656364e+01,-1.755564016528067539e-01,9.038216430487429065e+00,-7.251259190706480062e+00
5.398088015849351962e+01,-2.824026786448702353e+01,2.826700954445109937e-01,2.259438652504384137e+01,-2.302476588849905781e+01
5.746280888802808562e+01,-4.246251948535920206e+01,4.835701297736043180e+00,2.424340516932069178e+01,-1.500443845085361261e+01
4.964459741145918770e+01,-4.251304444176729902e+01,2.638946647131447332e+00,2.994345424463314842e+01,-1.683002022004828291e+01
5.857735754699857722e+01,-5.126975743889476433e+01,9.521299155123880809e+00,1.591045550183132740e+01,-4.831138698290374123e+00
6.329915628863933819e+01,-3.712012044320036352e+01,1.306208043645740347e+01,1.637067006186662255e+01,-7.567170844376912342e+00
7.776335660854975629e+01,-4.476608931596238250e+01,1.787703132638378989e+01,3.707639081336760789e+00,5.571249799255454382e-01
6.661930677539547219e+01,-3.520968330062381568e+01,1.531024121759951306e+01,1.340808635902258494e+01,-1.053675179383180271e+01
7.746117231752596410e+01,-4.825483380630736718e+01,1.823963141664711785e+01,-8.016095426319402861e-01,-1.685390298317666069e+00
6.673577579591213293e+01,-4.474006360900473567e+01,1.887879461041437423e+01,8.423046890885936833e+00,-1.212972699351417205e+01
7.360002783805040849e+01,-5.746730513348452263e+01,2.669331645349766191e+01,5.439979499955414077e+00,-6.864033985596046605e+00
6.486783845694442618e+01,-5.024500081327708045e+01,2.665736461632971199e+01,1.829252904753139930e+01,-1.454121694714115165e+01
6.848700156101611469e+01,-6.001624662452378089e+01,3.235793259208001871e+01,1.362150732925304375e+01,-1.777982819270003390e+01
6.553765089202669003e+01,-5.817653812374575040e+01,2.876301775370972535e+01,2.291458453989174870e+01,-2.830559889711602395e+01
6.642733567379352166e+01,-6.511578421088212565e+01,2.793621143368995519e+01,2.404107427828610710e+01,-2.706988706733111627e+01
6.064520283194072903e+01,-6.423514860771075519e+01,2.358065662507083360e+01,2.391101116404454530e+01,-3.679131775175498831e+01
6.818305141145033588e+01,-7.360968929035306019e+01,2.719168996743023570e+01,1.739049883980489852e+01,-3.089046598032932067e+01
6.295403327943456873e+01,-6.752106099214512369e+01,1.948972306639356589e+01,2.232690375796865823e+01,-3.987753564466442668e+01
6.525253871629676894e+01,-7.272862427471389424e+01,1.862841271055673431e+01,1.442968780557072606e+01,-3.232061897520690508e+01
6.210768538043713960e+01,-6.124891150692399577e+01,1.536152077092433998e+01,2.257101293931141228e+01,-4.461580397074806115e+01
5.970452833881345356e+01,-6.292438652036860702e+01,2.078374851243457755e+01,2.344598565756848529e+01,-3.836244259491448361e+01
5.410921710914869465e+01,-5.669477355091321158e+01,2.012759408920710769e+01,2.557650907150150488e+01,-4.730911889076755017e+01
5.540317082043578267e+01,-5.615881088567136459e+01,1.589543522714044421e+01,3.284770742071213334e+01,-3.945737883826058123e+01
5.670746752450150296e+01,-5.264296483349118461e+01,1.936427321882533192e+01,2.969752884228613254e+01,-4.914235289324556533e+01
6.004607738956187291e+01,-5.792504803001763491e+01,1.646599638518498665e+01,2.606303786830744684e+01,-4.416001722451937184e+01
5.818475386125198412e+01,-4.982883337598509854e+01,1.841405690699608755e+01,3.161939557275114865e+01,-4.948509180839745625e+01
5.886725461127581127e+01,-4.589556606762147339e+01,1.744931914969832931e+01,3.577459171247807035e+01,-4.591926830604815279e+01
6.057465631580817700e+01,-3.667308917406585067e+01,2.121349905864257224e+01,3.591867039326186983e+01,-4.985036464000886269e+01
7.024463840168519368e+01,-4.417352301566918271e+01,2.382965644270131378e+01,2.736721499692598769e+01,-5.506100310237841455e+01
6.652493040299155780e+01,-3.693357316530976675e+01,2.883434296154976195e+01,3.592907987611680909e+01,-5.884860679311152865e+01
7.994985255419901193e+01,-4.200552679224141883e+01,3.266791154299023248e+01,2.536099860780118576e+01,-4.647643247670144717e+01
7.810860492374273178e+01,-4.068771945701961101e+01,3.186612408731588886e+01,3.281381931316158784e+01,-5.232795010887941345e+01
8.929502226323688774e+01,-4.718396104103630506e+01,4.180875311512070880e+01,2.502490150510449141e+01,-3.944603621948130723e+01
8.131342424234431121e+01,-4.387254948185424297e+01,3.807591222710137657e+01,3.369567854678837904e+01,-4.223868036963258277e+01
9.127998444631492703e+01,-4.963350632395913919e+01,4.337666666032499307e+01,2.911935835671983241e+01,-3.650284123453358376e+01
8.511393367266515497e+01,-5.195764838778396211e+01,3.716635960608632416e+01,1.843333958320841859e+01,-4.054933913782961241e+01
8.036177416526361128e+01,-5.263614081951673995e+01,3.791823046613873771e+01,1.816127153542595707e+01,-4.754316660900040858e+01
8.268151582694592605e+01,-4.924955496034878877e+01,4.006864358599727183e+01,1.764894411616565151e+01,-3.723165850821307998e+01
7.753333719087702036e+01,-4.626291879842074906e+01,4.107989164806049587e+01,1.638888592401112021e+01,-4.427370773904456058e+01
8.245075888109371931e+01,-5.242307149541188949e+01,4.308052245736254804e+01,2.008486709331038611e+01,-3.577615561472828887e+01
8.342113156511003069e+01,-4.762045360914530079e+01,4.063942226816413950e+01,1.687855812731847394e+01,-4.193982845833372863e+01
8.758376427509267614e+01,-5.098040902859714407e+01,4.315125063439197106e+01,2.224054950024814303e+01,-3.195010991664618416e+01
8.606205616151696347e+01,-4.626035603854736422e+01,4.161478067139592696e+01,1.437829343354770550e+01,-3.992688987764198316e+01
8.475599953279014187e+01,-4.657396533261460547e+01,4.178768803075692517e+01,1.677640535634040120e+01,-2.365134228126943228e+01
8.164688788521377205e+01,-4.011753930078026542e+01,4.197013059212184771e+01,1.581104510460436430e+01,-3.482728810131342101e+01
8.730435958816394759e+01,-4.152777180832988080e+01,4.323023339913893182e+01,1.899591103740785414e+01,-1.977372556217716948e+01
8.784373505672962779e+01,-4.319133989808123175e+01,3.784426251673443886e+01,1.619703681542184626e+01,-2.432311080101185752e+01
8.828679117918149188e+01,-4.325414338415684767e+01,3.950080457221652352e+01,2.210494303229483037e+01,-1.303532605650938692e+01
8.264151483727496839e+01,-3.764129230935714787e+01,3.337623431036213617e+01,2.146454460137759668e+01,-1.903330623657548415e+01
8.479050443809734361e+01,-3.830371272078460976e+01,3.577523319591620066e+01,2.435872445200392633e+01,-7.846802477298655987e+00
9.320202504044206648e+01,-4.274982426247813549e+01,3.500495437048896719e+01,1.146091681470527490e+01,-2.130166022470932319e+01
9.455354095739915010e+01,-3.855852469741648036e+01,3.698950054698621415e+01,1.235230085293675373e+01,-7.967795581835718899e+00
9.619572106558267421e+01,-3.788285682175696678e+01,3.452913312439907401e+01,5.846112327217059423e+00,-1.751249387353277953e+01
9.531552870864101124e+01,-3.913989970884690450e+01,3.817727488506444189e+01,3.195468217990155679e+00,-1.258151984229971276e+01
9.624437076092041821e+01,-3.019114774553807123e+01,3.450020317083212262e+01,9.765117288582166211e+00,-1.659991850856048501e+01
9.915242762305555857e+01,-3.392323043852896802e+01,3.811949097657961971e+01,1.193813076262286277e+00,-1.098535955023901778e+01
9.083855941824542413e+01,-2.940526328928783073e+01,3.222735211326054383e+01,7.187542965299288156e+00,-2.404357018944270052e+01
9.633399678611846184e+01,-3.328242109983473540e+01,3.608552276905103895e+01,-4.207578479688542927e+00,-1.235773327322085713e+01
9.600093506781564656e+01,-3.365355984268117595e+01,3.703580951958076639e+01,2.133591430736914596e+00,-1.471849925111377289e+01
1.030816378402771676e+02,-3.928331809579007938e+01,3.969194625900918538e+01,-8.924615758183687575e+00,-3.066879395502247085e+00
9.822648169168152776e+01,-3.247567860120555849e+01,3.740072589501929912e+01,-2.495575198923108307e+00,-1.368631972670063490e+01
1.052077115457346821e+02,-3.800160818304316024e+01,3.412505436071914744e+01,-1.452879059560374486e+01,-2.536307735142668385e+00
1.004976932919096555e+02,-3.017957694834913696e+01,3.259639546705211188e+01,-1.030860348975848240e+01,-9.985524954934435371e+00
1.000730893613861525e+02,-3.195339563008610639e+01,3.596412790761289102e+01,-1.435531980727278345e+01,-1.542772405840312944e+00
9.712601768435298766e+01,-2.645110281274533293e+01,2.870560876443724041e+01,-1.586181264030943439e+01,-9.249327211960705952e+00
9.813207446948628387e+01,-2.714293619179716543e+01,3.110815423589166429e+01,-1.726980439816183832e+01,1.652712760989273333e-01
9.821735627908202559e+01,-1.776205233347841173e+01,2.846169395084968201e+01,-1.658637927859395234e+01,-2.299306527515830201e+00
1.007035500538959525e+02,-2.469619705914103847e+01,2.849702052417964637e+01,-2.524820876589269503e+01,4.385002968311018989e+00
9.693576039797110866e+01,-1.970821739310612486e+01,2.003569714428877191e+01,-1.615442433660057375e+01,-1.140480812727306115e-01
9.729902561577162601e+01,-2.177275900467888192e+01,1.856412697288809355e+01,-1.940638865626144849e+01,8.535993122354957663e+00
1.007738502774716665e+02,-1.670412856206247554e+01,1.555413242672026541e+01,-1.884400753611997459e+01,4.672520043416671931e-01
1.066924219650284726e+02,-1.630414581863157153e+01,9.813158718989253515e+00,-2.894753337851840058e+01,5.653529913345419544e+00
1.055117376522520374e+02,-4.769229784746037204e+00,8.202854008957391585e+00,-1.584113157793438020e+01,-3.477071963801797949e+00
1.133398794742756905e+02,-7.560147049996778001e+00,4.719641731432568932e+00,-2.561674627148176242e+01,8.582737535548043084e+00
1.117524491921151935e+02,-5.719538499957752542e-01,4.799755892033899407e+00,-1.284802014517270585e+01,-2.469593777048575411e+00
1.112393527677526919e+02,1.161815341844352201e+00,-5.550120941415818132e-01,-1.203956999845415687e+01,1.143405770523491150e+01
1.042942124196188018e+02,1.039532164021450100e+01,-1.880912405258094777e+00,-3.686039832461883048e+00,-8.904141445583606540e-01
1.113497305032826858e+02,6.065223809559904922e+00,-3.713191653240213164e+00,-1.108683902177149783e+01,1.277564742064556214e+01
1.140441321634658038e+02,1.293273006531202363e+01,-6.167307158589261817e+00,-7.694533593752582945e+00,1.765395073128671166e+00
1.094443483059422135e+02,1.629355833325742253e+01,-4.731235168001293623e+00,-1.063800993092150904e+01,9.062021548336771204e+00
1.084544908401388454e+02,2.268542365815320494e+01,-6.704707583623424227e+00,-1.301970881413966330e-01,1.045097429825928570e+00
1.080134884003247180e+02,2.448921489664196116e+01,-1.031714994805848384e+01,-9.534614822541124468e+00,6.117153445894641273e+00
1.138804372749899159e+02,1.747977619772138880e+01,-7.882921666898914381e+00,-1.184761026007630669e+00,6.277157442227951911e+00
1.150567087788460015e+02,9.247037975317462966e+00,-1.893402810931020142e+00,-8.532403477372993095e+00,2.289203973838355921e+01
1.150358367435629106e+02,1.335888856139916037e+01,-7.287523754563043354e+00,-7.959001677412548048e+00,1.208700119343065715e+01
1.163949142222065092e+02,1.081021130658315421e+01,-8.342625889777986359e+00,-8.015681769832719183e+00,2.137970252393857606e+01
1.113639136240671803e+02,1.915010865042935606e+01,-1.208311633860743228e+01,1.426039205791705289e+00,8.627692007293989107e+00
1.145572873381171632e+02,1.658862530309595229e+01,-1.072879060846750043e+01,-2.406506377210841929e+00,1.940922359274734177e+01
1.160759581812612282e+02,2.365452347673549838e+01,-1.140758698442417440e+01,-2.988891235505721777e+00,1.118819574515925197e+01
1.142845433796866814e+02,2.230416710828768245e+01,-1.391196014826534011e+01,-3.982306720052698479e-01,1.609537537217561010e+01
1.086187492207453715e+02,2.749924144766366041e+01,-1.376548479439933637e+01,6.162918495359614113e+00,8.152046376376338443e+00
1.175091667727307794e+02,2.418866616627741806e+01,-1.491859345065813613e+01,-1.360153966643656398e+00,1.568121736707976766e+01
1.070579718075657070e+02,4.257173250844920886e+01,-1.873035849617821214e+01,6.413791964140336255e+00,7.624270793238442145e+00
1.091646715256645166e+02,3.905788200610354721e+01,-2.071014698298670709e+01,-2.716529481138343805e+00,1.691236936730752305e+01
1.069500418055728233e+02,4.311010291625459701e+01,-2.272778569600017562e+01,8.534117836403238400e+00,7.084953521575616975e+00
1.113763522705748983e+02,4.177710913796138215e+01,-2.466192064363280423e+01,-2.159733206529195648e+00,1.918274212874472795e+01
1.078237158325572409e+02,5.064120300110536732e+01,-2.644179779256847240e+01,8.907763162694783077e+00,6.765488272634224032e+00
1.104035770256128899e+02,4.324094110606448993e+01,-2.769118654462171136e+01,-3.767671169913913154e+00,2.161504256972487070e+01
1.138124609215396390e+02,5.123301397941143165e+01,-2.761541422783651711e+01,-2.023693729107896466e+00,1.134600141365715231e+01
1.054337570230406840e+02,5.991428102088458729e+01,-3.232938026750140637e+01,-5.506399266787093794e+00,1.399213247859819909e+01
1.109003043292128297e+02,4.921519694448264204e+01,-3.231847212497044808e+01,9.097748290638552504e+00,1.405882760315838453e+01
1.099023729352578158e+02,5.296965113400428038e+01,-3.373961894965034247e+01,-2.990420798570828875e+00,2.136914129137938545e+01
1.067470031950705760e+02,5.440845882775144560e+01,-3.256151381473502227e+01,4.956962970609988695e+00,1.357803402436675810e+01
1.108406116269686805e+02,5.225398562837013827e+01,-3.660124422556447854e+01,-2.848643266175595379e+00,2.405426632766460671e+01
8.521062082310764652e+01,9.730280939671077078e+01,-4.068774037226506834e+01,-1.103462624796808011e+00,-8.231376163004286539e+00
1.092692998209225550e+02,5.978481166777298483e+01,-3.326280149980482292e+01,-5.747705117611553227e+00,2.129135649670709896e+01
1.116758361205493486e+02,4.826025981831206479e+01,-3.212988440986293170e+01,3.421131770279698170e+00,1.500630676651744544e+01
1.111932159655151935e+02,6.048491500366317553e+01,-3.462661987244013773e+01,-6.325919768305785063e+00,2.297902080034640804e+01
1.114613985180759528e+02,6.606783803364318430e+01,-3.635103437966748174e+01,-9.130823914970684907e-01,1.212768281086597355e+01
9.972443971583861355e+01,8.375157713217846833e+01,-4.302378344790115250e+01,-1.372246305771697017e+01,7.743958418601907034e+00
1.090940274153608982e+02,7.079027932335102946e+01,-3.587114681929354987e+01,-3.394270381938163439e+00,1.114329616720855398e+01
1.055263319297414455e+02,7.930552515205656050e+01,-4.234613681824922793e+01,-1.311016271453283011e+01,1.542343336327827252e+01
1.050518591027050377e+02,7.840905068302292591e+01,-3.984441121181498602e+01,-3.522222892833858587e+00,1.133417382954539399e+01
1.021977074466169029e+02,7.992496905409556973e+01,-4.385513192882460487e+01,-1.335305678172380617e+01,1.378723788397151573e+01
1.008190018727903521e+02,8.284227158063339402e+01,-4.343246532937368443e+01,-3.688987622761324747e+00,9.798486549849950933e+00
9.944598414122238239e+01,8.529698365732660648e+01,-4.883754488994103582e+01,-1.279965090182595766e+01,1.088815430636034698e+01
1.018651357161660229e+02,6.459573962749288967e+01,-3.944044970185745314e+01,4.919725770276748733e+00,1.828918688424047900e+01
1.019696218354681605e+02,7.829842211269168217e+01,-4.519231026998362921e+01,-6.128905723228920799e+00,2.395558117280607746e+01
1.019549157960171044e+02,7.782781846476275689e+01,-4.355168938348000296e+01,2.071666495450475154e-01,1.849517744203020797e+01
9.515320651185861323e+01,9.036152787034610867e+01,-4.736402031221941655e+01,-6.489457719735439944e+00,1.366241000385971915e+01
1.007751656079348237e+02,7.989941957723235078e+01,-3.798207547465725753e+01,2.700731937593913834e+00,1.273414595623295753e+01
9.887341811196385777e+01,8.536942859980896969e+01,-4.105317345022067599e+01,-2.932500299626831897e+00,1.980812064319671251e+01
9.816360470809814842e+01,7.514554316753985574e+01,-3.647193233232853515e+01,1.067500151958807564e+01,1.665751877052586138e+01
9.654656914334800888e+01,8.823015283314845192e+01,-4.440695656284156456e+01,4.195265636264913223e-01,1.784976766039369522e+01
9.664503584974684713e+01,8.850497838166197084e+01,-3.810300117743263115e+01,9.357053889848947037e+00,7.351123377010916116e+00
8.724177764668549173e+01,1.003318928419783305e+02,-4.464931102108351979e+01,-3.287904925233381626e+00,2.519759283824004381e+00
9.366880807582924717e+01,9.160017921725381029e+01,-3.703875177897334936e+01,5.228756431361412105e+00,9.673634701387996415e+00
8.689873430231612872e+01,1.055618143763423262e+02,-4.157731793323156921e+01,-1.635829085252741066e+00,2.146368249698745068e+00
7.808342542680958331e+01,1.132002841446686290e+02,-4.042269215443958785e+01,1.007131444122871500e+01,-7.006234259872634595e+00
6.863729111910083702e+01,1.113448618642454733e+02,-4.190740739212635901e+01,-4.966162982922713631e+00,-1.591366727942166115e+01
8.110752599162952947e+01,1.076242397039347765e+02,-3.772898703472709059e+01,4.541879636078848925e+00,-5.451491489788364397e+00
7.271615336858910439e+01,1.068461180449015728e+02,-4.435760535796329407e+01,-1.132294957774104915e+01,-6.542547462811435288e+00
6.135609743647450642e+01,1.125790325767751341e+02,-4.076844299652344716e+01,-1.397174860511791739e+00,-1.253655371611547409e+01
6.100946698504289856e+01,1.102919895798206227e+02,-4.406277329841744006e+01,-9.338299514741496665e+00,-1.654145619934718425e+01
6.173410064056741220e+01,1.122646376786652525e+02,-4.359086184358843497e+01,-2.246370512875761616e+00,-1.388738684055067019e+01
7.299105741657251656e+01,1.000301697986671741e+02,-4.852533443019250825e+01,-1.408014304039466502e+01,-3.794086980831672395e+00
8.210144890418911245e+01,7.871376060923438445e+01,-4.080493563135180324e+01,2.585639660650534299e+00,8.087058128949959013e+00
8.838031389396520865e+01,6.872005415581074317e+01,-4.447136457163949785e+01,-6.120365133321317153e+00,2.379359178722242163e+01
8.599389230673581608e+01,7.788513480771214859e+01,-4.299384198025960302e+01,-4.457227650181549983e+00,9.599209253519916274e+00
8.511258357169839428e+01,7.008101838027326380e+01,-4.184918197923700234e+01,-4.862003603531006135e+00,2.011914064014787584e+01
8.200065579053263320e+01,7.140605594163125147e+01,-3.942431505702904815e+01,4.838487543739846686e+00,1.190299805742256645e+01
8.116200051226221035e+01,7.035423635888894012e+01,-4.058333579506309974e+01,-4.157722990942221308e+00,2.108356168387227214e+01
7.885917964749064879e+01,7.074469524655086161e+01,-4.318518964339250488e+01,2.942320743418639140e+00,9.407425865959664790e+00
8.102150215653050225e+01,7.071479019305314750e+01,-4.003701557307422831e+01,-2.204511021512803204e+00,1.853882384576184705e+01
7.727310329858329396e+01,7.161938826475993380e+01,-4.004615055931448353e+01,4.512983348045703558e+00,7.014527380166770243e+00
6.757333063871806189e+01,9.268007296008187268e+01,-4.530958297796146184e+01,-1.086756468230289308e+01,-1.642995068192870889e+00
7.869176416068580693e+01,7.194329138997436246e+01,-4.104492750793559708e+01,1.895359932908255995e+00,5.927992945828496119e+00
7.777949545950959021e+01,7.157751331272434925e+01,-4.469931719386649149e+01,-2.765009904163010290e+00,1.693518147625007231e+01
7.272294144252417425e+01,7.629064615691446249e+01,-3.967295620988262073e+01,-1.955906259540478864e-01,2.402276399876129620e+00
7.151311015539339166e+01,8.475892130860511031e+01,-4.735802850043905465e+01,-5.313821029570235055e+00,3.536368979844425553e+00
7.478753550540827177e+01,7.275589710453077430e+01,-3.838330288255382783e+01,1.153702914928306011e+00,1.960681347072348757e+00
7.401659616566503530e+01,7.210458980649281102e+01,-4.096124591400369752e+01,-1.718263107362697273e+00,1.432994977838395201e+01
7.001466376226994726e+01,8.246198264464969441e+01,-4.362101754339482085e+01,-5.017799669320583078e+00,1.320311763456858634e+00
7.121592605064834913e+01,7.708975771155365919e+01,-3.838281803352176524e+01,1.506096994506815889e+00,-6.362534378475068308e+00
7.533748804933523502e+01,7.027014850218861852e+01,-4.129397696478997659e+01,-2.547217581606232795e+00,9.605826639038296477e+00
