-3.974187066655184619e+00,1.626622768129461605e+01,6.072959930761233416e+00,-1.544770924453730654e+00,4.068716995662458480e+00
-6.938886796680622027e+00,-5.136209138712739097e+00,-5.173904254778866063e-01,1.894947677899689209e+00,-2.065362508489801296e+00
-4.367942421468653080e+00,7.631969841912123798e+00,1.274274101687260874e+01,-2.858790646656673040e+00,-1.305058736674971076e+00
-9.737662192368967240e+00,-4.797902466673408028e+00,-8.028817559268017767e-01,2.935391258934172409e+00,-6.370113991754705607e-01
-6.838907654745011833e+00,-3.948925903178226893e+00,9.798485500393893100e-01,-2.866531471515562313e+00,2.970977465937395312e+00
-1.015099784752387535e+01,-4.541263043816575085e+00,-6.452135095798842146e-01,4.063263948016174965e+00,-6.095560209825010567e-01
-7.237459654322704772e+00,1.670370962039281437e+01,6.257644159059697841e+00,-8.307976179902758218e-02,6.054479389069418183e+00
-1.018031880510161713e+01,-5.849786837337327405e+00,-2.476538071251494610e+00,2.799750868354849320e+00,-1.189934632484890509e+00
-5.487433410608861806e+00,-1.335128901019763958e+01,6.808364986764414262e+00,-1.128961465929123054e-01,1.086806633284434831e+01
-9.193200116797036969e+00,1.364904945964920913e+01,-8.266522028606182459e+00,2.494225177905912805e+00,-2.243342023870525281e+00
-4.592186409667734281e+00,-4.639902529625219429e+00,-5.991089090226922043e-01,-5.236152840152026755e+00,9.028755793591257683e-01
-8.266661679312747424e+00,-5.273911362171677553e+00,-2.293242539100000865e+00,2.773128694043940357e+00,3.755640644104266679e-01
-7.784862828637233001e+00,-5.109258650338901475e+00,-3.217790224116941378e+00,-3.417694556097400582e+00,2.164694090725623354e+00
-6.333471121101508672e+00,-4.286112880467077169e+00,2.609300448591700849e+00,3.439497019558606539e+00,-1.164780746734517702e+00
-4.863581327097743490e+00,-3.704775183505406133e+00,5.628260608453237168e-01,-4.472053406982101187e+00,1.841332589098477968e+00
-8.417439828020615522e+00,-5.190778434803305252e+00,-1.268441108735370193e+00,2.682732078884898286e+00,-2.119326820707236436e+00
-6.451712813430281024e+00,1.426269833049674141e+01,-6.701028976486310462e+00,-3.568365473741688554e+00,1.715269522769993671e+00
-8.355007657422444112e+00,1.398045262049590853e+01,-6.817350122215993125e+00,2.892322432145296940e+00,-1.147896924268395402e+00
-4.422157667470636433e+00,-4.196773691328456124e+00,2.154659477301891446e+00,-4.224551675663182237e+00,1.230670263903099526e+00
-7.898507897420182999e+00,-4.977332928005054669e+00,-2.159703553804522169e+00,2.707871809727079970e+00,-1.454960425075930708e+00
-7.164107200222531446e+00,-3.979133651237575453e+00,1.607095921285897511e+00,-2.891664612633385811e+00,2.542813370387120298e+00
-8.673679801587377725e+00,1.387400926094464815e+01,-5.892952912652046571e+00,3.487109717923297492e+00,-4.817462929720519038e-01
-6.049525044015429565e+00,1.430828280988929002e+01,-6.017296193449523933e+00,-3.124585162902644875e+00,1.638485326203025227e+00
-5.045108560223161120e+00,-3.970530059732549688e+00,1.520715262860211414e+00,1.811698768529277137e+00,-1.671562700742306617e+00
-6.148345233548088373e+00,-4.856418883213254212e+00,-2.228733440189035520e+00,-5.280993354798656725e+00,8.533437403114314534e-01
-7.744253347905142526e+00,-5.259521151386235438e+00,-1.421790789978423897e+00,2.495668978207807420e+00,-1.673655876903187956e+00
-7.124668274746108310e+00,-4.814898487928111592e+00,-2.114321017230481825e+00,-4.219026349087746652e+00,9.906698136820996092e-01
-7.980768423431507941e+00,-6.199201944997601466e+00,-2.953813452680746465e+00,2.500283889621873090e+00,-2.656741624158574844e+00
-3.423027119742859448e+00,1.689544240120758190e+01,7.269198473018485984e+00,-1.095756516641767542e+00,4.660590766194148138e+00
-6.426677326329108375e+00,-3.363513319675854873e+00,5.316343770074285047e+00,2.909204774144637629e+00,-4.706629389175009393e-01
-3.643853731392043382e+00,6.654060464748621229e+00,9.405587509642636235e+00,-4.218436778405151522e+00,-3.093971389727439458e+00
-3.355152910993909110e+00,-5.127984599150138934e+00,1.285557314694218078e+00,1.909753757862588941e+00,-2.377824253905027607e+00
-5.965036313985948802e+00,-4.997027344272093607e+00,-1.812879423305875815e+00,-4.232990627379749071e+00,6.315099598716910068e-01
-6.169715218070706442e+00,-5.192889389368463782e+00,1.061958568808963665e+00,2.533659393874794219e+00,-2.492572369319083769e+00
-4.716046305118574367e+00,-4.526564671723222411e+00,2.889308822543655175e+00,-3.960903486613937208e+00,1.405157292474652486e+00
-6.651537717807790351e+00,-4.693059219344787536e+00,-7.230825401412375175e-01,2.389036157382489201e+00,-2.682066112809446068e+00
-8.862941606061809807e+00,1.411784260071862107e+01,-7.608045952096246900e+00,-2.739169568575140268e+00,2.608716309022049096e+00
-7.757236936421582740e+00,1.451800242031876742e+01,-6.327568402518323865e+00,2.293534558536552304e+00,-6.288317533410526794e-01
-3.153612099046932293e+00,7.901123310100751418e+00,9.829379047607289976e+00,-4.375962192842941079e+00,-3.108801231687648325e+00
-5.765481493105421684e+00,1.395627840001623632e+01,-6.926189603743187817e+00,1.380719904267826648e+00,-2.509440486363213374e+00
-4.577079590594922642e+00,-4.859141517551588407e+00,-3.784906694284383200e+00,-5.556014967156396089e+00,-1.399828563591143604e+00
-7.123597923187841019e+00,1.414341753567791571e+01,-5.262728140690692058e+00,3.351054108097294648e+00,-1.325447172531516671e+00
-8.493944549999599136e-01,-3.818419441265896275e+00,6.957411593648272774e-01,-4.924042433985362344e+00,3.774603907910302758e-01
-6.143515376994985289e+00,-4.898239955964498904e+00,4.883994814778938598e-01,3.344959646276449927e+00,-2.455941192899703918e+00
-5.691390395229180221e+00,-3.960979889589332004e+00,1.095313452689575362e+00,-3.462074969767689581e+00,1.121172071550094129e+00
-6.331877994028423551e+00,-4.484275310124484548e+00,2.643077950825614586e+00,3.409447434659370835e+00,-1.973501962020894673e+00
-6.210756158839168428e+00,-4.453789127349187638e+00,1.042288459714730608e+00,-4.108106777445990510e+00,1.398576161604990098e+00
-1.168715848838630667e+00,8.001129349683706593e+00,1.488415772879978682e+01,2.357231520045190987e+00,-5.225437006448085064e+00
-2.242220212682662250e+00,-1.568168615197192750e+01,-4.659475713682007303e+00,-3.723225361629127317e+00,6.972639565457678934e+00
-4.292571277544849018e+00,-6.232466761397534860e+00,-1.024954986720220784e+00,1.593462884514887934e+00,-4.100022174803060970e+00
-4.105604016209038143e+00,-4.866693294979853590e+00,-1.157444073925884886e+00,-5.021630645149854466e+00,5.330228338233233831e-02
-8.839598643266084466e+00,-5.276330829826511248e+00,-9.313106617701356615e-01,2.825010603472688064e+00,-1.636718145062598495e+00
-4.527499881324485997e+00,7.951099190745581247e+00,1.540202171735125347e+01,-2.616357763191336616e+00,-8.707505829926295293e-01
-7.345468198865753529e+00,-4.240237069452091667e+00,1.632060847878909371e+00,2.991679759641792558e+00,-1.477401727196689496e+00
-6.597337558502384347e+00,-4.186782772143457620e+00,1.075476288782298173e+00,-2.902021936800739166e+00,1.924044249442101062e+00
-5.981258497545787201e+00,-5.164111906050248280e+00,-1.491182302554418193e+00,1.531873048582844010e+00,-3.296954353851987651e+00
-6.596160878698077212e+00,-3.898420905027183192e+00,2.778403502230113453e+00,-2.613805583062948745e+00,3.065919218172003191e+00
-8.114386359330467258e+00,-5.428912314930004257e+00,-1.264103585222404291e+00,2.651616579899623627e+00,-1.951511591184439176e+00
-7.909732051347571513e+00,-4.462707649521891362e+00,2.182368670503292307e+00,-2.914050114559826987e+00,2.538095638290562395e+00
-9.423530500491560602e+00,-5.350703646278819114e+00,-8.074772273847131698e-01,3.108833240676410536e+00,-1.564777845094112774e+00
-7.976629857227519160e+00,-4.431478002902690783e+00,5.092489119245444673e-01,-2.912644888137576604e+00,3.137433170973972452e+00
-1.011011844224056411e+01,-5.008730772222945049e+00,-1.212887475834187434e+00,3.664306798759657369e+00,-7.376715281226239318e-01
-6.567319604047821002e+00,7.656780375157572038e+00,1.185351604941712012e+01,-2.231162877373835229e+00,-6.652105262093594984e-01
-9.281922105685193713e+00,-4.659966275032660477e+00,3.115584017303598685e+00,3.843049693548617363e+00,-4.329779735069026469e-01
-8.662606048782317103e+00,-4.879913772864976629e+00,-1.987770878410978437e+00,-2.667652565883579463e+00,2.531668640753569122e+00
-1.000572846225053425e+01,1.471345572126636547e+01,-4.144724231450417129e+00,4.634677289845270387e+00,2.516792811384832018e-01
-9.274804958548582334e+00,-3.961670684205397919e+00,2.773298601194988056e+00,-2.066101898753050836e+00,3.822539116708582707e+00
-8.232992669382374729e+00,7.859519119951476007e+00,1.161071990934078002e+01,3.662701985818830330e+00,-4.072644014351822328e+00
-9.588664967904945158e+00,-5.832487872624241732e+00,-2.098227020905106155e+00,-2.876639039894021810e+00,2.013219123051622983e+00
-1.065833513252799847e+01,1.397095332708711446e+01,-5.816592552349892031e+00,4.106294763207781529e+00,3.874487317691949206e-01
-9.551495833717957851e+00,-4.830113128960002555e+00,-1.192856761202075067e+00,-3.051602688421499732e+00,2.298984252700104758e+00
-9.856368865392479250e+00,-4.056057085247780414e+00,2.810689107438060219e+00,4.446857931912243878e+00,1.269962075234696841e-01
-8.444142355763418095e+00,-4.699263364657992881e+00,-1.997570887472535528e+00,-2.998815439628360391e+00,2.047203825094229490e+00
-9.406567767419593551e+00,-4.691725308997264143e+00,1.688777716058236233e+00,4.044990211591120932e+00,7.102438690387380404e-01
-8.948170483655964347e+00,-5.092385354064983716e+00,-2.151206290063852666e+00,-2.664779842558692824e+00,3.191720163211134498e+00
-1.002971064374927046e+01,-5.336670344617921558e+00,-6.749445684023146486e-01,3.985999843248289487e+00,-1.385267083367512475e+00
-6.618845632511990651e+00,-1.270510554585212226e+01,1.027704910545786809e+01,8.020653495459658666e-01,1.198923386803615010e+01
-9.106591908477779995e+00,-4.131613857455233685e+00,3.080824423886328933e+00,3.466254564486605183e+00,-4.639338279992649694e-01
-6.504325952191869931e+00,-4.370001726903376849e+00,-1.901889401830028969e+00,-3.805104484811646870e+00,2.463279353119194770e+00
-9.590849167922668173e+00,1.375068795225002205e+01,-8.890805641601637888e+00,2.999740576139312331e+00,-1.367436767478392490e+00
-8.637551685980717764e+00,-4.876297912794128386e+00,-1.345746944263567890e+00,-3.201232026980581402e+00,1.114936665657450865e+00
-1.001014315481074135e+01,-4.927794333142819561e+00,-1.280489735571773258e+00,3.758336502042304073e+00,-4.828116012050593930e-01
-7.279982506801650821e+00,1.642046469036604961e+01,5.551849617182912588e+00,-7.350954256146922106e-01,5.790620390671526785e+00
-9.976903841018181396e+00,-5.289659332768551714e+00,-9.080130670670650828e-01,3.220971503776125289e+00,-3.771625385723989532e-01
-1.003627402197300178e+01,-4.790397684506279674e+00,-2.981070771068604852e+00,-2.971541730842278461e+00,2.513655357509247956e+00
-9.159309047096041212e+00,-4.532505714730308277e+00,2.983548158546388773e+00,4.325488634402653965e+00,-1.976414370771213125e-01
-6.484045906654730906e+00,8.332944968444021328e+00,1.161414862280707005e+01,-2.033654516111338406e+00,-1.404674398977078909e+00
-9.518223465473884204e+00,-3.901631325166704300e+00,2.450866168330684935e+00,5.112774511564682989e+00,1.744201153411501504e-01
-9.639319968311689024e+00,-5.943804641412329559e+00,-3.253624430506905529e+00,-2.215756861592760085e+00,2.947314741947396399e+00
-1.129382781619227671e+01,1.355200321345647119e+01,-6.475033535112146410e+00,4.135401208328703504e+00,4.586991775197181154e-01
-5.232520152553738590e+00,7.755530187534822595e+00,1.487440381359071750e+01,-1.721819292642200905e+00,2.353687401931237599e-01
-1.113905107297885166e+01,-5.334651955869700757e+00,-7.337923400771754201e-01,4.624579065585889381e+00,-1.894052702619623552e-01
-7.136151386601672364e+00,1.675605612912503872e+01,5.467529533016354470e+00,-7.446159751849902586e-02,5.815394557584271595e+00
-1.056806906711882021e+01,-4.876773551064000678e+00,-8.377365731006746197e-01,3.954972582112616486e+00,-9.176357608194788407e-01
-1.020435137357802624e+01,1.451079685793747664e+01,-5.747680077740453086e+00,-1.581949889386440322e+00,3.553595936154479329e+00
-9.637284694662714202e+00,-3.977068802093428612e+00,2.627283737071845149e+00,3.541036415018882444e+00,1.894505815405424232e-01
-1.058049926638238603e+01,-4.849600725446433280e+00,-8.946148387825991755e-01,3.457822322596437736e+00,4.272025346187041661e-01
-8.663203782680625409e+00,-4.047311494131628606e+00,2.360678134610197265e+00,-2.237188743280704717e+00,4.087139092967251308e+00
-1.080517822039133691e+01,-5.245188185126375302e+00,-6.755385385956512723e-01,4.491696456242681990e+00,-4.183167699781303317e-01
-1.032405908197443445e+01,1.354711881052019784e+01,-7.079693341166670706e+00,-2.000720971577291341e+00,3.566921033855506185e+00
-1.188565013066694931e+01,1.458051164770196628e+01,-4.852660056169100677e+00,5.066993570726902263e+00,1.676411128280269391e+00
-9.584065279680858751e+00,-5.861956378284962632e+00,-2.023232873565377510e+00,-2.187814408137320754e+00,1.791688480276772300e+00
-1.198389816816212949e+01,1.341161647284844527e+01,-5.943392937187872427e+00,4.782377549477095258e+00,4.661065829423173268e-01
-9.327235755547819807e+00,-4.724658702299325164e+00,-1.137498899624864501e+00,-2.183819908242278451e+00,3.002393261192404239e+00
-1.128508349947239076e+01,-4.732069987816329260e+00,-7.397755063280356813e-01,4.628002182639177065e+00,-7.032948667617182625e-01
-7.387283193528498160e+00,1.655182860146381429e+01,7.166593678148678315e+00,3.334118962291288679e-01,6.328037966537003456e+00
-1.086317331645300222e+01,-4.776379987385602988e+00,4.149649819473739121e-01,3.974230626449391846e+00,1.480946025221603624e-02
-1.096706795888536590e+01,1.373178070809644069e+01,-6.978297909423050172e+00,-2.344672319198080945e+00,2.617863591381842880e+00
-1.131412610560826160e+01,-5.461181438650735132e+00,-9.395421707317016535e-01,4.481282300707466248e+00,-1.941266650980008057e-01
-8.261389449660448747e+00,-4.597483759978963747e+00,1.838590195713307063e+00,-1.729040836503649814e+00,2.828098402701184622e+00
-1.054357757265853657e+01,-4.938536944744720714e+00,-1.374557693463637875e+00,3.254607068995017727e+00,-7.673599739579476386e-01
-9.795457365992177756e+00,1.377547457074509474e+01,-6.312658945147585854e+00,-1.688860654096951963e+00,3.727244119323524174e+00
-1.038027483854143540e+01,-4.556815701409697716e+00,-6.423590790547926144e-01,4.149789766925696455e+00,-7.150519262747246918e-01
-5.675170448778055210e+00,8.534479699552425913e+00,1.634544842920239915e+01,-1.545955234619223129e+00,3.045897912559785148e-01
-1.112900799662888751e+01,-5.203054970272414259e+00,-2.507060986348410125e+00,3.554631450537347082e+00,-8.386774324305095174e-01
-9.555718453687351399e+00,-6.313840532927716076e+00,-1.176947057126857210e+00,-2.422937719821258717e+00,3.053759219582243389e+00
-1.087194543518113399e+01,-4.117076194115063537e+00,2.485336243643052612e+00,4.235017078046547923e+00,1.060693268893763141e+00
-8.242360974693941245e+00,-4.640911242007542015e+00,1.099939769783695231e+00,-2.244775191213379539e+00,3.856451650975392109e+00
-1.049456627832701194e+01,-4.182780019024593621e+00,2.865300776747055522e+00,4.735184484935854421e+00,8.843402093188886814e-01
-8.094112105120707668e+00,-3.518904934348808577e+00,6.878365783568377800e+00,-1.821083535588513769e+00,4.466949871834260399e+00
-1.194306187800346208e+01,1.323875635090985448e+01,-6.718605111178211686e+00,4.050788305925021149e+00,2.143701110163572232e-01
-8.679447805217353817e+00,-4.018465139200773528e+00,2.068965347018870915e+00,-2.315187074165290237e+00,3.020308618635982434e+00
-1.070708608865592026e+01,-5.274741008504858719e+00,-9.754840441571551723e-01,3.966634767997371913e+00,-6.113602180259967156e-01
-9.092646713179123097e+00,-4.087040741942307598e+00,1.908516941888787510e+00,-2.306517821443705873e+00,3.366944414800620677e+00
-1.157268584157234415e+01,1.443610754204837932e+01,-5.255277725332184069e+00,3.796563016197960660e+00,4.148016962969614529e-01
-1.076398280891694270e+01,1.366800237139985974e+01,-7.411344228031349068e+00,-1.949306957076956559e+00,2.956610557052731014e+00
-8.142579426865816927e+00,7.788421165607908314e+00,1.334947083144412261e+01,4.599538292761499392e+00,-2.942648471102605523e+00
-8.347464283890229098e+00,1.633765968580670602e+01,3.505923174870608783e+00,-3.451899248460783554e-01,6.466406717301328655e+00
-8.682926496165700669e+00,7.303664291459027957e+00,9.640332627307605762e+00,3.956289659032372175e+00,-4.299953077585641381e+00
-1.025825393252819673e+01,-7.135064452790371270e+00,-5.800696523612614897e+00,-3.362200042442154757e+00,2.619022511648129381e+00
-7.758246471440330083e+00,7.850660905630990172e+00,1.477231871036369171e+01,4.443526569985743357e+00,-3.804243784694095076e+00
-8.081744084394001604e+00,1.568083201899040091e+01,7.019059145695305979e+00,-8.744035140191216970e-02,6.930971307937559445e+00
-7.486913007761793359e+00,8.257095000237274718e+00,1.414454455007034639e+01,4.132738575724529184e+00,-3.622636769211057484e+00
-9.241792780821741715e+00,-5.236244606165273652e+00,-1.100760161589811714e+00,-2.400576937633223551e+00,2.795434980371465983e+00
-1.070059701915041472e+01,-4.331638949528810123e+00,2.400635961927385154e+00,4.205174480713996132e+00,4.837576970185143987e-01
-9.962380202165730836e+00,-5.158175800713364900e+00,-1.970689235714863763e+00,-2.330525527837258082e+00,3.115903593532046045e+00
-1.195881547300605163e+01,-4.400385320074391871e+00,1.691208812690581764e+00,4.815233654929105711e+00,5.586836090957640888e-01
-9.646389403034330456e+00,1.392371269170648773e+01,-6.216804014270837619e+00,-1.993397378516810425e+00,3.765551993438718714e+00
-1.109764176179228023e+01,-4.874343253129305609e+00,-3.052933365898578000e-01,4.565898206688653538e+00,8.229075955558036448e-02
-1.019599004931929187e+01,-5.651856196012843725e+00,-3.148366024770160365e+00,-3.094057948181804463e+00,2.323108547707812832e+00
-1.021552983134170489e+01,-5.519647384003956603e+00,-2.532047279881811441e+00,3.419458146359487305e+00,-8.118415939119247859e-01
-9.859079478919719364e+00,-4.979558411694398501e+00,-1.650231212249224866e+00,-2.351100164142139626e+00,2.244979371239252952e+00
-9.184523885367147145e+00,-3.567828878952429061e+00,6.029460942157824022e+00,4.625044993287132478e+00,1.348904820471641841e+00
-6.113742945203158641e+00,8.591438925519190306e+00,1.549919107117620953e+01,-1.043588557969633790e+00,4.508095428458144260e-01
-1.138706344076902788e+01,1.413257857066848011e+01,-6.722511819583840698e+00,3.697615807123009191e+00,4.758124882223231933e-01
-6.680175137980111089e+00,1.646267021054620372e+01,5.984473142696167258e+00,-1.979413729924083820e-01,5.814034996103181641e+00
-1.052311656004574658e+01,-5.331666817953133020e+00,-9.561229967371817073e-01,3.545390045719990724e+00,-9.342027164818444973e-01
-9.200376057490373682e+00,-4.749641063088740900e+00,1.342386170480369678e+00,-2.046126486937420719e+00,3.135182745195563836e+00
-9.922384049564559660e+00,-4.935100057271910146e+00,-1.273756955738692742e+00,3.164785737259850240e+00,-7.661951971820798457e-01
-8.657766362537959282e+00,1.380126986387618793e+01,-5.822963343070174602e+00,-2.657893333804387748e+00,2.651881212589622283e+00
-1.005142303107606772e+01,1.287595409885405928e+01,-7.530114685284265974e+00,3.073705232118377761e+00,-3.555346024032273178e-01
-7.504134880274919261e+00,-5.152730768444028442e+00,-3.386363075938406464e+00,-3.293814517871521463e+00,1.019918351652715938e+00
-1.000388234281404642e+01,1.360056953423392478e+01,-7.518414508908117355e+00,3.653324375357685394e+00,-9.554150403815491188e-01
-4.191262418621550800e+00,7.964666783004303419e+00,1.299713063012826630e+01,-2.510256272638938579e+00,-9.502573536396357046e-01
-7.623600147571881536e+00,6.986040912765048461e+00,1.133004769864683681e+01,3.900769561697374765e+00,-4.820680520459051266e+00
-8.319589055990073589e+00,-4.379134725652972904e+00,7.767262205822850207e-01,-1.900521412445518088e+00,3.096814388900778869e+00
-1.090736367710669086e+01,-5.568114254606646440e+00,-1.789906298838700227e+00,3.750360409076823665e+00,-5.606121958243731607e-01
-5.044100764653533631e+00,8.021950372538247720e+00,1.029828421859161658e+01,-2.443818042413403280e+00,-1.708822310015304158e+00
-1.030425164165426288e+01,-4.133897731113068019e+00,3.501830648460240170e+00,4.954260966402044275e+00,1.002819086583443875e+00
-5.313418594047931265e+00,8.020539815002518225e+00,1.570357548008491477e+01,-1.875736512541185119e+00,-2.523615381027072280e-01
-1.134129400424246548e+01,-5.695060918302104369e+00,-1.157474861141525757e+00,4.234579924018929020e+00,-1.017979484033552096e+00
-9.353556014382405692e+00,-4.454360741532130241e+00,1.120874984599609103e+00,-2.057456901817005690e+00,3.259994476503563998e+00
-9.600466391975841063e+00,-4.750650100025676892e+00,2.514475173506536709e+00,4.562804255921212082e+00,-2.241524365029317067e-01
-9.514427435423053581e+00,1.338066439288496312e+01,-7.402852726605249956e+00,-2.434184155408529726e+00,2.437317221462944605e+00
-8.343578101176577277e+00,-3.899906632864834410e+00,2.474229771314259807e+00,3.557406059248941599e+00,-2.693232613470790127e-01
-7.778957773994868319e+00,-5.185196016052243451e+00,-2.719744631538835833e+00,-3.225493985369828565e+00,1.817156992555023054e+00
-9.390386800664467515e+00,-4.571985787312033978e+00,1.466832511116395343e+00,4.376015308129810322e+00,-5.708876534377749223e-02
-8.975720309135589048e+00,1.434250243876020292e+01,-6.108909755269529285e+00,-2.207941957856388804e+00,2.770859137760551150e+00
-6.901874267014377118e+00,-4.175402415032771763e+00,1.768661306608150241e+00,2.974822638241592543e+00,-1.472469226683561283e+00
-5.145429152452195787e+00,-1.214485180516581764e+01,1.220231406338440827e+01,1.255809386862188459e+00,1.241581516345519631e+01
-9.914572496290793069e+00,-5.204617179569402730e+00,-1.323127349955506071e+00,3.316051895963338048e+00,-7.158436132015488784e-01
-7.918593828551231617e+00,-4.881396380480655495e+00,-2.257623544166333485e+00,-3.072396107219348860e+00,1.601867871523024789e+00
-7.809784109363905102e+00,-4.141712130288422777e+00,3.290319428432214810e+00,3.713011791009834806e+00,-8.247971585882136747e-01
-6.734686423746902406e+00,1.412534828629219419e+01,-7.892131335533132841e+00,-2.708940309982311501e+00,2.175478319074400702e+00
-8.427966808738535320e+00,-4.766462928697481338e+00,2.048090995053409635e+00,4.415185438869902335e+00,-3.074037872040779051e-01
-6.611338802402467962e+00,-4.872802059741966119e+00,-2.590124621105275526e+00,-3.829444465068539305e+00,8.516718047285312121e-01
-7.481284105435957343e+00,-4.563593988077055741e+00,1.661635818856909363e+00,3.618769877302052684e+00,-1.474525343066476424e+00
-6.479673612170684827e+00,-5.364408124742918282e+00,-2.522992444937357082e+00,-3.643340855037919379e+00,4.565898453200060159e-01
-1.090161895067966746e+01,-7.611111276629001665e+00,-1.432978049905624296e+01,8.667129828932347291e-01,-5.210807942529140924e+00
-3.213170573342406300e+00,7.989113225128613216e+00,1.440795609875549488e+01,-3.025818548133154984e+00,-2.325137764440992072e+00
-8.622279446710230388e+00,-4.925331819186460791e+00,-9.767119589673267654e-01,3.834349307888580860e+00,-1.269563456559802628e+00
-7.998930341536182098e+00,1.431885514211487020e+01,-4.542479199309095605e+00,-2.291354346581524482e+00,2.653027721824934737e+00
-8.724159710130905410e+00,-3.631726479229145266e+00,8.110771711580580856e+00,5.021519155951841284e+00,1.479227828637806441e+00
-7.636200892648751903e+00,-4.756585435942155549e+00,-3.256948399579268627e-01,-2.826409287915850665e+00,2.379523377939836593e+00
-7.319958103689029549e+00,-4.960458745949405390e+00,3.850168657181055748e-02,2.728838482112458941e+00,-6.779057720008601073e-01
-2.843899412512661318e+00,-3.279418247828057353e+00,7.138900293853695622e+00,-2.421793014653503828e+00,3.225026179750605682e+00
-5.015687816622406814e+00,-4.241174023554359351e+00,8.983858590991604665e-01,2.726225453691062839e+00,-1.818598069783237126e+00
-5.165508312756226239e+00,-4.469748470346766034e+00,-1.207096310875235279e-01,-3.944620461166380210e+00,1.199626997088609315e+00
-1.030996580725187961e+01,-8.001767179052777124e+00,-1.302164141227714289e+01,8.324185630452428653e-01,-4.337690230279792836e+00
-5.070591061261090715e+00,-4.005385188290762954e+00,3.014716932771032809e+00,-2.705564794848065446e+00,2.263685708605787106e+00
-7.271162143486814777e+00,-4.924374466483362411e+00,1.670243252801671296e+00,2.645982069796028124e+00,-1.493676075764097000e+00
-5.413992079318771466e+00,-4.683909832171444521e+00,1.806016819062124412e+00,-3.881010261502241043e+00,1.368278575218074389e+00
-7.382212575138763277e+00,1.371903793921048198e+01,-5.132024721572096659e+00,3.754135160805861737e+00,-1.207665517609324501e+00
-3.283925024509239510e+00,7.624885640546179566e+00,1.028140524809964340e+01,-3.146125347683072615e+00,-3.274447626553405044e+00
-6.519078223960698359e+00,-5.252670599105917049e+00,-2.026644395728742332e+00,2.794866102147222975e+00,-2.247347700950791172e+00
-5.485361206628020625e+00,-4.287129043709020593e+00,1.574098236069302326e+00,-3.636778977478573704e+00,1.362458108928546796e+00
-5.543427111751304537e+00,-5.125607973440001963e+00,-1.795367170063295825e+00,1.673760420279581496e+00,-2.527135420006256794e+00
-6.889106470648914460e+00,1.298392541281071466e+01,-8.752668547487008510e+00,-4.004919330980484915e+00,1.898761416207616515e+00
-7.877180023467635017e+00,-4.180210356515912551e+00,2.203727089592406152e+00,3.425568606113374770e+00,-9.451268873823590599e-01
-4.351398426238473505e+00,8.428987192383072369e+00,1.528032216723804027e+01,-2.212138138331863679e+00,-5.850259119637448713e-01
-8.410828805270964992e+00,-4.728279105398640603e+00,-1.176194588137679187e+00,3.090557363084506015e+00,-1.229730626833693385e+00
-6.289997772266179510e+00,-3.928164209301102883e+00,1.748654159047320578e+00,-3.691533248899697917e+00,2.187983822585338078e+00
-7.819878176438466610e+00,-4.540385072737349148e+00,2.745872761694383435e-01,3.455655920354852029e+00,-1.124188142786970435e+00
-4.839769621458488658e+00,8.046337507368997777e+00,1.412376681051422977e+01,-2.256324691025505480e+00,-6.408399668226281154e-01
-8.394410561184177055e+00,-3.672432586089124040e+00,1.989887272227085946e+00,3.678293408005691045e+00,-6.192280832912658850e-01
-7.852827139261631118e+00,-5.023068552345272941e+00,-1.968970663964564771e+00,-2.714548576285335191e+00,2.449164313123674663e+00
-8.579645966111456801e+00,-4.010474024691287553e+00,5.853674200206193667e+00,4.949652020296258392e+00,8.621233192437112169e-01
-5.518120461937940924e+00,8.438849421592909295e+00,1.017489623116782660e+01,-2.718465668919653577e+00,-1.560747888648107873e+00
-1.030385745867183189e+01,-4.447881526713386435e+00,-1.223149439359786594e+00,4.331789677971983110e+00,-8.093370098798631229e-01
-5.707558459907643211e+00,8.377133960330588991e+00,1.451757218070612332e+01,-1.842184543957627652e+00,-2.642623420355891817e-01
-9.460773018356359643e+00,-4.977023426371918191e+00,-1.380152215503722024e+00,3.912384908092432223e+00,-1.606610970780337766e+00
-7.720571680463299558e+00,1.341374469445205087e+01,-7.270206406791448472e+00,-3.132932676846979181e+00,1.864022290662832537e+00
-6.986073548496889885e+00,-4.842958640852004670e+00,2.317746092558451210e+00,2.898897690659667070e+00,-5.269290788317677610e-01
-8.745779243391250901e+00,1.374576146083549766e+01,-6.985669068309751317e+00,-2.212186977010160316e+00,2.830602638600954180e+00
-9.808448911718354424e+00,1.374725311278467998e+01,-6.571237910778453539e+00,3.689406870890778567e+00,-7.931098852786861997e-01
-6.335687074757797355e+00,-3.829868801747143614e+00,2.609166569021351023e+00,-2.001883704509290318e+00,2.833677930086963670e+00
-7.144005840188967227e+00,-4.802095515077444254e+00,-7.532262224600936307e-01,2.224355040837501907e+00,-1.955410230852005160e+00
-5.099593773824214082e+00,-3.998336140536810746e+00,1.708514126860253279e+00,-3.449370115572588436e+00,1.567860781999423692e+00
-8.865095060266327209e+00,-4.748309700528640320e+00,-2.026367253539205660e+00,3.476451265523337497e+00,-1.262911180109192344e+00
-7.779183814453358714e+00,1.365772732467493178e+01,-7.208343518265926342e+00,-2.680832733259657541e+00,2.413567705793273621e+00
-9.575384871653897179e+00,-4.825690337389177742e+00,-1.391272263527993047e+00,3.934169926005580464e+00,-1.755096882420484006e+00
-7.580118523884820547e+00,-5.468137874246529861e+00,-2.106157447482942757e+00,-3.503769428309678080e+00,1.726511204308186720e+00
-6.848323281337279411e+00,8.052726536761012355e+00,1.477510507157475494e+01,5.332683138702692283e+00,-3.590674501746924374e+00
-6.678995423782682295e+00,1.686919951935130868e+01,6.460748044879654373e+00,-3.978453316959327246e-01,6.052752899059563596e+00
-8.679172971217548493e+00,-4.648845605109333867e+00,3.950895015325612825e+00,3.843484047114503088e+00,-6.112557897900978698e-01
-7.443087903986133291e+00,-4.697993852982750518e+00,1.093409323297339419e+00,-1.802096170725899338e+00,3.500047462898024708e+00
-1.004944174932498413e+01,-4.829449824463946328e+00,-1.481535134028736600e+00,3.082515533829849108e+00,-1.488379821837702455e+00
-4.951204150879712884e+00,7.577724087037976730e+00,1.382243020799057298e+01,-2.134645066655960655e+00,-1.076508896345663269e+00
-9.200170729906664846e+00,-5.599054264958946980e+00,-1.665050742663463756e+00,2.834882629681896304e+00,-1.629794697601912645e+00
-7.300935433721989831e+00,-4.527501808472373490e+00,-2.155024012017096258e+00,-3.115092979936917139e+00,9.660348356767074485e-01
-8.594167637066096432e+00,-4.882212784665534322e+00,1.706758050665474702e+00,3.683906641093162460e+00,-1.153694217531200827e+00
-3.351217590049623052e+00,8.908041199304550517e+00,1.882482793176390956e+01,-1.586902211809411600e+00,5.611521736782661973e-01
-7.826982700550127348e+00,-4.553508222416369655e+00,-8.543053150814934327e-01,2.475029517457493888e+00,-1.708081228977337940e+00
-6.613081245136961606e+00,-4.574918233938548795e+00,2.490911846114155781e-01,-3.163751927199554448e+00,2.598161820048643378e+00
-6.564657376427370572e+00,6.802591959720818870e+00,1.101918555927562515e+01,3.604368923203371544e+00,-5.073483352077543529e+00
-7.935037167906459743e+00,-4.656946009843327516e+00,7.292469477090980368e-01,-3.173922473235887498e+00,2.563785387056527032e+00
-7.499743202719148627e+00,-4.641525950376770737e+00,1.776287470661614298e+00,3.179017578392107080e+00,-1.530635049649655022e+00
-1.722680945846004175e+00,8.211697559895648979e+00,1.509594258823239166e+01,-2.997716162842822829e+00,-1.929046776626515136e+00
-7.050893534471246227e+00,-5.559368958325013210e+00,-2.563390670873952892e-01,2.701610388779215555e+00,-2.276728300384742720e+00
-5.531045123975837363e+00,-3.984467332424390662e+00,2.334174243462271647e+00,-3.633457499145311687e+00,2.398539863143408279e+00
-7.997067159850959506e+00,-5.329238906013606503e+00,-2.813304787178826150e+00,2.508495724806605764e+00,-2.205218941131305677e+00
-7.052552435052368729e+00,-7.370715020070057300e+00,-4.713164913101108411e+00,-4.275811991290802361e+00,1.339111264785918909e+00
-7.765838946626717920e+00,-5.218625872638347651e+00,-1.249047191411490010e+00,2.492810355907078002e+00,-1.473851245912279229e+00
-6.439688612780462229e+00,-4.997191824628985479e+00,6.055284761115510284e-01,-3.713811061712157358e+00,2.143681911013050723e+00
-7.545199290050795149e+00,-4.030401499794031395e+00,3.585241339591106247e+00,3.526098972993234604e+00,-3.745671544029649525e-02
-6.314557480360862840e+00,-4.925782192769988299e+00,-1.841647872986761802e+00,-3.903985105224489605e+00,1.537109143329444594e+00
-8.299125372848303428e+00,-5.121687360702309455e+00,-9.671837865961668834e-01,3.384193681856373370e+00,-1.645387783607454635e+00
-6.412566508526201581e+00,1.381478572068555444e+01,-6.799408845790898326e+00,-2.879667480660204060e+00,2.129216664856192320e+00
-8.482727536686294201e+00,-5.134702788484768909e+00,-8.328699437385121973e-01,2.698465630841996976e+00,-1.919302234419060671e+00
-3.913517674634858334e+00,8.050912441578109480e+00,1.302806447935436474e+01,-2.347768977110670008e+00,-9.369890457566111275e-01
-7.199180348141993591e+00,-4.685068687683668465e+00,3.066579109904066236e+00,3.555708291790996789e+00,-8.463414215958450226e-01
-6.043820658902515852e+00,-4.821012888507955729e+00,-1.813212897484943298e+00,-4.248776489156414371e+00,1.657299066254660280e+00
-5.028844305122357916e+00,-4.172668420377414478e+00,5.661263591916962490e+00,3.330197170778029570e+00,-1.007018093253795099e+00
-4.586278439138362195e+00,-3.141234627888279007e+00,5.871943361546879459e+00,-2.579974968235873245e+00,3.508658730474828680e+00
-7.469696442382367074e+00,-4.378522860093941205e+00,1.514864849018477733e+00,3.368455084671661659e+00,-1.493069724158260669e+00
-7.645588197348468285e+00,1.352953133257368812e+01,-7.228197661402958829e+00,-2.987896096200628904e+00,2.076605380159583625e+00
-1.017715803820356335e+01,-4.672511800622304534e+00,-1.472587627964179413e+00,3.630893831547511663e+00,-3.396802943502967853e-01
-5.655953946880524441e+00,-4.868367911273382198e+00,2.517215478493939340e+00,-3.391782150342542934e+00,1.548970100866688293e+00
-6.594470754592089534e+00,-4.764491768072115718e+00,2.563064406675779616e-01,2.830318207330473790e+00,-2.785130465167106273e+00
-6.826117512338399251e+00,-5.008157410750062155e+00,-2.165235611623422596e+00,-3.644370832294438145e+00,9.620259656532179626e-01
-4.767656540957196931e+00,-4.532052641219096678e+00,1.482447972126930580e+00,2.598585931541717908e+00,-1.066596446877975390e+00
-7.167511077115241491e+00,-5.314687335099959498e+00,-2.201353878141411702e+00,-3.812750747284102903e+00,2.319920932922729051e+00
-7.406145115733401063e+00,-4.419461605409034100e+00,-1.070737655857800785e+00,3.229633581908226692e+00,-1.662368254213345997e+00
-6.135452256243012492e+00,1.423444455106859330e+01,-5.799642782037788713e+00,-2.799576467596456730e+00,8.961525832885440801e-01
-7.283210550370247560e+00,1.409366662890947097e+01,-5.957257673191842962e+00,2.664418007882695338e+00,-1.213235887829621884e+00
-2.960873948551062007e+00,-4.527238550302285169e+00,1.946766503752077604e+00,-4.667611237374853062e+00,1.697775923736190462e+00
-5.359782654638850730e+00,-4.192505325308912845e+00,2.637703655835713423e+00,2.590638754321607617e+00,-1.471041194139186548e+00
-6.432689533907143264e-01,-4.712467552739015630e+00,-2.184779702127272127e+00,-5.447010961749094271e+00,-3.943112415152582595e-01
1.698106954607220942e+00,-3.734627073327808855e+00,1.201509795511642498e+00,4.231106657311707875e-01,-2.862537003351363740e+00
1.764637923408130193e+00,-3.712310755810965368e+00,1.886326645009324343e+00,-5.089334652432134121e+00,8.331235178068557845e-02
-7.941824826193137898e-01,-5.081665249443802601e+00,-2.417784684374673976e+00,9.098516839694795189e-02,-3.489469604831029859e+00
-1.042226322962098051e+00,1.389795774995387667e+01,-7.757655645448382487e+00,-4.630922524580357802e+00,-1.565707037308966265e-01
2.849593556625400037e+00,-5.568190504708342203e+00,-1.494780758084335304e+00,-4.574892175378401926e-02,-4.342381244997752354e+00
6.349352214003012307e+00,-4.157288484115832183e+00,-4.231734624607072170e+00,-5.566773529467397452e+00,-7.532498590854928011e-01
3.648145117191857079e+00,-3.882386128344156528e+00,2.405756206307305245e+00,3.297225784721428132e-01,-2.651013192088136350e+00
-1.778234749049240282e+00,1.410000380061362790e+01,-6.135553289946311217e+00,-3.788803733375974758e+00,2.286088265550898502e-01
1.016786159562686365e+00,-5.418361497420413286e+00,-1.901330072230500878e+00,7.969063157868865321e-01,-3.362497535000400273e+00
4.915436721135330700e+00,-3.935996354535264086e+00,1.408099003452853992e+00,-5.181490537750898184e+00,-5.562087036657538119e-01
-4.544028734261682523e-01,-5.167808890470839245e+00,-3.272755790427480882e+00,1.150087911260428974e+00,-4.200110835075784088e+00
-1.886070284215389581e+00,-4.646553998582544587e+00,1.187325603448707412e+00,-4.687937409809576295e+00,7.886635858796628984e-01
-4.732406320153738299e+00,1.354485517525474947e+01,-6.370250868972544112e+00,3.041023941023954791e+00,-2.200183485812406303e+00
-3.260433555844696851e+00,-5.775340702745441313e+00,-3.195778516900011912e+00,-5.034153521986370450e+00,-2.527000254206230312e-01
1.624717073219979491e-01,-3.464781677027971796e+00,6.193725844155389737e+00,1.321056005667530675e+00,-1.976779354655975096e+00
2.478769401379603110e+00,7.874229126205524842e+00,1.069166500243483675e+01,-4.798935681546895538e+00,-3.992641607072079157e+00
1.684858615096899381e+00,-3.710288935819982203e+00,8.905491845357061953e-01,7.642177251614250544e-01,-2.840362501908453297e+00
5.061222942379125733e+00,-3.266095374419897723e+00,6.099143624739692626e+00,-5.503097676893709433e+00,1.412475177281761862e+00
-1.272130395430399075e+00,-5.153703835943269418e+00,-2.302246781950510357e+00,7.775309819962394897e-01,-3.259023695861528402e+00
1.871516480918426595e+00,8.312240823873658258e+00,1.463720850932732098e+01,-4.556540876144160812e+00,-3.086873693203692426e+00
1.245579943926523603e+00,-4.647030098306222712e+00,-2.622219506793818322e+00,-4.907658612941211973e-01,-3.711239967105489423e+00
3.073428443587260528e+00,-4.495428151512747661e+00,-3.089511308149567093e+00,-5.258218914480441875e+00,-1.032307186295747359e+00
2.105413903787414220e+00,-4.493792230764996454e+00,-2.215854780115400491e+00,-5.585159839093529754e-01,-3.752614878705875956e+00
7.033475254828859491e+00,1.378952609179588862e+01,-7.938320423499022560e+00,-4.584654145904448974e+00,4.089887518789886434e-02
7.198072679383788142e+00,1.366110073826063598e+01,-7.770743342001544818e+00,4.252128073827585175e-01,-1.917160168706812051e+00
9.634084225095188359e+00,8.556450984257709891e+00,1.329261868285964177e+01,-4.475719289420507785e+00,-3.662236718443447892e+00
-2.126320487899693024e-01,-7.899996644737893092e+00,-1.508065445435350327e+01,-2.629216797080685453e+00,-6.305950178194032141e+00
8.169013107441601695e-01,-4.091783324464109306e+00,5.300916431409755658e-01,-4.971180969906895619e+00,-2.006510583666461511e-01
2.067353547047521833e-01,-5.056243890305409217e+00,-8.001197521082051844e-01,6.394376924665982065e-01,-4.107659017307500271e+00
-9.831651274169398436e-01,-4.726779355108105207e+00,-1.089005089756456712e+00,-4.864946469459231260e+00,-6.782238931300921259e-01
6.196269279457179702e-02,-3.522746673602447309e+00,2.408543528748125606e+00,1.257245813029299164e+00,-2.808557122032572018e+00
-1.078549734297859608e+00,-4.168335002722270310e+00,-1.403419313793822232e+00,-4.673372241690290529e+00,-9.436292599177810159e-01
3.349268417135820020e-02,-4.024966875531809762e+00,-1.459792391223513786e+00,4.801993913864023300e-01,-3.459293845186277139e+00
3.337346937734194885e+00,-3.738366746542872932e+00,1.587308218837927942e+00,-5.383861177142959420e+00,1.908866529916559696e-01
4.615905844743987352e+00,1.478311909507680788e+01,-6.413701582904670850e+00,8.757078874832497917e-01,-2.823567963141941473e+00
2.532574741224174808e+00,1.460123531241863581e+01,-7.406442235783176287e+00,-4.101747013191808122e+00,-2.466527287417803749e-01
4.753098800368300125e+00,-4.436865191228239524e+00,-3.280071542879685165e+00,-1.202950837133848205e+00,-4.275942701976563676e+00
2.529524516931301203e+00,-4.188086168384822727e+00,-2.707927187899717314e+00,-5.391485980451035331e+00,-1.033146112884261392e+00
-4.716758335590063855e-01,-3.991404136902727995e+00,1.726496610730003933e+00,9.713996765942147782e-01,-2.845785315400417126e+00
-2.513846164987346699e-01,-4.677740275797324543e+00,-1.728327910407083223e+00,-5.045516779181997258e+00,-7.467132183701846726e-01
-5.006205708664067444e+00,-7.615502288125947317e+00,-1.354537030713653500e+01,-1.040469793488268513e+00,-5.870911837648151277e+00
-4.747897818331545672e+00,-3.975606632892454861e+00,2.737283599038457638e+00,-3.152188162680370720e+00,1.360987115882315912e+00
-6.970382300043945101e+00,-4.891716520154978376e+00,-2.920987758593462380e-01,2.845715943587517227e+00,-2.248999221341954069e+00
-1.007579337374503003e+00,-3.836611860541552677e+00,2.547341755560442067e+00,-4.499338558340592265e+00,8.639597365370533799e-01
-4.901477262868344731e+00,-4.116071215584640619e+00,3.291812660140768454e+00,3.129967115970505809e+00,-2.215560890032171493e+00
-4.996653452459900002e+00,-4.066223460263902467e+00,-1.002830032034143448e+00,-3.586023150237429569e+00,7.150457990900572769e-01
-3.976384365487937167e+00,-4.659982545235230589e+00,3.586250016752218439e+00,2.653748854020707704e+00,-2.412025745914716524e+00
-1.867476523717096049e+00,-4.314423398927447195e+00,-1.361070393820695834e+00,-4.598064722904249280e+00,-6.669902217800371957e-01
-4.581122813147030293e+00,-4.633513543646746058e+00,1.092302152402134519e-01,1.781100091086125881e+00,-3.150718822897071725e+00
-4.943184508732392679e+00,-5.529434389261721705e+00,-5.773467044249591673e-01,-3.557224697743352593e+00,1.634900747699707058e+00
-6.124779073623655812e+00,1.505832639837006326e+01,-4.761331644761179760e+00,2.550408408434828189e+00,-1.370603294264604699e+00
-3.192890029283982356e-01,-3.424257783328907401e+00,2.349714800187802766e+00,-5.212720120697146520e+00,1.636030358550876751e-01
-4.104405123050803184e+00,-4.986614887594106982e+00,-1.981418346298392974e+00,2.525400383901462931e+00,-2.911292617289109597e+00
-2.348184912141312974e+00,1.504511623724506109e+01,-5.329549187741231542e+00,-3.884312213603459352e+00,7.093674250684143257e-01
-4.359829404184346835e+00,-5.487333323439485433e+00,-2.355221983102548489e+00,1.039293304530524376e+00,-3.820768573060091988e+00
-5.293460138403713877e+00,-4.862452880724013937e+00,-2.982411408622551718e+00,-4.384388143638434876e+00,-4.990426632054297817e-01
-7.128245990756188810e+00,-4.410504565231890162e+00,-2.240099430404045133e+00,2.157756657386158405e+00,-2.379930057914922958e+00
-2.548929611147357388e+00,-1.194017963197533305e+01,1.167049737777649199e+01,-2.236825537767745953e-01,9.897656592289278521e+00
-4.637196539114498250e+00,-5.290577482191020309e+00,-2.697087346912259598e+00,1.379887880229947461e+00,-3.603532995100552139e+00
-1.920645835010092783e+00,-4.296117657748999008e+00,-1.534544506648432560e-01,-5.698021093766238998e+00,-5.513091193523480538e-01
-3.654688940862089730e+00,-4.751200312484882282e+00,2.215297355462398254e+00,1.781177055547434218e+00,-3.002885537193352494e+00
-3.162030915284414156e+00,-4.108984576447628712e+00,1.277674132003906671e+00,-4.205331353536704952e+00,8.839305620958374243e-01
-3.440248292058863733e+00,-4.845557992758452670e+00,1.157876890394577751e+00,1.684529347123612464e+00,-3.128869334376224387e+00
7.622779769783669668e-01,-4.592027873933161253e+00,-1.921753082165060578e+00,-5.303718540049586316e+00,-4.490790347273813099e-01
-4.268851666284541047e+00,-3.991200511305885712e+00,-1.134148501051391422e+00,1.289560095778955251e+00,-3.166305546389726278e+00
-4.283720421799686484e+00,1.422526177790208379e+01,-7.177967345943974564e+00,-4.313600146912295763e+00,7.641548692328430370e-01
-5.505769959930962187e+00,-7.989929245571185668e+00,-1.394595590387222828e+01,-1.319226036177147288e+00,-6.010906248946433550e+00
-4.248944590580768788e-01,1.416841491524382057e+01,-6.071970020966271697e+00,-4.908688467404052957e+00,1.890218536682553574e-01
-1.537440944039592639e+00,1.393114243439146982e+01,-6.850568092882234339e+00,1.135128587343473994e+00,-2.807262027831054940e+00
1.362775467378903316e-01,-5.275444417430740884e+00,-2.296959737502207943e+00,-5.886334477894940242e+00,-1.743044962336246728e+00
2.680450509326391284e+00,-4.590545271705994246e+00,9.082427822603047485e-01,6.088615932156192512e-02,-3.375030491483567818e+00
3.399725323667545318e+00,-5.295083087770830588e+00,-3.523927272628188057e+00,-6.411735862975707079e+00,-1.314242249944179264e+00
-3.108711370736008117e-01,1.394554061281325907e+01,-6.098440358751570756e+00,2.267992972969629761e+00,-2.551609376218611391e+00
3.205035718172619674e+00,-4.798229890685480115e+00,-3.505390676604719147e+00,-5.691420888128070565e+00,-1.613111924509008643e+00
6.321155961931820499e+00,-3.260584285670642846e+00,2.868691019824368138e-02,-3.649927378249340215e-01,-2.323278471222164132e+00
6.951948520103504059e+00,-4.561670752171147925e+00,-1.958414678737346870e+00,-6.275609263523934445e+00,-1.122445266524225271e+00
1.649467325521923211e+00,1.394943330915512902e+01,-7.472156676483882265e+00,1.150684508424764552e+00,-3.398142996968203988e+00
7.596660776815152616e+00,-1.127343716627233405e+01,1.448765148068521569e+01,-1.049998102587215598e+00,9.072152780754343837e+00
8.726735134756211210e+00,-4.686428530980233376e+00,1.213383490657015673e-01,-8.559769090049897944e-01,-3.145725879789533774e+00
8.619703996778381949e+00,-4.489305177133108948e+00,1.681947692554188745e+00,-5.151489171233669673e+00,1.626319915879368416e-01
8.968643179680229949e+00,-8.058386917956475770e+00,-1.575688348817283924e+01,-2.823248350473470669e+00,-5.539616893981947676e+00
1.210725756974935052e+01,1.343195695392503985e+01,-6.581634469375136298e+00,-2.738887200981705128e+00,1.846355487725637401e+00
1.592443002123333073e+01,-4.952790756039339826e+00,1.072014079876901116e+00,3.161377971568629652e-01,-3.660115217499999574e-01
1.658452580587717051e+01,-5.911419155659008773e+00,-3.100138557404628958e+00,-1.025658164421663576e+00,2.305780473580670620e+00
1.475772254274974316e+01,-4.323062940259453590e+00,4.987120570141791165e-02,-7.927186559265206878e-01,-1.326015821850205612e+00
1.524328413512822955e+01,-5.956639895794404005e+00,-3.300817356171267036e+00,-3.650314636805398916e+00,8.187969906002570131e-01
1.701927464204974427e+01,-5.094793280126312496e+00,1.246035262045820380e+00,1.580943033264966768e+00,5.789406582718554795e-01
1.784400159585975487e+01,-5.003192430948001146e+00,7.398718183522104974e-01,-1.157936868120614582e+00,2.531570409351538320e+00
1.414471037737297721e+01,1.357614151307087091e+01,-5.813072944692882160e+00,2.829903471250479807e+00,4.974702227593848503e-01
1.614809524899657234e+01,-5.303446469678224418e+00,-1.936276352901528108e-01,-2.023477012704790745e+00,2.392314943775909253e+00
1.734081056290450817e+01,-4.056975627748520274e+00,3.856258181714146804e+00,1.466551219644270709e+00,1.379624850094098409e+00
1.354334979192007893e+01,1.317057053906646047e+01,-8.819593739264600885e+00,-1.661529261272539637e+00,1.122446323676819180e+00
1.848770417090187124e+01,6.649103035167287956e+00,8.106692502719122118e+00,2.224788041585783027e+00,-3.829163455358359780e+00
1.120336108838716171e+01,1.321884905359071283e+01,-1.010316909965489174e+01,-1.907839724905834089e+00,1.347336891430661598e+00
1.563862318474975766e+01,-4.766407011711750741e+00,-2.325015521946224073e+00,1.167118859990988744e+00,4.754226034873460516e-01
1.615896030074585354e+01,-3.855258705214687165e+00,3.563566934924907947e+00,-2.407221049151628822e+00,2.613201203599514688e+00
1.406983189319511496e+01,-5.668402204048993198e+00,-4.667917474077524886e+00,-1.161254737714991214e-01,-2.103914617409108345e+00
1.832201564765817281e+01,6.890414806292091576e+00,8.465096180323957498e+00,-2.154284451071398099e+00,-2.833970254320442805e+00
2.006607344904339740e+01,7.352811859834234909e+00,1.690280069991374390e+01,3.923323447217501148e+00,-6.359040438033294329e-01
1.525174707297662913e+01,6.834808026780911483e+00,8.661806620627734432e+00,-4.250448495668007531e+00,-4.300806574378438718e+00
1.926913039232136171e+01,7.450337259899124653e+00,1.203232134327550007e+01,2.921983361611012686e+00,-2.502084865048475049e+00
1.724631365382769488e+01,-6.931832790437483460e+00,-4.423335991903029729e+00,2.524684939839718201e+00,3.243333956701840659e+00
1.990714987766838107e+01,6.529471981404361358e+00,1.184182173531589299e+01,3.577417264829155563e+00,-1.837357825393989730e+00
1.528108804450428693e+01,-5.347899743293369923e+00,-7.314552363072210905e-01,-2.386375396089908563e+00,8.892312896978089576e-01
1.428650618271900896e+01,-6.004768405075430415e+00,-2.390921905360964494e+00,-3.152553507631457030e-01,-1.878531456902086783e+00
1.513143746260519684e+01,1.225287666190648750e+01,-8.337126340520235601e+00,1.859072757180223912e+00,4.100788544366617216e+00
1.740077173964747459e+01,-6.167908370213683433e+00,-2.949497476488794678e+00,5.121158053007753175e+00,2.386107936795172968e+00
1.750769953631239062e+01,-5.966835914850195266e+00,-2.724162120190375180e+00,-2.453301393892308280e+00,1.742287766176256802e+00
1.609328110147333035e+01,-3.418014678538852102e+00,3.498169719011010148e+00,1.281654269467152663e+00,6.251234887303591670e-01
1.370449571256590815e+01,1.288236788585211912e+01,-1.014325869781206890e+01,-1.652864705494856201e+00,1.487983041940152074e+00
1.914671971616384383e+01,7.120117983953308638e+00,1.575425723325422389e+01,3.578817171450113577e+00,-1.049845402106848846e+00
1.807200986349608129e+01,6.954060667647451233e+00,1.181769795255149091e+01,-2.719457576952225342e+00,-1.368713825884780855e+00
1.374410405124460510e+01,1.311747078887536588e+01,-8.804225520896565627e+00,9.947692166472592579e-01,-1.032268743519277887e+00
1.419994294864432227e+01,7.160897870491176320e+00,8.219494322616030857e+00,-3.992773965949499626e+00,-4.023262014011862675e+00
1.326637301020338633e+01,8.007204029051585792e+00,1.153566438899430402e+01,-3.560026913870474319e-01,-5.948087169171244248e+00
1.036001814801853804e+01,1.350837409834205616e+01,-9.092353244076907259e+00,-3.551776410044828580e+00,3.800750194380190239e-01
6.959013868212781340e+00,1.404597603054235933e+01,-9.717502762981554909e+00,-7.569422538386220145e-01,-4.020473046888151991e+00
1.091669264223320646e+01,-6.344418693370477591e+00,-5.165223552390104444e+00,-5.575402910572313075e+00,-1.451774606737054496e+00
1.121092076540250382e+01,8.306927244867205573e+00,8.547706006438044568e+00,-8.551911374947418487e-01,-6.745633976575824420e+00
8.694982049754077735e+00,-5.172852803452809844e+00,-4.548041821084710890e+00,-6.379556395198100915e+00,-1.438630449408512479e+00
4.929374934644927819e+00,1.417602661633059924e+01,-8.313473343259623505e+00,6.382583391758782643e-01,-2.731176495299192819e+00
5.073043347978240192e+00,-4.974466197491731911e+00,-4.331644495241299353e+00,-6.854724361679803479e+00,-1.591402174926853430e+00
5.169918072021507882e+00,-3.987445296941054984e+00,-1.393859671294290781e+00,-7.879186672180539253e-01,-3.126288525505737770e+00
9.406420571297930522e+00,1.658640272829246953e+01,4.115960534584527153e+00,-1.797331809279528070e+00,2.325912798045818963e+00
7.039678805492326497e+00,-4.653360253801784197e+00,-1.146756603464281543e+00,-2.093969636963552428e-01,-3.303489641656227160e+00
6.158588781301822301e+00,-3.780566472269235589e+00,-9.570082182364046952e-01,-6.070716818251827185e+00,-7.832695313183944963e-01
4.166238729292945364e-01,-4.999379851954578236e+00,-4.203823941023114408e+00,-1.064517964589114296e+00,-4.279206566997332928e+00
1.211047074719720840e+01,-1.296012901191425293e+01,6.500834227553339950e+00,-2.070424322497814718e+00,8.704603250885638133e+00
8.459411985652407040e+00,8.221896720039520545e+00,7.286791109048089687e+00,-1.767137011832592641e+00,-7.591360975086995921e+00
1.121073320054922995e+01,7.254014762520225368e+00,1.196829619628949715e+01,-5.795624319476419650e+00,-4.786294816930272589e+00
8.796447795111486556e+00,-4.455830077193690286e+00,-1.098412074900946722e+00,-6.584064616096185762e-01,-2.698144580672120707e+00
1.059856726286451867e+01,7.263688405383802227e+00,8.356405592599831067e+00,-5.131647593812035169e+00,-4.806179401365861636e+00
1.066307920980307600e+01,-3.220743066228698215e+00,2.221680154060136747e+00,-1.966293246290591989e+00,-2.510267524874621348e+00
7.023733946054558253e+00,1.342437228093380597e+01,-1.029093604527628791e+01,-4.597841037724436752e+00,-2.341314851860746282e-01
4.872304151850062937e+00,-4.274549716940949651e+00,2.662852413189883194e+00,8.755722733422292015e-01,-1.776407444263966129e+00
9.397101157090627765e+00,-3.975523321318043646e+00,-7.526400952126623967e-01,-4.961141122194645092e+00,5.691018009935595590e-01
5.726800629188651293e+00,-3.972011454393484797e+00,-2.936164708682755364e+00,-6.588934221909339417e-01,-3.186289318898944511e+00
1.144935142226590230e+01,-5.162006153389768315e+00,-2.845706483978098333e+00,-5.980060744149502838e+00,-1.111933626703153877e+00
5.867880940511656540e+00,-8.677912717898157879e+00,-1.466274008162336706e+01,-3.548146269213200643e+00,-6.297374702740901498e+00
8.353473683484093470e+00,1.387108355191986853e+01,-8.060274823592594728e+00,-4.512734212197558215e+00,1.446936887025286889e-01
8.162041654347213182e+00,-4.019970521377582706e+00,1.005238336555265066e+00,-6.142557405964786943e-01,-3.275092921971839210e+00
7.341807969314996463e+00,-4.546133341987212084e+00,-2.665970287703737451e+00,-5.697862918407758492e+00,-1.084283914540093985e+00
3.388252858761728437e+00,1.423619054577856602e+01,-7.193303449914599135e+00,1.261010259884473905e+00,-1.959103108320857656e+00
1.344068913955566735e+01,7.739285057555282954e+00,7.838641923698832947e+00,-5.548415620244785629e+00,-4.346459740686246853e+00
7.458740846442824868e+00,-3.889794254507124904e+00,4.696931472655800910e-01,2.958427846567807454e-02,-2.929724272520386030e+00
9.123226055068570872e+00,-5.001939513734014575e+00,-3.427621861392518010e+00,-5.368496910607289507e+00,-1.047438375205592465e+00
3.929929635617698924e+00,-4.079110457090085795e+00,9.913361436351023070e-02,-1.667178210668134042e-03,-2.456880519974466992e+00
1.322449903750465161e+01,-4.224654974943272023e+00,-8.306336800758569172e-01,-3.924719028666399545e+00,-9.674270699591408507e-02
1.257496889443553201e+01,-2.590838794360283082e+00,5.975813191396802893e+00,-8.002180944854767608e-01,-1.590562506554526578e+00
9.836403909677596147e+00,-4.238873334890140399e+00,-4.027804760931491534e-02,-5.680409034177975158e+00,1.182719030201808130e-01
2.977832198782512929e+00,-6.239189698864479716e+00,-1.222341704691209507e+01,-2.255710753029387838e+00,-4.965281990131496848e+00
1.227655225400646088e+01,-4.281369045250247751e+00,-5.737936699082757386e-01,-4.834905504901321649e+00,4.746295879171863463e-01
1.140696120191598339e+01,-4.797311593900642102e+00,6.931100567937439338e-01,4.457851878485944441e-01,-1.149280965497327278e+00
8.730652060888838051e+00,-4.654165561160143127e+00,-3.190351953830124820e+00,-5.851699938127945977e+00,-9.919964470076998442e-01
2.879363700317430386e+00,1.349497776537248228e+01,-8.411271116327931452e+00,1.064961240680034837e+00,-3.141418909117914993e+00
6.019533034552824624e+00,-4.259618080182901778e+00,9.362931617876463219e-01,-5.462489159387070359e+00,-6.430328102153676229e-01
2.153534133348630863e+00,-8.107008125907846363e+00,-1.609216303243229262e+01,-1.796002134400614292e+00,-6.479414802159552345e+00
7.790175657764859984e+00,1.398015073814578813e+01,-8.812034540232749791e+00,-3.897814944283560123e+00,-2.574875987382366227e-01
1.033234245507053473e+01,-4.246865012660069105e+00,1.837643533470952328e-01,-8.988366979981342597e-01,-2.835039066975187261e+00
1.467370243115164463e+01,-5.010145218780886367e+00,3.923274385586827950e-02,-4.513365275291843837e+00,1.456728428934337627e+00
1.173698426609849221e+01,-4.339364178410775708e+00,-9.842656708282726541e-01,-7.421332915699427879e-01,-2.256292720140308461e+00
1.811655048956890113e+01,6.573111124927252469e+00,8.533092011193074811e+00,-2.861357762314912456e+00,-2.812116096520727915e+00
1.326218189302344186e+01,-4.389831825388273323e+00,-6.189827244501726611e-01,-4.854720535676829707e-01,-1.663170664885996297e+00
1.663916426166743889e+01,8.389720825916267444e+00,1.630309222978963746e+01,-3.660836999612242071e+00,-1.311783731352437199e+00
1.350898371257272856e+01,-6.273366328059467811e+00,-4.616582358591173829e+00,3.235209489983457143e-01,-1.896013325126032267e+00
1.278857760692211443e+01,-5.861677917078567113e+00,-2.018087501257638916e+00,-4.447680716375155718e+00,7.978117320116222266e-02
9.840364345643719091e+00,-2.743700604430436396e+00,3.956612080594615222e+00,-9.816307653467704064e-02,-1.471017614115776473e+00
1.800264965752853996e+01,6.358479855660612579e+00,8.238620871934713819e+00,-2.913086397277151907e+00,-2.942044777750783435e+00
1.127763092188918570e+01,-4.282207476020869485e+00,-3.092264523087057349e+00,-1.160592262230514482e+00,-3.404695950665188153e+00
1.286586301703854573e+01,-5.024084634535885385e+00,-3.174339828170559930e+00,-4.451989377423016592e+00,-3.468646815144466045e-01
8.771075422102519781e+00,-5.205326206930354083e+00,-2.876058501942070134e+00,-8.530251840748438452e-01,-3.892889348469785293e+00
1.724521342822654191e+01,-5.184810074625984200e+00,5.382797478292286053e-01,-1.803689790403439241e+00,2.151354754555897308e+00
1.609233546596675168e+01,-5.247581762452198539e+00,-2.830004313885361444e+00,-2.159776884260328905e-02,-7.897997208390874491e-01
1.588961212332904793e+01,7.760695870215009506e+00,1.124571482630648589e+01,-4.186831147267272790e+00,-2.615368478926940021e+00
8.964182105373540210e+00,-4.606172966792772883e+00,4.620201534293055801e-01,-8.379693019632277196e-01,-3.777232444200676387e+00
9.098117416092335930e+00,-4.748748433405235225e+00,-3.892784201906748898e+00,-5.882979703725875531e+00,-1.120971034016515988e+00
5.066469685707173376e+00,1.378827091218905387e+01,-7.502398536473810609e+00,5.766607202813838207e-01,-2.706764640441579939e+00
1.341978797676481250e+01,1.395806696460614660e+01,-7.697169883345804209e+00,-2.255000775246574385e+00,1.568716553904107913e+00
1.374842741987291461e+01,-5.376576727401488398e+00,-2.763338668388068520e+00,-5.077511025384162657e-01,-2.044631445046638518e+00
1.745225825383994689e+01,-5.773308503156404647e+00,3.252655973483306040e-01,-2.874952631695853356e+00,2.507980364904896842e+00
1.397042616306609197e+01,-5.233149047846260338e+00,-3.192609853838722422e+00,-6.797866970370065598e-01,-1.538668099244507870e+00
1.414765041599910944e+01,1.367090009755380642e+01,-9.862919712880058754e+00,-1.827479936633368718e+00,1.767598353590122295e+00
1.955243357376322777e+01,6.225622117294679292e+00,1.206683900807422027e+01,5.396510932112474457e+00,-1.070143924344966191e+00
1.956408204971455689e+01,6.627295288750786995e+00,1.512879247809746985e+01,7.033441337775100166e+00,1.771223761903040872e+00
1.725901523426286843e+01,3.960749113936723020e+00,-1.095615344675895830e+00,2.869345006346271987e+00,-3.660661961784801743e+00
1.863018526237861039e+01,7.163931100437113564e+00,1.196012784045217181e+01,-1.300023935578165313e+00,-8.433279224897554105e-01
1.595763354399505829e+01,-5.778152015239776063e+00,-4.153465590836593613e+00,7.042123332033025651e-01,-4.915963645491172040e-01
1.728246763751652537e+01,-5.178268751162771188e+00,1.924327987883521107e+00,8.524143367484446898e+00,6.201381784062689029e+00
1.668110749320350195e+01,1.258177513081717613e+01,-6.882516683142788416e+00,7.769762179084910514e+00,4.464656548122095003e+00
1.736169268764436779e+01,-5.969672629331189029e+00,-2.254802121108535395e+00,3.160947443253813827e+00,4.504000743964462927e+00
1.763176432436734231e+01,3.601192903785408017e+00,2.684508055423927009e-01,4.155536818486002204e+00,-3.564854807608123011e+00
1.690513115893422125e+01,-5.865633149774844846e+00,-2.486854575199470840e+00,-2.924974531156071533e-01,2.616849550256845625e+00
1.766464142525390102e+01,-6.163116778895630254e+00,-1.825706150046066067e+00,3.107907354594126925e+00,1.748046190608932626e+00
1.447481222847849125e+01,1.277566964211504441e+01,-6.165119047877603897e+00,1.164126994787748970e+01,7.254352455649926590e+00
1.798243633469508040e+01,-6.999628626600456371e+00,-1.755392827579900672e+00,8.254278787503194437e+00,5.048836211837087973e+00
1.769345178974291244e+01,-5.585770982678764263e+00,1.165763722491595988e+00,8.601520156595391597e+00,5.611635234649978266e+00
1.785541485119246730e+01,-6.585048055081336393e+00,-2.384310801661240209e+00,8.340741504102693327e+00,4.242483859296746651e+00
1.548638358285192318e+01,1.309981167681103109e+01,-6.422514565449606749e+00,6.714418101016790263e-01,3.378614508843473807e+00
1.668675023778568800e+01,-4.340556498110053063e+00,3.916455575926450550e+00,1.998928188113459070e+00,1.688115890882937453e+00
1.805436218640721435e+01,-6.312547480529739019e+00,-2.467415827099917802e+00,3.103745298643675099e+00,3.863965788087493802e+00
1.565836063878679241e+01,1.221694096169207988e+01,-6.942193922880850465e+00,6.730287878677531310e+00,3.990708898681102124e+00
1.646702081840391330e+01,-8.114051333803184107e+00,-6.588870943846545813e+00,2.542232133799620097e+00,3.242789072485610102e+00
1.601970265274642813e+01,-5.583123177597752118e+00,-2.645830053315752828e+00,2.215306248987914117e-01,-6.351210007377453559e-01
1.880119954391587100e+01,-5.386785312109977575e+00,1.161623828721660923e+00,1.630008116017078068e+00,4.163867988494049044e+00
1.680544091435810827e+01,-5.938128370707676851e+00,-2.100314392966554866e+00,5.742478222294423729e-01,-2.002991724798350304e-01
1.807926485403431727e+01,-5.645193135478059787e+00,-1.827609662359978016e+00,1.501177276527732252e+00,3.807175095558144928e+00
1.636287310669394657e+01,-6.510709334945741666e+00,-2.248151820304948423e+00,6.074790764332870907e+00,2.325697182295547449e+00
1.714631459902637900e+01,-6.828269139260480181e+00,-2.036360993071538950e+00,3.506700800558084197e+00,4.197823083866872196e+00
1.570783941055915101e+01,-9.491993330817681596e+00,-1.545463936699952967e+01,4.151790314368302148e+00,4.659947003828228129e-01
1.893447084584702722e+01,-5.191070607169677054e+00,1.198518726989683536e+00,2.842051854727980942e+00,5.196118016883636059e+00
1.676396099846973442e+01,-6.517107336485829627e+00,-2.775643550837281648e+00,6.285548079530370202e+00,3.280301450264675456e+00
1.343170669924777272e+01,1.236389044816688809e+01,-7.638246798870597765e+00,1.116371639452592568e+01,6.577404540246568843e+00
1.724093543173167475e+01,-6.575568439979102564e+00,-4.495144675727980044e+00,7.189672354915686903e+00,3.269334446770706837e+00
1.437563548839386307e+01,3.313266704446020228e+00,-3.979282265137263686e+00,1.052304991025821757e+01,-1.101978070439662227e+00
1.631289653471328549e+01,3.023726879243919363e+00,-3.490415241788715317e+00,7.581220207928558885e+00,-1.054661545807696221e+00
1.670011849796297199e+01,-6.497581267908651981e+00,-3.517743529646425227e+00,7.866105637322939437e+00,4.900757710768365527e+00
1.552774797946211471e+01,1.184543365941458681e+01,-9.923070004931084043e+00,6.994550562600631238e+00,2.387177504660633165e+00
1.823661174378662864e+01,5.072304753826905710e+00,3.815855769626305793e+00,4.356935336144768023e+00,-8.688132115189670102e-02
1.646844289876019829e+01,-6.811411907515855901e+00,-3.940719386177450545e+00,3.820661475122272943e+00,8.379944451443271936e-01
1.564447511310831018e+01,-5.806550412934653238e+00,-4.629834052363924535e+00,-1.907175605115270400e+00,1.769857646236572046e+00
1.480227272861849208e+01,1.306131632022220046e+01,-8.933687312452949669e+00,2.150989056426010126e+00,3.467414877558632758e-01
1.876463190633765876e+01,5.099484256978796815e+00,5.030487092104637625e+00,3.163150637372193152e+00,-5.708301700474259777e-01
1.743785957094089056e+01,-5.941996290616913257e+00,9.892448749133642139e-04,6.471798851178192535e+00,3.421805153677513367e+00
1.795013702373187670e+01,-5.042359596500087804e+00,1.650516951340000205e+00,4.783031284446461306e+00,5.286265906630148059e+00
1.732085030458287278e+01,-4.517615456679298092e+00,2.620633992413524016e+00,4.741633694044644187e+00,3.894416049485083242e+00
1.762607565394846176e+01,-5.676819811862399590e+00,7.378052673880859391e-01,4.256467938658670569e+00,4.501592678368742995e+00
1.817395859804682701e+01,4.297163422097038499e+00,1.861339011348691175e+00,5.663759111178031880e+00,-2.373607769574983095e+00
1.682798405079418202e+01,-6.281544823167999780e+00,-2.344185305745789982e+00,4.766616788883592193e+00,4.493684474276443908e+00
1.824004492282831791e+01,-5.558986913640528549e+00,7.568094548772150709e-01,4.491673185616446240e+00,3.042048700406663198e+00
1.591167889289311432e+01,-8.291520677056348987e+00,-9.616152167204864654e+00,-1.881372412454245246e+00,1.518753889527453271e+00
1.634619801564959829e+01,-4.952754511847658137e+00,-4.509769233857061632e-01,1.765124419765223607e+00,3.116583721111512162e-01
1.496963117066578874e+01,1.184730590952445084e+01,-4.940519690330530622e+00,1.160859388592733410e+01,6.230124597916742779e+00
