2.441827638362730468e+01,-2.905843479964399734e+01,-6.436348786316229642e+00,7.300761371773987207e+00,8.361043123915484543e+00
2.389870853675084916e+01,-3.062425067469387940e+01,-7.063658318509637546e+00,2.613545353841444374e+00,6.072064152590211705e+00
2.464278340911675258e+01,-3.177614131859399649e+01,-6.701164318388678431e+00,1.732412995743027456e-02,9.455307062549033859e+00
2.261714866732964069e+01,-2.901139804149219259e+01,-6.180514534251568826e+00,-9.096132374540375487e-01,7.681065136232509083e+00
2.372215727640093164e+01,-2.735211064966134131e+01,-8.125768705599744735e+00,4.173195283332125527e+00,7.433296894340235106e+00
2.323707374453628915e+01,-3.014224930267369018e+01,-6.699969463002051207e+00,-1.893801894046618362e-01,7.937288339292276618e+00
2.301351821174455381e+01,-3.126952093341008876e+01,-6.636670726992076830e+00,2.974990986222433964e+00,8.698237337173875261e+00
2.146182905183076173e+01,-2.971561482200526783e+01,-6.363667604890451912e+00,2.975951304449086177e+00,4.531193419193906280e+00
2.358688691886857569e+01,-2.973108746346071385e+01,-5.276616231711529714e+00,3.863468402653305933e+00,8.342580426832537199e+00
2.199494269418818249e+01,-3.149872773515050639e+01,-3.645575214197573466e+00,4.327541642089004270e+00,6.082102547895574141e+00
2.111497008362184502e+01,-3.228516450683353867e+01,-6.669409665358442041e+00,4.124567836515741881e+00,4.352058990971283237e+00
2.342398678433929504e+01,-3.308049267440284069e+01,-6.680528674703603009e+00,6.129252611695154229e+00,6.119291567249205421e+00
2.136018695845604398e+01,-2.985242602200864681e+01,-5.861484421202850292e+00,3.361034131787003609e+00,5.627853007645723160e+00
2.369542941056220897e+01,-3.249397553132800454e+01,-7.035617567782428416e+00,6.316569784327660919e+00,6.976161669477088267e+00
2.073253291535256793e+01,-2.981230170805213220e+01,-5.664537020429551539e+00,3.203446711897801169e+00,5.456333659619031273e+00
2.398422837551909481e+01,-3.266601823967887697e+01,-2.137595476035358377e+00,5.626663326394560904e+00,7.044608760770677547e-01
2.138055630705984811e+01,-3.051301354134018595e+01,-7.297409429355663057e+00,3.473570145183088265e+00,3.387795789747360065e+00
2.238053543790049105e+01,-3.209235131370562044e+01,-1.810081880100993912e+00,2.250645612399195361e+00,4.209861460900063079e+00
2.026725687422012001e+01,-3.153151074913251506e+01,-3.227202295740849269e+00,7.160276713013726813e+00,2.363788995013349492e+00
2.592542251118154795e+01,-3.228887487136879031e+01,-2.323909522794831872e+00,8.143614077396984285e+00,1.094294100252608537e+00
2.296810452298442939e+01,-3.351185156103429819e+01,-1.561574694036017341e+00,3.820532279262077058e+00,7.121309874006753748e-01
2.043078535817395647e+01,-3.390148470209029341e+01,-1.705717347262280414e+00,5.111201648254255048e+00,2.220096599681880001e+00
2.338762393295246156e+01,-3.426140438541899869e+01,-1.849207375131603825e+00,5.961759823135456493e+00,2.178917982185823554e+00
2.018112193921395559e+01,-3.055649853034836383e+01,-8.565194704094823974e-01,5.576445367008457055e+00,-3.002952368861226684e-02
2.440582134992516217e+01,-3.323474645896666857e+01,-3.905994977163678605e+00,3.831219067483011109e+00,-1.482673288546835888e+00
2.127560033427251440e+01,-3.150822939454752003e+01,-2.987065304343097805e-01,4.181210491113866112e+00,6.437224646019843455e-01
1.927239676989218609e+01,-3.221578735021451223e+01,-6.038359566359338793e+00,6.716495320837210237e-01,1.218004110070611379e+00
2.234802761986030717e+01,-2.923845613662825826e+01,-5.777892884867066314e-01,2.084331129338670596e+00,-6.131585403048817051e-01
1.988302405504187576e+01,-3.333804456150679130e+01,-3.188085501894596163e+00,-1.172848398784944068e+00,2.114410073629834574e+00
2.236550967386760291e+01,-3.160082957200256004e+01,6.804738297269201722e-03,1.700473091772684242e+00,-2.396224957876788686e+00
1.868011588669255474e+01,-3.171466815976823383e+01,-2.179168038965898280e+00,3.207485453508649442e+00,-5.330677979298465985e+00
2.206122872038064742e+01,-3.278903872588159629e+01,-1.342074524145991488e+00,2.439993354443152462e+00,2.193639519679300598e+00
2.122092145095264115e+01,-2.928009202046250437e+01,-1.625857645525494277e+00,5.055895163828523664e+00,-8.955366359220714445e-01
2.207701535088271427e+01,-3.217115518043808464e+01,1.529684367185519811e+00,3.761396510123661052e+00,-2.350409464731535003e+00
2.288237531419775905e+01,-3.071308994416689941e+01,-1.972766900422939784e+00,1.221552328677435240e+00,-1.733262803787508410e+00
2.174377149289171030e+01,-3.455853740063778190e+01,-7.851941866884655230e-01,2.409913909378713193e+00,2.903219776214576608e+00
2.116744377119787046e+01,-3.279825975158420448e+01,-1.703219994381929947e+00,-1.061897089601150812e+00,1.652910449052280351e+00
2.051003273779373615e+01,-3.357967397196366477e+01,-2.833126009462716421e+00,3.671120504861046019e+00,7.092061586007016860e-01
1.744679835508334520e+01,-3.302503644494252200e+01,-3.824161222408640537e+00,3.313645635383139165e+00,-8.853880406341081422e-01
2.168532680553695258e+01,-3.372977690573395648e+01,-2.548717683459962746e+00,3.058380902541879554e+00,-3.410599968681130800e+00
2.126664781098407175e+01,-3.128361485498181338e+01,-1.968361632178708964e+00,1.502293117916732923e+00,1.350833360738894484e+00
2.164574912022652597e+01,-3.269931796568978655e+01,1.124653889664009254e+00,2.547398893062577940e+00,-3.933466185711991248e+00
1.944423201129814771e+01,-3.064864656453811520e+01,-1.960030664946267986e+00,1.154558184137243482e-01,-2.889153448784302025e+00
1.932338339259468540e+01,-3.335473252418496060e+01,-9.978459471802968439e-01,8.744582669738478753e-01,-1.276041642295133505e+00
1.904115524098113355e+01,-3.142575664397807955e+01,-3.355125857743567419e+00,3.800455232780165282e+00,-2.063744555715211870e+00
1.852349073136899804e+01,-3.163913508435862099e+01,-1.851396437986729593e+00,8.502960859037417274e-01,-3.486449573725709961e+00
2.314515642942524565e+01,-3.065709317804060774e+01,5.803492230574177624e-01,-1.022290215148563997e+00,-1.912728731379764957e+00
2.187391244256740919e+01,-2.977768082545875927e+01,7.409846520427317007e-02,9.704466833481325549e-01,-6.322304592087827579e+00
2.200856134488105198e+01,-3.038579111058168536e+01,-3.358572960762118864e+00,-1.494046087323429139e+00,-3.404411818100522513e+00
2.266331674166400134e+01,-3.119491983139055336e+01,9.796635413538600234e-01,-3.339047670615953756e+00,-1.187653869895450409e+00
2.442798634672643487e+01,-2.590487862779247052e+01,3.059606454673006848e+00,2.167841398558784505e+01,-6.867132192313559536e+00
2.058798460116096507e+01,-3.283842380863685406e+01,-1.424962321387827302e+00,-4.435010763302764669e-01,-4.047833976144429968e+00
2.110896927399048195e+01,-3.286146087160788198e+01,-1.597522747880878224e+00,-1.810191637242251073e+00,-1.739960889558025192e+00
2.353219984465642867e+01,-2.540861682390373488e+01,9.792202065692861002e-01,2.349957947099287736e+01,-1.074859444097140226e+01
2.153429276717978524e+01,-3.380991425858454846e+01,-7.036538848134408219e-01,-5.269704657437150885e-01,-3.886951282567170374e+00
2.234393791476103885e+01,-3.263391787479881145e+01,-1.491303352882733080e+00,-3.154730206872180531e+00,-4.936125824292428632e+00
1.865460030153523618e+01,-3.074423696576088716e+01,-3.025083354745748743e+00,2.052526099072017884e-01,-3.018842212408862302e+00
2.248736675200148483e+01,-2.811565144684271900e+01,1.673923031809711137e+00,2.156053637485799612e+01,-7.177425236080032356e+00
2.530723935912805089e+01,-2.545847481213750285e+01,3.162114195737646849e+00,2.165541482822101926e+01,-6.379225226023428341e+00
1.902032422122117339e+01,-3.066615847349853397e+01,-5.012701414485261076e-01,-4.129813577219298537e+00,-3.442897747582686296e+00
1.833697193767752864e+01,-3.233353537432777358e+01,-1.984276245039895636e+00,-2.184317769826787714e+00,-1.995604187389714346e+00
2.088997718456298358e+01,-3.015019246823139198e+01,9.444894691944515364e-01,-3.763785589106228180e+00,-4.739436265596358666e+00
2.195209079931253271e+01,-3.192920945291554347e+01,-3.799788234643976526e-01,-3.557315299854246327e+00,-7.918783506041544573e-01
1.963780101610355899e+01,-3.179001334436697235e+01,1.699568177389747969e+00,-2.223237528439789834e+00,-3.965408339285577011e+00
2.161785042087521092e+01,-3.233068708032288185e+01,-1.356555328242840863e+00,-4.007091950047260376e+00,-3.383905191823597391e+00
2.272496965743894748e+01,-3.213183818750814424e+01,1.230556362924034142e+00,4.446933865642890282e-01,2.853585074383110376e-01
1.778315771774300913e+01,-3.268647711217872853e+01,-2.643598917752421951e+00,2.689674566795927646e-01,9.125067253569147940e-01
2.013904333886774367e+01,-3.286740863524313738e+01,-2.374571976522554806e+00,-1.119803584204758895e+00,-1.128367681985100512e+00
2.242938543525752237e+01,-2.603153012693111279e+01,1.459172426299697456e+00,2.269803059040713222e+01,-6.413500133585277929e+00
2.124604150927864055e+01,-3.392411896017708983e+01,2.463527378520036226e+00,-1.640663075242819291e+00,-5.082782241226427189e+00
2.082241542222169173e+01,-3.523083062263508936e+01,-1.107484143734359217e+00,8.185854696781036388e-01,-3.532671473290806663e+00
2.100985089596256472e+01,-3.388071998078193303e+01,8.657791680979086413e-02,-9.008424746684330353e-01,-7.390038701312190428e-01
1.930355990068227001e+01,-3.300795910526247923e+01,-2.114934294438676421e+00,9.077734590480368571e-01,1.247897109943878036e+00
2.052137642489802971e+01,-3.382751074563572047e+01,-1.820234314604738168e+00,-1.928980443288897728e+00,-9.528835636379224816e-01
1.962340189411748170e+01,-3.096910062786740880e+01,-3.048134487262190273e+00,-1.774379883763607391e-01,-9.433404177925955869e-01
2.122362475128147352e+01,-3.230224130494445234e+01,1.374073068093761840e+00,-5.335914355992874558e-01,-2.021096472016582268e+00
1.922869800804592444e+01,-3.341151891567971433e+01,-2.068480830912641011e+00,-1.259607872576754550e+00,-9.208387690734901598e-01
2.303321139092414427e+01,-3.401003186075291751e+01,-4.853517121301698101e-01,-2.454848729107353744e+00,-9.882565632771661557e-01
2.062555805555406607e+01,-3.374475689399827161e+01,-1.537314221340354337e+00,1.946648715736678970e+00,-8.644929768439083562e-01
2.053895388876140515e+01,-3.245698781506347075e+01,-5.673872840199880585e-01,-4.308820155829979015e+00,2.507659267426577410e-01
2.155759610898499901e+01,-3.404109038435782963e+01,-1.544920992847421903e+00,-1.391050857896399373e+00,-9.282944169505821241e-01
2.140100363652062043e+01,-3.338966749847944016e+01,-5.400423561605970368e-01,-2.949036773612618401e+00,-4.194346437268512418e-01
2.103518943297075339e+01,-3.450901458195694005e+01,-7.494919972751206139e-01,-2.757672780263954238e+00,-9.600123970337154367e-01
2.226121643969976915e+01,-3.254303163969795065e+01,-9.088542721922017176e-01,-1.913931907450415970e+00,-3.537396684260837976e+00
2.466279179007990408e+01,-2.689558733531286450e+01,2.634974292889462166e+00,1.887456661690179516e+01,-5.869851302300403084e+00
2.565462939645099283e+01,-2.624829040179522721e+01,3.538561662001054486e+00,1.798628506196937948e+01,-8.505908635853456801e+00
2.041929878716337399e+01,-3.523197796203461962e+01,-6.375975401032640821e-02,-2.433048280970873112e+00,6.908684054266366337e-01
2.233756227812772721e+01,-3.235132461544944960e+01,1.886701234142146077e+00,-3.553841350613993644e+00,-4.055805461510269438e+00
2.294469778465797916e+01,-3.246758022512180020e+01,-1.566084143636437442e+00,-1.571626458497769052e+00,-2.580281933922534687e+00
2.412261451504263121e+01,-3.302500532498795849e+01,2.012851855731417339e-01,-3.622464096508323461e+00,-3.733506718149212755e+00
2.368347989891522332e+01,-3.344314993750240461e+01,-3.362438719135927290e+00,-6.640231955320497370e+00,-2.002850672531382603e+00
2.226551271645532282e+01,-3.475489199547271113e+01,1.233551580021005734e+00,-4.568296569739906055e+00,-2.932649518443650294e+00
1.946045507829792953e+01,-3.435534101267527518e+01,-2.421042717120028165e+00,-3.578196233203725818e+00,-1.553406819811707251e+00
2.511713433749673285e+01,-3.039797313036457993e+01,5.123730647661719040e+00,2.358793917923123828e+01,-1.062900464116540533e+01
2.229628860293739834e+01,-3.251517663274356096e+01,3.235637836952103830e-01,-5.146763856909016610e+00,-1.306430435876720475e+00
2.061723727072689627e+01,-3.403842086139894718e+01,-2.631810708110531749e+00,-3.399828982584288006e+00,-1.466954094688336152e+00
2.209270757988734957e+01,-3.296923544688052488e+01,-1.763455558532257994e+00,-2.988524377732076687e+00,-1.826221721241911178e+00
2.191132089748301581e+01,-3.522572774330022582e+01,-1.707263431647952356e-01,-7.411276780958921950e-01,-4.493491515662253910e+00
2.154183464117411617e+01,-3.135129443267301497e+01,4.320812904269704657e-01,-1.276289249662603931e+00,-1.910810410838558182e+00
2.286167259635640647e+01,-3.427580824145470473e+01,-6.350435237829274993e-01,7.994474299935971917e-01,-4.930305939206226284e+00
2.326818748186350305e+01,-3.287699620872530204e+01,-3.317516183221279835e+00,-4.774783703148346298e-03,-2.081717257494228868e+00
2.109640882254224081e+01,-3.155199996403460716e+01,-2.364523153098729846e+00,1.631119198426271621e+00,-2.604017410221562301e+00
2.404441841613275699e+01,-3.127232119120460041e+01,-3.507592029431019665e+00,3.209119430065112133e-01,-3.064793613325108357e+00
2.303195420223780587e+01,-2.769241181479276648e+01,-1.859778046864671630e+00,-2.590049462277687731e+00,-1.901072359482906649e+00
2.277177643091053838e+01,-2.716595139401520598e+01,-3.941503612108143706e+00,-9.247097550335895422e-01,-3.141461307772692724e+00
2.604834149394614684e+01,-2.546487898565285235e+01,-2.929727786799785072e+00,-6.375841706453413416e+00,-4.646144809635192274e+00
2.581580324603104160e+01,-2.665043580812336899e+01,-7.131732197051634969e+00,4.427709277388488518e-01,-6.713477111085421889e+00
2.366133566565625657e+01,-2.309911767349092315e+01,-4.029753969709597428e+00,-6.806589541862624770e+00,-5.659570041316609235e+00
2.607579264973512423e+01,-1.930794941617685723e+01,-6.483121749383127685e+00,-1.918618688642103054e+00,-7.851117844833646942e+00
2.702261399443408152e+01,-1.559302872110967542e+01,-4.574404559436726636e+00,-2.572235733862202167e+00,-1.095000982619836272e+01
2.625845049522298424e+01,-1.535165660791731490e+01,-6.270054025531917041e+00,-6.102357151213957387e-01,-1.240589497784089090e+01
2.646023294759975641e+01,-9.983640072399023069e+00,-1.869016836301554463e+00,-1.915257239531815259e+00,-1.185030912556739047e+01
2.626237318515452301e+01,-1.010106130473158181e+01,-5.763685477537422663e+00,-3.212249344814694041e+00,-1.471879111670021167e+01
2.751944449440465235e+01,-3.177743524747075998e+00,-3.181723834559435193e+00,-6.963198550068534942e+00,-1.240272319448534155e+01
2.497458273058717637e+01,-3.975817390191132006e+00,-2.122066831980526480e+00,-6.651613100907744602e+00,-1.346729304122465187e+01
2.789808785959666082e+01,9.474380188624851318e-01,-3.193912661602386738e+00,-9.587108196416762596e+00,-1.554570013216975610e+01
2.891027004302299730e+01,1.341104771055786182e+00,-4.610924258131832154e+00,-9.160275505287511777e+00,-1.667181255177909804e+01
2.817050914163002773e+01,2.834259462584728162e+00,-4.370040394696308894e+00,-1.039160824295600527e+01,-1.551053556153394020e+01
2.825159577415388057e+01,5.108563826043332590e+00,-5.789938743561346968e+00,-1.103963220072467344e+01,-1.473190176754138747e+01
3.089015169163541685e+01,8.003054755968465273e+00,-5.878256668446061317e-01,-1.244637450882584773e+01,-1.777457613174217954e+01
3.446661891548795609e+01,1.219580660711520892e+01,6.919893214661146930e-01,7.219526856243872359e+00,-1.924732354083051789e+01
3.529766235910311423e+01,1.020357171740639401e+01,-2.413338364511837586e+00,-1.624841825820502805e+01,-1.861984960331627192e+01
3.655082686309212647e+01,1.381505162275992049e+01,-3.028213495619411333e+00,6.222860290327468569e+00,-2.031778689243268587e+01
3.766454658732438787e+01,1.456625194618446884e+01,-5.736649026858713363e+00,-1.756364902215337409e+01,-1.994094562168243812e+01
3.963609992688184747e+01,1.620519941601589409e+01,-7.714722664578767208e+00,-1.777107591659909858e+01,-2.043961543229742617e+01
4.496358991628264334e+01,2.348053285786557609e+01,-5.197102679510829049e+00,5.878084485959615080e+00,-2.370594328908878978e+01
4.449983998014185715e+01,1.578311166716894931e+01,-9.113990811512319823e+00,-1.729995676287575890e+01,-1.794467124835987448e+01
4.805839783577336988e+01,2.549155913254262984e+01,-9.135961397968493714e+00,9.172566140360832065e+00,-2.474729881315596458e+01
4.691873542331110514e+01,1.776680226754356084e+01,-9.868978051700848297e+00,-1.612342225088059777e+01,-1.704769997867130016e+01
4.904206482703201431e+01,2.228319703660520545e+01,-7.407632750770900110e+00,-2.204923661551381642e+01,-2.025370444104382273e+01
4.988250731561494433e+01,2.791799856290649373e+01,-5.900053028859125526e+00,6.218985888095275527e+00,-2.202481020030804260e+01
4.765271160008466467e+01,2.442547235962946672e+01,-7.668056272876102142e+00,-2.322470366066841407e+01,-1.886219363104398639e+01
4.629990560572640135e+01,2.505787893659990573e+01,-8.836448431338817855e+00,-2.529686997028085571e+01,-1.535562485607296601e+01
5.127136912169045502e+01,3.222219023019962236e+01,-6.465856890059271223e+00,9.974306228435818322e-02,-2.015707258073795316e+01
4.962252249422996897e+01,3.165280952846369900e+01,-6.079106661712077475e+00,1.788167710878648675e+00,-2.103825357799337681e+01
5.069392303236001851e+01,3.359401294793010351e+01,-6.949877817947125891e+00,-2.349906932031226958e+01,-1.631364686658434948e+01
5.336957698993173693e+01,3.606399323687573144e+01,-7.647004492506617623e+00,4.777194117512228111e+00,-2.132150759045519450e+01
5.091621566889371309e+01,3.418426904783132159e+01,-7.092790867918862929e+00,-2.083604010907428972e+01,-1.547872152077151320e+01
5.140778946895097334e+01,3.062113665657314954e+01,-8.505859334572900110e+00,-1.682685638058707767e+01,-1.336831795500325804e+01
5.029368519964408080e+01,3.216308061767435333e+01,-6.611332623648126017e+00,-1.484935797075754493e+01,-1.283335858168289612e+01
5.330655825951556892e+01,2.840667716686556687e+01,-1.014118792280264181e+01,-1.056560776297002313e+01,-1.012495106538560385e+01
5.273844077619126125e+01,3.286255407865355949e+01,-7.260709935159649575e+00,1.556193787338800938e+01,-1.338352804510200578e+01
4.956470921848537614e+01,2.500042341770504351e+01,-1.230521524382019116e+01,-8.281476919836705974e+00,-5.116165983440176923e+00
5.204495931019724253e+01,2.599081952920252192e+01,-1.258150532268746780e+01,-5.853677183364768943e+00,-4.190128853380222118e+00
4.981277951243178137e+01,2.199531366388012898e+01,-1.558862932266216283e+01,-5.365937377142341091e+00,-1.385334288467136465e+00
5.371109410148516616e+01,2.570010703033080190e+01,-1.395925689539361869e+01,-4.430203373192751037e+00,3.591934865721015502e+00
5.510524069589929752e+01,2.695709948344833151e+01,-1.507815669557648697e+01,2.233712149229978650e+01,1.154796238143404263e+00
5.713288466984231917e+01,2.915498302259198837e+01,-1.340357640835239295e+01,2.358393464302294973e+01,3.743531586248185050e+00
5.367990361731737181e+01,3.021032539317796051e+01,-1.487116395790881995e+01,1.911203983630621295e+01,3.869502872959925455e+00
5.250914455143666970e+01,3.091658629446439122e+01,-1.184340628624446801e+01,-5.239633432994963869e+00,8.749251879560718592e+00
5.028890970098494506e+01,2.769406959180416194e+01,-1.426656898690623443e+01,-9.790902486329557064e+00,1.051808400831875545e+01
5.244820918024281298e+01,2.552952333793239958e+01,-1.220887451640482801e+01,-7.739688899858208515e+00,9.764460278583918296e+00
5.232270369290673528e+01,2.807768533356860274e+01,-1.247891611105711540e+01,-7.215157809887632112e+00,1.455883341186779134e+01
5.426640001136397018e+01,3.542783097562380590e+01,-8.023422479034504562e+00,2.034938700087528574e+01,9.671649598373033285e+00
5.247384605191350460e+01,2.956795789157463261e+01,-1.431975974843141763e+01,-1.746831452614941105e+00,1.836149645111834872e+01
5.193652296129826595e+01,3.442335833016893787e+01,-1.192190135612177393e+01,-2.727559444858436155e+00,1.843740888637210418e+01
5.336087931224552250e+01,3.346825664779400711e+01,-1.431652436727378408e+01,-1.654161551547594922e+00,1.994901766632479578e+01
4.808088202496536212e+01,3.222357805773062722e+01,-1.395217755413634819e+01,-3.709703697858278915e+00,2.022896975194545277e+01
5.272877193410582208e+01,3.569554529395099252e+01,-1.193696724788246399e+01,2.410452550164654184e+01,1.259559455530607686e+01
4.969855083934987761e+01,3.348611786258174305e+01,-1.232195948981491718e+01,-2.277177395110370650e+00,2.138817747930062296e+01
4.899274642104116850e+01,3.277522816949462481e+01,-1.435794927206139882e+01,-4.682232654562907825e-01,1.944509438139702340e+01
5.289450396144355437e+01,3.186658145425657196e+01,7.829597246210191486e+00,2.323753322945887874e+02,3.370699261286870807e-01
5.291278173755867442e+01,3.359598274760070069e+01,-1.113378886965144687e+01,2.318733439442605615e+01,1.482354137294419516e+01
5.176152712187213467e+01,3.098331812738861402e+01,-1.147187935365127309e+01,-1.457680970444391155e+00,1.878741752728579684e+01
5.182946436059045681e+01,2.649776091819439472e+01,-1.085042387452307011e+01,1.690782177740870473e-01,1.952999534342646726e+01
5.056989666817971596e+01,2.976290409962410166e+01,-1.038892898561405076e+01,-4.992250357447901576e-01,1.846062590515078483e+01
4.753466713753120132e+01,2.642559181116274658e+01,-1.300181904614207085e+01,1.028444246993216460e+00,1.952099962374242992e+01
5.252948915953418663e+01,2.536578992735904237e+01,-9.298288515101063467e+00,-2.188030893142831612e+00,2.103527364316869708e+01
5.375013858216433249e+01,2.494157981290513959e+01,-1.266545361039340278e+01,-2.539306747429875610e+00,2.317234076457670966e+01
5.648205856288085158e+01,2.438617340755434881e+01,-1.100025197597618565e+01,-4.690608878134772119e+00,2.182002981405175390e+01
5.663299264932605581e+01,2.527210480405801718e+01,-1.317434871535976626e+01,-8.242851482316411182e-01,2.227351738735058362e+01
5.945637569816816637e+01,2.575367874196032858e+01,-1.010933343030594855e+01,-3.604356135372960068e+00,2.299272521691930393e+01
6.044495316484200487e+01,2.269123060659458702e+01,-1.320746783496869625e+01,-2.058422999281763754e-01,2.342875733481179523e+01
6.349694453228780588e+01,3.187103177289471745e+01,-8.932005679592954550e+00,2.156062506581704241e+01,1.401114473820079809e+01
6.312194776247281425e+01,2.283282709473765237e+01,-1.296498076344494521e+01,-1.841824254614049750e+00,2.402474189655858439e+01
6.643328499706426271e+01,2.793356102722507117e+01,-1.077336254694989037e+01,-2.155546420197184343e+00,2.197198079990238284e+01
6.495727888835696717e+01,2.602592886236260838e+01,-9.716427140244295657e+00,-2.116320008198992575e+00,2.169642782676890747e+01
6.397853922038066088e+01,2.205838253927334947e+01,-1.054531824282437036e+01,-3.090802883551865055e+00,1.967507637994392411e+01
6.368366636863571273e+01,2.041709323178297808e+01,-1.007263440993461856e+01,-1.948313718645195425e-01,1.668048508329171398e+01
6.267299196731651989e+01,2.253084068366935355e+01,-9.270003523568197679e+00,-3.746909089079572652e+00,1.594895792981314209e+01
5.880382346996186982e+01,1.948821519657202828e+01,-1.305633050840314446e+01,-2.487702880694889540e+00,1.282349817784959356e+01
6.145869727204822652e+01,2.591813717317614163e+01,-1.195708737370478580e+01,-2.542993394235445237e+00,1.109147435329083109e+01
6.247452054316197945e+01,2.804722548502306978e+01,-1.051183668912311120e+01,1.797178080762516217e+01,1.945919734789729683e+00
6.211112037843474099e+01,2.886606698989587017e+01,-1.286842863844843521e+01,-1.009955990792016811e+00,-2.245233499939476296e+00
6.347790413977666191e+01,2.764024514200597693e+01,-1.462054764836695320e+01,-4.060399658367460418e+00,-6.091388833291246030e+00
6.348331038504049673e+01,3.289468909260608598e+01,-1.050705657970307882e+01,-3.949832579985923964e+00,-9.971124932716511680e+00
6.169246665089495707e+01,2.929366686797160568e+01,-1.100672060363880789e+01,-1.051865448139171200e+01,-1.425627103118839401e+01
6.014031527094812901e+01,3.064026704342063567e+01,-8.658678820476772842e+00,-1.140734299896766935e+01,-1.483187683822050751e+01
5.771294066962175862e+01,3.171438287097427278e+01,-9.116984724450125199e+00,1.099525343596673288e+01,-1.889619677987157331e+01
5.653907616540548986e+01,3.063661230638545518e+01,-1.066772600227463208e+01,-1.572518378719535370e+01,-1.751633215240494579e+01
5.342692268411220624e+01,2.969957870297459124e+01,-1.542518865287400054e+01,-1.509838028760074913e+01,-1.172121711926787135e+01
5.422240790163365887e+01,3.249287794851186106e+01,-6.768906485556903441e+00,1.073863286864257383e+01,-1.674049322686240160e+01
4.447967893244424431e+01,2.081861272625605253e+01,-8.135199910016087443e+00,-1.434291956679764368e+01,-1.451262869168864533e+01
4.094011273216552382e+01,2.008405629584382623e+01,-6.678491341431429973e+00,-1.688111723935554309e+01,-1.442683109337016489e+01
3.791750255736379671e+01,1.535595750732529652e+01,-5.662547200966523420e+00,-1.648890551983880570e+01,-1.542399980625402378e+01
4.085416222018163523e+01,2.380447371070860285e+01,4.592323919211598771e+00,5.359672885593733227e+00,-2.685934681628070209e+01
3.597249438217141915e+01,1.377103834547677153e+01,9.505567220863735400e-01,-2.289314466241195589e+01,-2.397220024602539468e+01
3.134229268631785459e+01,1.385880325081934394e+01,2.260577372463895340e+00,-2.371718516811270305e+01,-2.445329256786273220e+01
3.155015762014931369e+01,8.862310009415693912e+00,3.859465147306976318e-01,-2.154809342858739640e+01,-2.053189040477003857e+01
2.940656610743797117e+01,8.005586054121680561e+00,3.968503568062516695e+00,-1.726930929185705921e+01,-2.277278868695936964e+01
3.298145616829986437e+01,4.239848173853695279e+00,7.624818319640210618e+00,1.079385881293519489e+01,-2.456989443008675522e+01
2.804846793407674355e+01,1.583834857830630494e-01,5.682075284591866726e+00,-1.481116434137213922e+01,-1.855857600660691986e+01
3.094420180145976218e+01,-7.915912187665477440e+00,4.087165232694490946e+00,-1.077330104566003932e+01,-1.652666211852257661e+01
3.037621509870774617e+01,-5.985718745926993378e+00,8.040588417637644980e+00,-9.355262398852561390e+00,-1.488765977188390366e+01
2.948878374738645292e+01,-1.430701300049742208e+01,7.587532929769255752e+00,-6.924349271798038608e+00,-1.145983126789850814e+01
2.996569235441852541e+01,-1.013553240474883843e+01,1.213497006603231654e+01,-5.819015519655196478e+00,-1.023016983435815597e+01
2.571516252675721859e+01,-1.426194448652254465e+01,9.012292125954214583e+00,-3.991882899889513059e+00,-5.322876599736274805e+00
2.153623802605406823e+01,-8.833629437743026003e+00,9.427578171205061253e+00,-1.603213117133780230e+00,-5.905600986454591528e+00
1.729718631142107910e+01,-9.867750773766577055e+00,7.312569883445819485e+00,-3.721924944887876396e+00,-5.244225874770560125e+00
1.614481951961222350e+01,-9.331790316151225007e-01,1.395504652709759164e+01,-3.682383647384491088e+00,-6.503217158763004768e+00
1.217498417538926958e+01,-1.649093954988563704e+00,1.320304818613463027e+01,-5.916785738935556038e-01,-5.520513359127460440e+00
1.244123876095967951e+01,2.902549665360256714e+00,2.291791804211683825e+01,-1.876961516924097850e+00,-2.636964082856712466e+00
9.874222699286889338e+00,2.441171092510722840e+00,2.213142688620256493e+01,-1.040126034908070762e+00,3.164494708674821410e+00
1.222520299103028307e+01,6.852588826660863219e+00,2.543185717726058215e+01,-2.466157216031688471e+00,5.559026370107587489e+00
1.270230438557312347e+01,-1.947793676270237473e+00,3.033485576983782650e+01,-2.893238069593948580e+00,8.561429129244125136e+00
1.548008666396075128e+01,3.983721756246279444e+00,3.327692279508899986e+01,-3.424139612455311177e+00,1.097773719525915581e+01
1.018898027739556511e+01,-3.491319740745472133e-01,3.304631792616375208e+01,-2.117082946890578299e+00,1.400478854082277635e+01
1.163700751705862046e+01,6.164347896981530184e-01,3.659914196213166093e+01,-5.317072913330915362e+00,1.524443341164454324e+01
9.928418059241970184e+00,-3.740907022415830951e+00,3.595532442189592359e+01,-4.356799180969646912e+00,1.634870222801666628e+01
1.014989863470780129e+01,2.669971577007772989e+00,3.877852905540798645e+01,-7.404537199046328233e+00,1.879460655569416616e+01
9.258558871211302943e+00,-3.832579974827487468e-01,3.627040748214303534e+01,-9.106591747973508788e+00,2.274293611864786158e+01
1.087544606001613268e+01,1.840457349982285162e+00,4.013513519511248973e+01,-7.546083670743149341e+00,2.054943380721983104e+01
1.154441738408558926e+01,2.644189853475491514e+00,3.687188482574565285e+01,-5.232646439520561188e+00,2.275690249110223817e+01
1.199420231194142872e+01,5.848627168486793870e+00,3.861833618827869685e+01,-4.743795399572809046e+00,2.278036642074941653e+01
1.018923487848675435e+01,3.788186350828352644e+00,3.638560285881839462e+01,-2.142480701450622416e+00,2.539916967406561810e+01
1.338558497673681558e+01,9.321852332303748767e+00,3.884872767298371343e+01,-6.736462840734399826e+00,2.581775638463194511e+01
1.223685421682934482e+01,6.990889271810809547e+00,3.872767231970644275e+01,-3.258303385978497779e+00,2.404732638999266925e+01
1.035416299275338936e+01,8.518665236426041787e+00,3.931020746017844658e+01,-7.474255766577572402e+00,2.342732151916647609e+01
1.067320482134874204e+01,3.564624795390361811e+00,3.680053646574609161e+01,-6.037165699881796854e+00,2.473691831028766330e+01
1.365727079347514739e+01,8.648266868315882760e+00,3.819432162200445191e+01,-3.998148808665083376e+00,2.447904352539497452e+01
1.076945685875094760e+01,4.093270029344235894e+00,4.034159335102672372e+01,7.367340575367777034e-02,2.635336618440154055e+01
1.469109852874151123e+01,4.973097166084537335e+00,4.172103209790250133e+01,-2.146869550727313669e+00,2.698684883683453961e+01
1.163872615818724299e+01,3.942783540881616755e+00,3.997267268559066622e+01,-2.711518088714819363e-01,2.658727218688923344e+01
1.333912377445194863e+01,6.911786031340577452e+00,3.954786559265040324e+01,-3.776663118736437674e+00,2.739866214310528747e+01
1.064588921395264265e+01,4.031568700855193477e+00,3.938114714342304268e+01,-2.778673110750341513e-01,2.654884940488684464e+01
1.162619631927400121e+01,3.706374294765891086e+00,4.178098890409433608e+01,-2.554024771790103188e+01,3.266544119285820358e+01
1.327473949751171212e+01,2.088089660556991856e+00,3.549425351293755426e+01,6.964905961951760593e-01,2.707088816238042739e+01
1.415157020491480289e+01,8.184887547649529083e+00,3.609414846235503660e+01,-5.103948486241897120e-01,2.281511765453676333e+01
1.012431836524601891e+01,6.089573884769203360e+00,3.522046462402293088e+01,2.251372495175063548e+00,2.272029540893181832e+01
1.417557053135845813e+01,1.078770894001658753e+01,3.891430972327853510e+01,9.302301224361196885e-01,2.064565008646795974e+01
1.137670527627417627e+01,7.286285366240922379e+00,3.170297341465124674e+01,3.881272231841780496e+00,2.344702443895350896e+01
8.136487208087505252e+00,4.143927256835763018e+00,3.346862202355207216e+01,-2.115194572991712008e+01,2.719703955408600748e+01
8.136182030282839150e+00,3.396002134599621414e+00,2.906103933552724428e+01,2.656016864783873555e+00,2.018240333094197325e+01
1.021418129597404878e+01,8.661719655607029722e+00,3.131324417970526497e+01,7.499909820697441276e-01,1.613533453040770738e+01
5.812041283162264982e+00,3.911177933676702523e+00,2.869340390388886419e+01,9.074606343797062991e+00,1.562135619137932352e+01
3.742367573265773295e+00,4.947542253593138817e+00,3.308524116810700377e+01,3.126529427579693987e-01,1.195562178480809479e+01
9.902226127097245589e-01,5.711082462741160271e+00,3.072777268068733747e+01,6.066548756964894373e+00,1.586117816800062563e+01
2.403123909465830099e+00,1.338516090660748681e+01,3.387906445940191702e+01,1.859057562667332020e+00,8.641415111728221632e+00
-5.269762301972748197e+00,7.340934387209039791e+00,3.187661430089050540e+01,3.769801286089930148e+00,1.407037929627334272e+01
-8.471077710575615427e+00,6.741190032944503585e+00,3.252745168262860176e+01,-2.063030632284798571e+01,1.480393098441158095e+01
-8.881892036558362236e+00,1.104955050466699795e+01,3.320199689065497495e+01,7.441488438277496620e+00,4.657122658689416994e+00
-1.400189635212732497e+01,1.776831579447085119e+01,3.277160277861158022e+01,5.705067642710999642e+00,4.537210113959425861e+00
-1.702238422068258927e+01,7.685597865875465118e+00,2.883408688508049522e+01,-1.149227669741943103e+01,5.081265158916792757e+00
-1.454186356560855309e+01,1.196253062838584746e+01,2.850410701647357214e+01,-1.271502213141366511e+01,5.928084262616646782e+00
-1.374110957292699453e+01,1.294488747925861460e+01,2.507193291755203646e+01,1.024826376544085882e+01,1.973760477580694284e+00
-1.243425463762952887e+01,1.410108804795775939e+01,2.534845668955022191e+01,9.245608653158960522e+00,-2.078034000261451020e+00
-1.434238269419101286e+01,1.101270774286372145e+01,2.383294281526221781e+01,7.202904921819345496e+00,-5.311516328269882958e-01
-1.041684055919985141e+01,1.502213307303004086e+01,2.677446090391835654e+01,3.705002971830788194e+00,-1.851058299358308901e+00
-1.526701255402837631e+01,3.396696949175250335e+00,2.197460344673189425e+01,-1.981568232381504657e+01,9.875241902699929852e+00
-7.495287158086014756e+00,1.122058717998813115e+01,2.321839269919915338e+01,-1.373281797329136134e-01,-4.424067165246755584e-01
-1.149505508615648708e+01,5.663388130501481044e+00,1.640568979232580915e+01,2.247114127319749688e+00,-8.358149064849414167e-02
-8.819833907637336878e+00,1.054891847121310100e+01,1.885490544884105901e+01,-2.102058508885856991e+00,-4.619979555168871599e+00
-1.296376859886439448e+01,3.150669917536364828e+00,1.791517742390469081e+01,7.992832565704363068e-01,-4.250766485535580230e+00
-1.323947672919549490e+01,8.133267104663056912e+00,1.709849942410871293e+01,-2.863008718351039761e+00,-8.400985084245615298e+00
-1.499581858083669950e+01,2.082569642516174380e+00,1.418434850427738958e+01,4.231329006330883380e-01,-8.565695974874977026e+00
-1.330751829270541720e+01,1.028383788647584751e+01,1.688094939481484147e+01,-8.589708538245401925e-01,-6.989792152781671319e+00
-1.420190802230586513e+01,1.003057991403540683e+01,1.008010524865497004e+01,5.185666525852261621e-01,-1.051115364758896220e+01
-1.342313918700079078e+01,1.240304476975752124e+01,1.351486118584165119e+01,-5.337827343795799706e+00,-1.400981234443249690e+01
-9.953784547205644984e+00,9.943367937680749336e+00,8.346832978743837117e+00,-4.019912931005622525e+00,-1.468582627425243636e+01
-1.178457309303541933e+01,1.292477911170850291e+01,1.183172629192274172e+01,-4.313138132786765944e+00,-1.292157229189251666e+01
-1.249540051952846298e+01,9.892818591240732928e+00,7.204601597422112924e+00,-3.457033205728582637e+00,-1.005442620016558486e+01
-8.798375914212114068e+00,1.458996817835254944e+01,9.692544876277191079e+00,-5.048397652573748395e+00,-7.791081615039388453e+00
-1.432294643818969249e+01,7.804132477168244542e+00,7.491306123039732867e+00,8.970984908059680407e-01,-8.058518193992982859e+00
-1.202957541817588982e+01,1.336863713510731522e+01,8.605482049890914809e+00,-2.270732178640921806e+00,-1.032916722347142802e+01
-1.676253216730777496e+01,9.576676677319603925e+00,4.934533304371021778e+00,1.116368259195869572e-01,-1.168074608160973327e+01
-1.765280556997960559e+01,1.176232764871801706e+01,6.185579443675552014e+00,-1.619033824827584622e+00,-1.263520826506229788e+01
-1.681850383114835523e+01,6.446256213906268684e+00,6.291268787236429461e+00,-9.728118627299149335e-01,-1.455555427505846566e+01
-1.981355833929736221e+01,1.011872183332080333e+01,8.032443808440353550e+00,-7.773873370990157516e-01,-1.531859775265977142e+01
-2.239715989244285410e+01,1.120099627500015593e+01,1.343859811143592609e+01,-5.935155669515215227e-01,-1.669233161413536948e+01
-2.350830832770131451e+01,5.394877504840894566e+00,8.631960276889778072e+00,3.117022343638904847e+00,-1.486506418082969461e+01
-2.205739691514740741e+01,7.890854075815134649e+00,1.197177450572487167e+01,-1.180518916880927804e+00,-1.087968111011150363e+01
-2.538486158613730836e+01,3.329852681611029652e+00,1.166650523282199003e+01,2.054324215230098005e+00,-1.291054970694213111e+01
-2.434434263448113001e+01,7.206850782294559998e+00,1.437332331151876730e+01,1.656807092245718149e-01,-1.463297854251231733e+01
-2.625530267657756056e+01,2.492416905387639936e+00,1.235338716811531157e+01,3.361566164540447765e+00,-1.219884918180760458e+01
-2.345316050226208660e+01,7.919511187689925791e+00,1.334801913067921397e+01,-1.194574209208735915e+00,-1.210658024125911858e+01
-2.307384196282930588e+01,3.773754336693334377e+00,1.190495552390771294e+01,1.519474441699375289e+00,-1.188005728759065782e+01
-2.363727438439360640e+01,8.493288220212507511e+00,1.395122323720349300e+01,-1.370227656944995598e+00,-1.342736593420400659e+01
-2.323631312422596551e+01,7.363139921447995562e+00,1.287690610621029741e+01,5.717734210395457595e-01,-1.344345421725071787e+01
-2.676646661416462081e+01,5.556298550610052622e+00,1.468868832745819120e+01,-2.192495971534063770e+01,-9.691378188629483859e+00
-2.432282810285041208e+01,5.458936069161994808e+00,1.442642183194146099e+01,4.158297014146546289e+00,-1.357291520540166374e+01
-2.327381347192452665e+01,1.067459691481768047e+01,1.526480942259157381e+01,5.405568813153752705e-01,-1.441377241025078249e+01
-2.710733701939845375e+01,5.930650846650109109e+00,1.415911671257354421e+01,-1.574767962862569481e+00,-1.240514303540642338e+01
-2.716470601729628243e+01,1.213528996360460077e+01,1.720163297802777080e+01,-9.853099035888495116e-01,-1.489812459939593481e+01
-2.869299563878488257e+01,7.839275111029722964e+00,1.306141382717948574e+01,1.853293135474895825e+00,-1.472514185883254179e+01
-2.575456755305560463e+01,1.092104800728198022e+01,1.511320999335086235e+01,1.972369904811172248e+00,-1.518890277353307638e+01
-2.746811206905469760e+01,5.337743906719861542e+00,9.759190351549980491e+00,4.925840348109539413e+00,-1.240980479743151754e+01
-2.638823123621470046e+01,1.029245689407185083e+01,1.422513824762785362e+01,7.348715184929013322e-01,-1.469222554868152208e+01
-2.901097832633479356e+01,7.141259219206292919e+00,9.087564288751970309e+00,4.414268489596256728e+00,-1.253355278228070446e+01
-2.773000272780166142e+01,1.019329156113469104e+01,1.507350725166939753e+01,8.974867290925742092e-01,-1.719792325175507841e+01
-2.806742078892841619e+01,5.583839683365382278e+00,8.221770276926124055e+00,-2.271880511974161188e+00,-1.418987778599420757e+01
-2.436186627834887020e+01,1.006345162116492453e+01,1.123474464499112102e+01,-2.153438706751030995e+00,-1.296900499484779345e+01
-2.828817053330541853e+01,6.665760564040015268e+00,7.738140965157699114e+00,-1.539046723284985596e+00,-1.238504008123859812e+01
-2.668982610525487686e+01,1.046936054323409415e+01,1.061087772986772748e+01,-4.087697257471603507e+00,-1.802575480358196458e+01
-2.535220658916944103e+01,6.126200760643403243e+00,1.052815384179389646e+01,-1.821073300980908138e+00,-1.615425857213534400e+01
-2.706712722721769993e+01,1.059183765518337239e+01,1.013441408623281781e+01,-2.637042843104640877e+00,-1.543678472173963279e+01
-2.772948034671191664e+01,6.891165184432226809e+00,7.841755461009334738e+00,-2.107845239149966243e+00,-1.358929825389824231e+01
-2.640577565504631963e+01,1.177383270654538450e+01,1.174270316798806846e+01,2.472031478963866158e-01,-1.658649715740118324e+01
-2.734968683567244696e+01,6.267657212710348702e+00,6.653663595229262206e+00,-3.233821800069205943e-01,-1.518605487115055297e+01
-2.594768833480782888e+01,9.032998890412082815e+00,1.062344177129014788e+01,-1.430520933874678047e+00,-1.669415812171662594e+01
-2.997341612641777076e+01,5.991149256105494203e+00,7.725201958642147204e+00,-1.585444169821683680e+00,-1.595547324639105113e+01
-2.664507107225273685e+01,7.950616120705274348e+00,9.400115511167001614e+00,-3.171530674653409765e+00,-1.495496732757831282e+01
-3.118634687440305697e+01,6.086993201751596416e+00,8.800159938264236814e+00,-1.045222646157493385e+00,-1.453865636813347528e+01
-3.111165083604240067e+01,7.779040077261428543e+00,6.414098009609917384e+00,7.326575155180041765e-01,-1.539464993874031151e+01
-3.238232114106943271e+01,4.285120702635063061e+00,4.152418552026803766e+00,3.085112453127921484e+00,-1.340033351496766301e+01
-2.948642820920584029e+01,7.172925407239573836e+00,8.711927363281038339e+00,-1.462036201791326873e+00,-1.470788030659945456e+01
-3.007042137817099814e+01,4.314280182602137970e+00,6.315622999555073669e+00,1.264688185032809331e+00,-1.263879794697812997e+01
-2.980392698979151689e+01,4.068362073846917504e+00,7.160740029265586948e+00,-4.955289811722186855e+00,-1.105911567167275145e+01
-3.347438923237714903e+01,2.315455267755144764e+00,5.901290018478235311e+00,-2.709940517487643419e+00,-9.423942112995273845e+00
-3.025138380120488080e+01,5.193543422675823251e+00,8.811562135463125500e+00,-2.651366895910565624e+00,-1.242841096956040658e+01
-3.487614025851770094e+01,3.724009099415996893e+00,5.784179057174751115e+00,3.518604781787624258e+00,-1.107351854677357927e+01
-3.121142384652103630e+01,7.268888662855109928e+00,8.810580562285897699e+00,-2.095417149098665055e-01,-1.392808103765139371e+01
-3.489330743223536757e+01,5.175482126516536496e+00,7.361561906267678701e+00,1.040099282572201966e+00,-1.239211693060675579e+01
-3.180291121946602217e+01,7.091546608757830050e+00,1.095345520664806038e+01,-1.358467246974308429e+00,-1.595469897181997609e+01
-3.314021139913879210e+01,4.358256497863882473e+00,7.875380771384778100e+00,2.312460137701430885e-01,-1.407439086617185175e+01
-3.262860836569871026e+01,9.255667253844679365e+00,1.006076683490970680e+01,1.958695590126533492e+00,-1.086772611622465057e+01
-2.952866092570417678e+01,5.310906694952334917e+00,7.602488351040448400e+00,2.240486408808416208e+00,-1.354505996387741007e+01
-3.062973665829448322e+01,7.800118064329476297e+00,9.497217379654687264e+00,2.673702339753649238e+00,-1.226755439977017659e+01
-3.246771329729938316e+01,4.392179547835046272e+00,8.046968117750390448e+00,3.421467164612989276e+00,-1.031816308718430619e+01
-2.881916422255583043e+01,3.071588673023362137e+00,9.501285170190564955e+00,2.867840198806855589e+00,-1.307400363310595104e+01
-3.143282104838819180e+01,5.899900559374605891e+00,6.873170321855851306e+00,3.609761393223426929e+00,-8.644321278312430579e+00
-3.238617525178261047e+01,3.771551338679707044e+00,6.982337552337482656e+00,1.251124559269817915e+00,-1.070215707214127399e+01
-3.238906997224276552e+01,5.971117527795707147e+00,5.149975832290288658e+00,1.260695834551046168e+00,-8.528867092679087492e+00
-3.172754055453104982e+01,6.290798846818215218e+00,8.067426399173267981e+00,5.183660538303752396e+00,-1.136709346221251060e+01
-3.332602804767498128e+01,5.497541919596091731e+00,4.005949992028553730e+00,5.338306511802341170e+00,-7.009160275201580248e+00
-3.038539573557920548e+01,6.290082971146804702e+00,7.893786310069349277e+00,3.244362331325768345e+00,-9.672355410820907551e+00
-3.073997605707067748e+01,3.627965052981576122e+00,9.553203998831504506e+00,1.388686165146582940e+00,-9.841407494841169168e+00
-3.214635981443808532e+01,7.084048174423677402e+00,1.129653950342270896e+01,4.203695016650164540e+00,-1.117720689708183279e+01
-3.510889546046922760e+01,8.631871252516098991e+00,5.923747239710634105e+00,6.088176062572143721e+00,-6.892595125889894980e+00
-3.445789089183417531e+01,8.449256281701403637e+00,4.247745120521294382e+00,5.165153615598144121e+00,-5.546843585450733194e+00
-3.570269177148328055e+01,1.003373369656424430e+01,6.531906846735428651e+00,5.756993319412708310e+00,-6.108441333656449146e+00
-3.842014096707732307e+01,5.250389918106922238e+00,6.868515846621849441e+00,-2.168088601254495984e+01,-2.407175269314153265e+00
-3.572924878526782067e+01,1.133516754400042537e+01,4.614146560145933051e+00,8.041792456873613659e+00,-5.516318520475876674e+00
-3.195838570361816267e+01,1.271232257373132235e+01,1.019037015983102101e+01,5.375910956018655540e+00,-6.557320015786446632e+00
-3.290581177983203531e+01,1.023238621367471701e+01,1.248835741113387066e+01,4.475262360343173818e+00,-8.496200974375481607e+00
-3.039017612375319288e+01,1.028116049212997751e+01,1.466325549176111487e+01,1.462238484424923435e+00,-9.046201458604828716e+00
-3.239135300540992546e+01,1.087401636407495431e+01,1.242855419551297835e+01,2.771478379872198694e+00,-7.931256056798472009e+00
-2.971967790705249257e+01,1.232702424362044091e+01,1.071932604406309153e+01,2.859188468828479213e+00,-8.216629084469857958e+00
-3.490534826862560180e+01,9.844713598784890607e+00,9.817205943455778794e+00,6.084794319039373178e+00,-6.564713469448731686e+00
-3.372904399178365509e+01,1.037919653366073724e+01,8.753584484861635318e+00,3.219830843020429878e+00,-6.689688919120081678e+00
-3.109761354298539970e+01,1.393511484837394043e+01,9.694843107751026423e+00,4.404083935254606175e+00,-8.158732022274525875e+00
-3.224159716973092316e+01,9.307663144889140483e+00,7.493809214301833777e+00,3.742855065280222604e+00,-6.931485533294155843e+00
-3.035386253815449820e+01,1.261690991398006823e+01,1.007058413760035442e+01,-2.424059071501080687e-01,-7.234595840435557257e+00
-3.433134104755944094e+01,1.177307239395772953e+01,5.673667585666981594e+00,1.596732328831472314e+00,-8.765835114233267333e+00
-3.323859808424603557e+01,5.302157086286959142e+00,6.709236486295149682e+00,-1.956333529679195138e+01,-2.575794006848787898e+00
-2.997598070149589589e+01,1.116830717430620012e+01,3.061177445704446054e+00,7.609690661163902803e+00,-4.453237015909588870e+00
-3.665055725466344683e+01,7.147925283880638858e+00,8.042470579768120631e-01,-1.448850426623808474e+01,-1.285798628121037623e+00
-3.261566503616438695e+01,1.086515343047087612e+01,-7.979511489911823852e-02,4.066905439153843282e+00,-4.488580758509362667e+00
-2.731886677208177261e+01,9.240991956018302034e+00,1.573341222982788334e+00,3.066380673188902062e+00,-7.235563449264250657e+00
-3.223786879315795773e+01,7.446789959368249612e+00,2.797416875504476694e-02,4.549865186696317565e+00,-3.851792074927678389e+00
-2.868119919672152207e+01,9.671178071425732270e+00,1.404645857499941253e-01,4.905049743381630023e+00,-4.133403569456996607e+00
-2.852381340483493588e+01,6.583025110788862655e+00,-4.486293129068085750e-01,4.868233774397062952e+00,-1.897964138056176031e+00
-2.708359442269624040e+01,7.419270434798072245e+00,1.389017675301633448e+00,-8.725848287521542623e-01,-8.001630386785024029e+00
-3.122569730438808833e+01,6.643864471966502983e+00,-3.732145197752096077e+00,2.783121454791583016e+00,-5.116025111611785192e+00
-2.910336062986485217e+01,7.550351649740482785e+00,1.725464790747831989e+00,-2.679293300015355150e-01,-4.706818250839846840e+00
-3.311747105387863144e+01,4.842756490778869605e+00,-1.260901267072027654e+00,6.002054819686414966e+00,-3.449960450563235970e+00
-2.963739167610950886e+01,4.556903463885804584e+00,-1.842144943980895455e+00,1.300020086456546986e+00,-6.090939158168769296e+00
-3.013692037762506359e+01,5.157299958581951671e+00,-7.144455756458949480e-01,3.098040860745996383e+00,-4.549698089585732852e+00
-3.004526611469048092e+01,5.797205778100169127e+00,-2.549458391191674167e+00,2.878664227621462679e+00,-7.044938532764650319e+00
-3.182547394377959193e+01,6.203118198523722704e+00,-3.411885305455845341e+00,6.973102054698520291e+00,-4.675419131687589491e+00
-3.046718153568130205e+01,2.797836717194614575e+00,-2.528981032759026526e+00,6.028362511919381994e+00,-2.573772377625369145e+00
-3.196496089551822095e+01,4.536082891608148593e+00,-3.473027081077109113e+00,5.000106442119608197e+00,-2.717036880531503940e+00
-3.022774074413996814e+01,8.616354297552900832e+00,1.613957110052485433e+00,4.954873823106852093e+00,-5.968355264797329696e+00
-3.131330599617904298e+01,4.995312253161080740e+00,-1.684641523301409372e+00,6.836918894514417921e+00,-5.103832802573197824e+00
-3.306550439414266407e+01,4.998855149675076603e+00,2.132297908525177643e+00,4.204727105611513416e+00,-6.562028891141180154e+00
-3.628601848673285701e+01,2.546747788408505464e+00,-3.238044070116721795e-01,1.328728632657930175e+00,-5.734788220336596964e+00
-3.026839554359352746e+01,7.440798314323527229e+00,3.427140102757270768e+00,1.008506168079857102e-01,-8.747976381238707688e+00
-3.483408465079014604e+01,4.475995817984713021e+00,-2.406966271800279777e+00,3.756110059462438144e+00,-4.880769965914907971e+00
-3.553726428264976533e+01,6.968021550682260035e+00,-6.768981885344423910e-01,3.152623762372165128e+00,-6.395744753327378795e+00
-3.195009507562298623e+01,7.584758196709938671e-01,-1.826865060600643131e+00,3.666790759484407580e+00,-4.590367942267631562e+00
-3.611560594905396471e+01,7.052878106646227607e+00,-4.209045680201877193e-01,3.590182652453994372e+00,-5.083519855418964006e+00
-3.827150815057106570e+01,5.607537001531645693e+00,-3.051080682900916941e+00,3.087818157891796922e+00,-4.008973196238024173e+00
-3.637140299016126477e+01,4.546515612774188142e+00,-4.174202555272747972e+00,5.467835190945913304e+00,-4.098549452383283942e+00
-3.931477853812082657e+01,3.192352417551843402e+00,-6.851550124862836988e+00,6.698071847773502618e+00,-3.276219400458362685e+00
-3.674983987532660024e+01,3.007607274454441537e+00,-6.954787568450308655e+00,6.604446671335828078e+00,-5.370837494766306230e-01
-4.349439197272939595e+01,4.723498836780139598e+00,-9.210140554833881055e+00,8.754219937301616739e+00,4.099266215461389029e-02
-4.041762369176566949e+01,2.489637505232694892e+00,-8.672980278724898184e+00,6.895635275584117707e+00,-1.159396620767203956e+00
-3.694270202644015910e+01,3.475292259957425856e+00,-1.014519549245171781e+01,1.031659939573532370e+01,2.292386233937105389e-01
-3.727496729342473714e+01,3.515558604318133717e+00,-1.079150471429971603e+01,1.220065718176146774e+01,4.227847713281296826e+00
-4.395020824924304748e+01,-1.778271683124773572e+00,-1.342154483750207383e+01,-7.954976234904227894e+00,9.647197819989047574e+00
-4.086413141487265932e+01,3.791597571510194165e+00,-1.028495546711760689e+01,1.351028090203514331e+01,6.054572482792917931e+00
-4.165891487457856357e+01,2.639406760641888283e+00,-1.191969196853418467e+01,1.150219919173244243e+01,1.177818540001152492e+00
-3.653707069286697617e+01,3.831405708103578611e+00,-1.125914913080601210e+01,1.277302085877002824e+01,3.698340151057729841e+00
-3.891619996868269737e+01,6.273904141952272973e+00,-1.112685147374361705e+01,1.030621342799400963e+01,3.791188236536034317e+00
-4.313750237378540220e+01,-5.426281774766082977e-01,-1.541066566967251106e+01,-1.468037317858427926e+01,1.203437228860376074e+01
-4.069816188007801827e+01,2.206031604690569026e+00,-1.099848908156987726e+01,1.045991097809672077e+01,5.985392560324934053e+00
-3.638642511131595825e+01,3.885729977863829454e+00,-9.748635739776753795e+00,1.325079140937413946e+01,4.632357772849583277e+00
-4.521230916470238981e+01,9.939958439424212422e-01,-1.520324349078003046e+01,-1.194145165740799897e+01,1.207257359850291500e+01
-3.440593322246588315e+01,3.262228122544552633e+00,-1.298022695836959528e+01,1.445435212031305738e+01,7.119638216062441849e+00
-4.200532417005010188e+01,9.565955471578255764e-01,-1.303272139860362522e+01,-1.286558554423868728e+01,1.121964207366261412e+01
-3.622046801720367881e+01,4.296303394530937680e+00,-1.316230469607378595e+01,1.278651759891332951e+01,4.772080201998737614e+00
-4.044513532058582683e+01,3.647182394067952860e+00,-1.366448428498153156e+01,1.389193219539291491e+01,4.518011974907771844e+00
-3.626964766123990813e+01,2.225069018385376740e+00,-1.480670201402925912e+01,1.247501166710608445e+01,9.737852305324405933e+00
-3.836815016031850689e+01,3.136044967329019162e+00,-1.435859732539334921e+01,1.209175156757140535e+01,4.532591549385119656e+00
-4.340312253613110016e+01,-5.982100869981861191e-01,-1.732914065087157596e+01,-1.192068028858928663e+01,1.510656457175353751e+01
-3.833842100785332008e+01,3.133135918975506584e+00,-1.506152172351310092e+01,1.109391807651370243e+01,7.774774986413865996e+00
-3.936658935989704133e+01,4.330850404540935727e+00,-1.658123519953078784e+01,9.681921788063215573e+00,8.858569955290537479e+00
-3.825581250252258059e+01,4.270390980890698351e+00,-1.799701290724199154e+01,1.201762864615608351e+01,1.216265685200134961e+01
-3.490275537028708897e+01,1.664280276254045621e+00,-1.542280424727204391e+01,1.022159098138988575e+01,9.454041302051839679e+00
-4.419049163157378501e+01,-1.392601877758932405e+00,-1.906997060112449205e+01,-1.288845806895229451e+01,1.448869196104245205e+01
-4.058799847107302128e+01,-1.019662370145051788e+00,-1.538442680389614559e+01,-1.043022104032309016e+01,1.365554941292942992e+01
-3.998769105239834687e+01,9.684522646391893197e-01,-2.008969265004265736e+01,-1.480757714017535243e+01,8.840106192658257811e+00
-4.118651354352563487e+01,2.920673253676229764e-01,-1.723907683330622831e+01,-1.296611652441765195e+01,9.704831008216231680e+00
-3.685144496146810411e+01,7.548338296691501803e+00,-1.614268685022670269e+01,6.048240356451852762e+00,5.975950909630333818e+00
-3.846292304268240514e+01,-4.206132637148937703e-01,-1.696538274366771049e+01,-1.649174071617492032e+01,9.661991347505184180e+00
-3.716275759023259440e+01,1.176737894792204919e+00,-1.627811394429580716e+01,-1.334537271583410956e+01,1.253230272427913405e+01
-3.403935492579275035e+01,6.315471133340780696e+00,-1.591021937813643206e+01,1.106797098349124653e+01,7.694470276012322252e+00
-3.995159805656695085e+01,1.287701575193699544e+00,-1.782009756080389096e+01,-1.402010304545917307e+01,1.066949052908314854e+01
-3.524433608657360395e+01,-1.653193876415910146e-01,-1.470416981519978350e+01,-1.335574944466431191e+01,1.065894915646365426e+01
-3.869813184759702551e+01,4.475097118089855996e+00,-1.633592546395015077e+01,-1.572870852074492376e+01,1.222138574314663551e+01
-3.670747791524647852e+01,6.031291625238134335e-01,-2.053090697844442047e+01,-1.095389960653931816e+01,1.231302820874877746e+01
-3.330572473990424953e+01,8.403236346010023894e+00,-1.620141722205429957e+01,8.316218123723119859e+00,4.357588256573183827e+00
-3.191923880182054418e+01,7.012041263913051381e+00,-1.410056885361999335e+01,8.769084912756534678e+00,1.825369944124428212e+00
-3.778396249846161936e+01,3.047659888174424569e+00,-1.129145207876233670e+01,-1.843002547518854328e+01,4.461221887818964227e+00
-3.521858992258722765e+01,2.588161514668346985e+00,-1.172242030331672424e+01,-1.426215574709383738e+01,6.561674867419839075e+00
-3.696119934746580782e+01,1.731521747090978280e+00,-1.612440270955478994e+01,-1.614884148408112452e+01,1.050816309642804036e+01
-2.916987466679260166e+01,4.312629312350556354e+00,-1.413017697388015748e+01,8.694611833672029277e+00,5.009047822988052623e+00
-3.330230750401695161e+01,-6.342987347168891343e-01,-1.117059122551688688e+01,-1.357422364863473518e+01,7.575331662962742740e+00
-2.872473244169012929e+01,2.662323369455736444e+00,-1.306085980706368410e+01,6.376979155485447137e+00,1.626504748765297714e+00
-3.472281233330758710e+01,8.068646225095504887e-01,-1.688504674475843004e+01,-2.028944092061023952e+01,1.393952542161067143e+01
-3.063452099122096683e+01,2.784915314292438993e+00,-1.335171745998604820e+01,6.036342576906099211e+00,8.305318583512040220e+00
-2.979885965767870459e+01,3.548691155002283715e+00,-1.522192462427090121e+01,6.020291301156092345e+00,6.225498923842169852e+00
-3.118180860730110737e+01,-8.478981548711119753e-01,-1.678524728995122928e+01,-1.596521887758987468e+01,1.141927032099017403e+01
-3.500059440961678803e+01,9.514005931180146147e-01,-1.885941887025971653e+01,-1.491810507832525978e+01,1.019083099623445854e+01
-2.957261411426102526e+01,1.624524577905495759e+00,-1.384826671707215873e+01,9.006344022609829025e+00,7.222021027134041482e+00
-3.349203851060642023e+01,4.722198767274681241e-01,-1.877309687323884901e+01,-1.785144227374453152e+01,1.197661277487454434e+01
-2.750595754713452834e+01,4.691287529184227090e+00,-1.420072054305413545e+01,8.665296699524390078e+00,8.822541989191449829e+00
-2.801616136701528248e+01,4.427471830172222234e+00,-1.224944492562750220e+01,7.233155291032305811e+00,6.514324049326673638e+00
-2.863659999596785610e+01,2.175729271304612134e+00,-1.516168279809505925e+01,1.151136148064616727e+01,6.496506268840773757e+00
-3.152784916726390207e+01,-1.209812864479871575e+00,-1.892366416950713059e+01,-1.476500576471262072e+01,1.317475718538080187e+01
-3.581341662138337512e+01,4.957601583352423680e-02,-1.925377244969978818e+01,-1.302750997031828106e+01,1.386183554923412231e+01
-3.184129194476689761e+01,-1.116269555974772620e+00,-1.680664303289109895e+01,-1.183499138292522268e+01,9.606572497930047305e+00
-3.378232287873537132e+01,-4.033738158081474623e-01,-1.748562329492419565e+01,-1.454185879132119474e+01,1.433977449905515300e+01
-2.957144371529969007e+01,3.478742407347898080e+00,-1.398966913531147149e+01,9.264730790048242071e+00,7.115220907805143824e+00
-3.059654180380513111e+01,2.961920706511401935e+00,-1.519470541504291639e+01,1.121326260542365993e+01,5.930118785482740407e+00
-3.081512289588333786e+01,-2.495189146390307602e-02,-1.492959533079195111e+01,9.779539218113209031e+00,5.783850317441650013e+00
-2.900064243740633785e+01,6.528096314476874440e+00,-1.722465152686294587e+01,8.717948903101660818e+00,7.550980400064419840e+00
-2.740647840632727039e+01,4.331617918031023251e+00,-1.390813021237710778e+01,9.288844212631646613e+00,4.489581516388907012e+00
-3.230759138825612098e+01,4.013972529569259651e-01,-1.803164459656603924e+01,-1.466439854035821533e+01,1.048416316323096531e+01
-3.222832015623151847e+01,2.245076368741716788e+00,-1.833937612197174616e+01,-1.443733991043913889e+01,1.009322095489666005e+01
-3.019220532300967719e+01,3.471003232781510572e+00,-1.410507245959190925e+01,9.341123227743173274e+00,4.368124379978454819e+00
-3.221147041483627049e+01,-2.355012040451917255e+00,-1.369067755642805650e+01,-1.354357882705494021e+01,7.751263293433767743e+00
-3.069280658337032719e+01,4.146695280707029418e+00,-1.376123399958304461e+01,8.350670999753376122e+00,4.974831006387840482e+00
-3.560165752438214071e+01,-5.053338423574288418e-01,-1.878347985982039248e+01,-1.543995030369119092e+01,1.324291999297614453e+01
-3.050139780291158687e+01,3.546550819090983797e+00,-1.452089303771952622e+01,7.559663448503334493e+00,3.270064871959054820e+00
-3.063728248446537705e+01,5.043494052257964100e+00,-1.474975152493299824e+01,8.863120111928294520e+00,6.049140631000051727e+00
-3.223353177881665488e+01,-2.104184087181934171e+00,-1.465956683120009707e+01,-1.511031264344032010e+01,1.319770671189876410e+01
-2.956809181856313273e+01,2.516309903637193202e+00,-1.428534285937422688e+01,9.285369277024486223e+00,8.292194363846906668e+00
-3.358814713426561127e+01,-2.187264373328457356e+00,-1.574501431623934344e+01,-1.309160662768031180e+01,1.388236671868140171e+01
-3.317626166213621275e+01,1.033990000797701120e-01,-1.548108384170313734e+01,9.426032942993751718e+00,2.884614782532211485e+00
-2.942934963564766448e+01,-5.922506927537313226e-01,-1.324613060138647569e+01,9.859229787740288131e+00,5.642822286459649561e+00
-3.211059143048044007e+01,1.739401807914677800e-01,-1.282327960731269023e+01,9.406933545244088535e+00,4.442667573411387849e+00
-3.009345097865699969e+01,-4.752943888078134727e+00,-1.673670047301559904e+01,-1.495827632812682317e+01,1.204275290636759799e+01
-2.812874329204027291e+01,1.554757831532384449e+00,-1.488398245099986283e+01,6.383917247028310982e+00,8.566065170919603844e+00
-2.956569586376263814e+01,-3.772676052651594697e-02,-1.390779665578096491e+01,5.723431043818698605e+00,6.156295517934411876e+00
-2.836035783725149884e+01,1.369574437860728189e+00,-1.272459257650001341e+01,4.769810380852520737e+00,8.906469318831609527e+00
-3.114076333477836300e+01,3.982843015283954458e+00,-1.395167931277058493e+01,4.544165918107846203e+00,4.553344505541938148e+00
-2.853059481101927730e+01,1.614302303988686127e+00,-1.535073421563718377e+01,5.221656156176718078e+00,6.941012015723385886e+00
-2.815552101983750788e+01,5.753185061853064219e+00,-1.371583238524789827e+01,3.899508832843691764e+00,4.887517670801047487e+00
-3.025805536122619088e+01,1.825252197868100446e+00,-1.240235887237997048e+01,6.938637846740935089e+00,8.040373334976500530e+00
-2.719368705960274468e+01,3.664148611389646426e+00,-1.173941923606077431e+01,4.209727775614413581e+00,9.857191969708068768e+00
-2.904653395184343978e+01,3.281328718294854951e+00,-1.042729641435816923e+01,4.579216103036103824e+00,8.938254061721284671e+00
-2.919004390022995921e+01,3.079734418668762963e+00,-1.400383621030358405e+01,1.087297430245670160e+00,5.522901743921631912e+00
-2.719433082196418283e+01,4.092887293564420048e+00,-1.302897927449405202e+01,6.066800664588235747e+00,1.070556014862074257e+01
-2.817101747303766146e+01,4.278001429372739750e+00,-1.227574015279261666e+01,3.766483534229374097e+00,7.722301310567375232e+00
-3.063817088135898814e+01,3.678128592871896974e+00,-1.272890960582982700e+01,3.090902449354802517e+00,8.185213359884649265e+00
-2.953261899508153832e+01,4.263060112307231364e+00,-1.237220151668274504e+01,7.692877389260438514e-01,8.341532998762147599e+00
-2.726036330274714103e+01,3.270409955891402376e+00,-1.331111646851772612e+01,6.788332147880802303e+00,7.490399868416377949e+00
-2.858993429297420263e+01,1.742152281374642619e+00,-1.321572098597192024e+01,8.075920592995919023e+00,6.496476942274536093e+00
-2.796312172213929159e+01,4.767041334691909604e+00,-1.130296208913054556e+01,6.772865037459124160e+00,6.131095713442364037e+00
-2.775106221206911883e+01,5.296549078103919506e+00,-1.177856471064784749e+01,5.961027312455922988e+00,4.618587672252935761e+00
-3.200245403716149184e+01,-3.436598403068740204e-01,-1.525211006430140159e+01,-1.429336722005460558e+01,9.635472561154880822e+00
-3.340237979605674923e+01,5.130568252233827509e-02,-1.512835625884846991e+01,-1.619939567050096585e+01,9.730130742226025475e+00
-2.939051844742328612e+01,3.840468839098673648e+00,-1.113600534943438092e+01,5.507597735553567908e+00,4.367243568201444326e+00
-3.313176507416213212e+01,-1.372686482713936673e+00,-1.330168404650154379e+01,-1.406031790469999265e+01,7.118691082325563357e+00
-3.407126006712740462e+01,8.715147209527610572e-01,-1.429454679853981958e+01,-1.689295113653227176e+01,8.668749186854768141e+00
-3.163061874966324183e+01,2.637180583083427621e+00,-1.393370106315826185e+01,8.891178349240110634e+00,5.153451267270875213e+00
-3.203124011005233029e+01,-1.915874321036800776e+00,-1.415007894435044378e+01,-1.261822213736193454e+01,1.230363627109612068e+01
-3.180696050056774737e+01,3.160451277533752990e+00,-1.044715755942253566e+01,8.891469600129864759e+00,5.080458928687465736e+00
-3.441389174285457386e+01,-2.952764463369793368e+00,-1.540920045579969333e+01,-1.577966459525760001e+01,1.361504304804710763e+01
-3.514476602987186737e+01,-9.593649581631620293e-01,-1.352924160430240441e+01,-1.497338329190771411e+01,7.939237678306755086e+00
-3.233354872642977540e+01,-2.013195137327711493e+00,-1.510755390821277366e+01,-1.459512503074387268e+01,1.121995874897300460e+01
-3.038894270014794330e+01,-2.191331713465966557e-01,-8.957865636454833691e+00,1.102045868626713165e+01,5.123873135439370508e+00
-2.729847417729417103e+01,1.042843165918043047e+00,-1.139874543117793237e+01,9.437333594892312050e+00,4.772349429598624404e+00
-3.143763067129026112e+01,6.821619804278847843e-01,-1.643286700497471742e+01,-1.338307878958684860e+01,1.084604955124465953e+01
-2.603074605081032544e+01,1.619594249228102800e+00,-1.302624000703855955e+01,9.869282556224318270e+00,7.605255044219290994e+00
-3.224503289574968079e+01,3.610916405691801945e+00,-1.207868862205399729e+01,9.390742709229995100e+00,3.795982878352079926e+00
-2.591494492392866533e+01,1.676154267371908979e+00,-1.290723668905250499e+01,8.524934206010300386e+00,6.821860143938721421e+00
-3.150044110939687059e+01,-8.762266222070275168e-01,-1.360149696452555901e+01,-1.322623725510404213e+01,9.988199039307783522e+00
-2.722936110091825768e+01,4.872214406126325059e+00,-1.237354213355331645e+01,7.064719894773489273e+00,7.762175524413836847e+00
-2.867688239749654144e+01,3.739121894167979576e+00,-1.225358826734329831e+01,8.726337908870082316e+00,7.017532714653975212e+00
